<https://hqdmtop.github.io/hqdm#abstract_object>	<http://www.w3.org/1999/02/22-rdf-syntax-ns#type>	<http://www.w3.org/2000/01/rdf-schema#Class>
<https://hqdmtop.github.io/hqdm#abstract_object>	<http://www.w3.org/2000/01/rdf-schema#subClassOf>	<https://hqdmtop.github.io/hqdm#thing>
<https://hqdmtop.github.io/hqdm#acceptance_of_offer>	<http://www.w3.org/1999/02/22-rdf-syntax-ns#type>	<http://www.w3.org/2000/01/rdf-schema#Class>
<https://hqdmtop.github.io/hqdm#acceptance_of_offer>	<http://www.w3.org/2000/01/rdf-schema#subClassOf>	<https://hqdmtop.github.io/hqdm#socially_constructed_activity>
<https://hqdmtop.github.io/hqdm#acceptance_of_offer_for_goods>	<http://www.w3.org/1999/02/22-rdf-syntax-ns#type>	<http://www.w3.org/2000/01/rdf-schema#Class>
<https://hqdmtop.github.io/hqdm#acceptance_of_offer_for_goods>	<http://www.w3.org/2000/01/rdf-schema#subClassOf>	<https://hqdmtop.github.io/hqdm#acceptance_of_offer>
<https://hqdmtop.github.io/hqdm#acceptance_of_offer_for_goods_part_of>	<http://www.w3.org/2000/01/rdf-schema#domain>	<https://hqdmtop.github.io/hqdm#acceptance_of_offer_for_goods>
<https://hqdmtop.github.io/hqdm#acceptance_of_offer_for_goods_part_of>	<http://www.w3.org/2000/01/rdf-schema#range>	<https://hqdmtop.github.io/hqdm#offer_and_acceptance_for_goods>
<https://hqdmtop.github.io/hqdm#acceptance_of_offer_for_goods_references>	<http://www.w3.org/2000/01/rdf-schema#domain>	<https://hqdmtop.github.io/hqdm#acceptance_of_offer_for_goods>
<https://hqdmtop.github.io/hqdm#acceptance_of_offer_for_goods_references>	<http://www.w3.org/2000/01/rdf-schema#range>	<https://hqdmtop.github.io/hqdm#offer_for_goods>
<https://hqdmtop.github.io/hqdm#acceptance_of_offer_part_of>	<http://www.w3.org/2000/01/rdf-schema#domain>	<https://hqdmtop.github.io/hqdm#acceptance_of_offer>
<https://hqdmtop.github.io/hqdm#acceptance_of_offer_part_of>	<http://www.w3.org/2000/01/rdf-schema#range>	<https://hqdmtop.github.io/hqdm#agree_contract>
<https://hqdmtop.github.io/hqdm#acceptance_of_offer_references>	<http://www.w3.org/2000/01/rdf-schema#domain>	<https://hqdmtop.github.io/hqdm#acceptance_of_offer>
<https://hqdmtop.github.io/hqdm#acceptance_of_offer_references>	<http://www.w3.org/2000/01/rdf-schema#range>	<https://hqdmtop.github.io/hqdm#offer>
<https://hqdmtop.github.io/hqdm#activity>	<http://www.w3.org/1999/02/22-rdf-syntax-ns#type>	<http://www.w3.org/2000/01/rdf-schema#Class>
<https://hqdmtop.github.io/hqdm#activity>	<http://www.w3.org/2000/01/rdf-schema#subClassOf>	<https://hqdmtop.github.io/hqdm#individual>
<https://hqdmtop.github.io/hqdm#activity>	<http://www.w3.org/2000/01/rdf-schema#subClassOf>	<https://hqdmtop.github.io/hqdm#state_of_activity>
<https://hqdmtop.github.io/hqdm#activity_causes>	<http://www.w3.org/2000/01/rdf-schema#domain>	<https://hqdmtop.github.io/hqdm#activity>
<https://hqdmtop.github.io/hqdm#activity_causes>	<http://www.w3.org/2000/01/rdf-schema#range>	<https://hqdmtop.github.io/hqdm#event>
<https://hqdmtop.github.io/hqdm#activity_consists_of>	<http://www.w3.org/2000/01/rdf-schema#domain>	<https://hqdmtop.github.io/hqdm#activity>
<https://hqdmtop.github.io/hqdm#activity_consists_of>	<http://www.w3.org/2000/01/rdf-schema#range>	<https://hqdmtop.github.io/hqdm#activity>
<https://hqdmtop.github.io/hqdm#activity_consists_of_participant>	<http://www.w3.org/2000/01/rdf-schema#domain>	<https://hqdmtop.github.io/hqdm#activity>
<https://hqdmtop.github.io/hqdm#activity_consists_of_participant>	<http://www.w3.org/2000/01/rdf-schema#range>	<https://hqdmtop.github.io/hqdm#participant>
<https://hqdmtop.github.io/hqdm#activity_determines>	<http://www.w3.org/2000/01/rdf-schema#domain>	<https://hqdmtop.github.io/hqdm#activity>
<https://hqdmtop.github.io/hqdm#activity_determines>	<http://www.w3.org/2000/01/rdf-schema#range>	<https://hqdmtop.github.io/hqdm#thing>
<https://hqdmtop.github.io/hqdm#activity_member_of>	<http://www.w3.org/2000/01/rdf-schema#domain>	<https://hqdmtop.github.io/hqdm#activity>
<https://hqdmtop.github.io/hqdm#activity_member_of>	<http://www.w3.org/2000/01/rdf-schema#range>	<https://hqdmtop.github.io/hqdm#class_of_activity>
<https://hqdmtop.github.io/hqdm#activity_member_of_kind>	<http://www.w3.org/2000/01/rdf-schema#domain>	<https://hqdmtop.github.io/hqdm#activity>
<https://hqdmtop.github.io/hqdm#activity_member_of_kind>	<http://www.w3.org/2000/01/rdf-schema#range>	<https://hqdmtop.github.io/hqdm#kind_of_activity>
<https://hqdmtop.github.io/hqdm#activity_part_of>	<http://www.w3.org/2000/01/rdf-schema#domain>	<https://hqdmtop.github.io/hqdm#activity>
<https://hqdmtop.github.io/hqdm#activity_part_of>	<http://www.w3.org/2000/01/rdf-schema#range>	<https://hqdmtop.github.io/hqdm#activity>
<https://hqdmtop.github.io/hqdm#activity_references>	<http://www.w3.org/2000/01/rdf-schema#domain>	<https://hqdmtop.github.io/hqdm#activity>
<https://hqdmtop.github.io/hqdm#activity_references>	<http://www.w3.org/2000/01/rdf-schema#range>	<https://hqdmtop.github.io/hqdm#thing>
<https://hqdmtop.github.io/hqdm#aggregation>	<http://www.w3.org/1999/02/22-rdf-syntax-ns#type>	<http://www.w3.org/2000/01/rdf-schema#Class>
<https://hqdmtop.github.io/hqdm#aggregation>	<http://www.w3.org/2000/01/rdf-schema#subClassOf>	<https://hqdmtop.github.io/hqdm#relationship>
<https://hqdmtop.github.io/hqdm#aggregation_part>	<http://www.w3.org/2000/01/rdf-schema#domain>	<https://hqdmtop.github.io/hqdm#aggregation>
<https://hqdmtop.github.io/hqdm#aggregation_part>	<http://www.w3.org/2000/01/rdf-schema#range>	<https://hqdmtop.github.io/hqdm#spatio_temporal_extent>
<https://hqdmtop.github.io/hqdm#aggregation_whole>	<http://www.w3.org/2000/01/rdf-schema#domain>	<https://hqdmtop.github.io/hqdm#aggregation>
<https://hqdmtop.github.io/hqdm#aggregation_whole>	<http://www.w3.org/2000/01/rdf-schema#range>	<https://hqdmtop.github.io/hqdm#spatio_temporal_extent>
<https://hqdmtop.github.io/hqdm#agree_contract>	<http://www.w3.org/1999/02/22-rdf-syntax-ns#type>	<http://www.w3.org/2000/01/rdf-schema#Class>
<https://hqdmtop.github.io/hqdm#agree_contract>	<http://www.w3.org/2000/01/rdf-schema#subClassOf>	<https://hqdmtop.github.io/hqdm#reaching_agreement>
<https://hqdmtop.github.io/hqdm#agree_contract_agree_contract_part_of>	<http://www.w3.org/2000/01/rdf-schema#domain>	<https://hqdmtop.github.io/hqdm#agree_contract>
<https://hqdmtop.github.io/hqdm#agree_contract_agree_contract_part_of>	<http://www.w3.org/2000/01/rdf-schema#range>	<https://hqdmtop.github.io/hqdm#contract_process>
<https://hqdmtop.github.io/hqdm#agree_contract_consists_of>	<http://www.w3.org/2000/01/rdf-schema#domain>	<https://hqdmtop.github.io/hqdm#agree_contract>
<https://hqdmtop.github.io/hqdm#agree_contract_consists_of>	<http://www.w3.org/2000/01/rdf-schema#range>	<https://hqdmtop.github.io/hqdm#part_of>
<https://hqdmtop.github.io/hqdm#agree_contract_member_of>	<http://www.w3.org/2000/01/rdf-schema#domain>	<https://hqdmtop.github.io/hqdm#agree_contract>
<https://hqdmtop.github.io/hqdm#agree_contract_member_of>	<http://www.w3.org/2000/01/rdf-schema#range>	<https://hqdmtop.github.io/hqdm#class_of_agree_contract>
<https://hqdmtop.github.io/hqdm#agreement_execution>	<http://www.w3.org/1999/02/22-rdf-syntax-ns#type>	<http://www.w3.org/2000/01/rdf-schema#Class>
<https://hqdmtop.github.io/hqdm#agreement_execution>	<http://www.w3.org/2000/01/rdf-schema#subClassOf>	<https://hqdmtop.github.io/hqdm#socially_constructed_activity>
<https://hqdmtop.github.io/hqdm#agreement_execution_member_of>	<http://www.w3.org/2000/01/rdf-schema#domain>	<https://hqdmtop.github.io/hqdm#agreement_execution>
<https://hqdmtop.github.io/hqdm#agreement_execution_member_of>	<http://www.w3.org/2000/01/rdf-schema#range>	<https://hqdmtop.github.io/hqdm#class_of_agreement_execution>
<https://hqdmtop.github.io/hqdm#agreement_execution_part_of>	<http://www.w3.org/2000/01/rdf-schema#domain>	<https://hqdmtop.github.io/hqdm#agreement_execution>
<https://hqdmtop.github.io/hqdm#agreement_execution_part_of>	<http://www.w3.org/2000/01/rdf-schema#range>	<https://hqdmtop.github.io/hqdm#agreement_process>
<https://hqdmtop.github.io/hqdm#agreement_process>	<http://www.w3.org/1999/02/22-rdf-syntax-ns#type>	<http://www.w3.org/2000/01/rdf-schema#Class>
<https://hqdmtop.github.io/hqdm#agreement_process>	<http://www.w3.org/2000/01/rdf-schema#subClassOf>	<https://hqdmtop.github.io/hqdm#socially_constructed_activity>
<https://hqdmtop.github.io/hqdm#agreement_process_consists_of>	<http://www.w3.org/2000/01/rdf-schema#domain>	<https://hqdmtop.github.io/hqdm#agreement_process>
<https://hqdmtop.github.io/hqdm#agreement_process_consists_of>	<http://www.w3.org/2000/01/rdf-schema#range>	<https://hqdmtop.github.io/hqdm#part_of>
<https://hqdmtop.github.io/hqdm#agreement_process_consists_of_>	<http://www.w3.org/2000/01/rdf-schema#domain>	<https://hqdmtop.github.io/hqdm#agreement_process>
<https://hqdmtop.github.io/hqdm#agreement_process_consists_of_>	<http://www.w3.org/2000/01/rdf-schema#range>	<https://hqdmtop.github.io/hqdm#agreement_execution>
<https://hqdmtop.github.io/hqdm#agreement_process_member_of>	<http://www.w3.org/2000/01/rdf-schema#domain>	<https://hqdmtop.github.io/hqdm#agreement_process>
<https://hqdmtop.github.io/hqdm#agreement_process_member_of>	<http://www.w3.org/2000/01/rdf-schema#range>	<https://hqdmtop.github.io/hqdm#class_of_agreement_process>
<https://hqdmtop.github.io/hqdm#amount_of_money>	<http://www.w3.org/1999/02/22-rdf-syntax-ns#type>	<http://www.w3.org/2000/01/rdf-schema#Class>
<https://hqdmtop.github.io/hqdm#amount_of_money>	<http://www.w3.org/2000/01/rdf-schema#subClassOf>	<https://hqdmtop.github.io/hqdm#physical_object>
<https://hqdmtop.github.io/hqdm#amount_of_money>	<http://www.w3.org/2000/01/rdf-schema#subClassOf>	<https://hqdmtop.github.io/hqdm#socially_constructed_object>
<https://hqdmtop.github.io/hqdm#amount_of_money>	<http://www.w3.org/2000/01/rdf-schema#subClassOf>	<https://hqdmtop.github.io/hqdm#state_of_amount_of_money>
<https://hqdmtop.github.io/hqdm#amount_of_money_member_of>	<http://www.w3.org/2000/01/rdf-schema#domain>	<https://hqdmtop.github.io/hqdm#amount_of_money>
<https://hqdmtop.github.io/hqdm#amount_of_money_member_of>	<http://www.w3.org/2000/01/rdf-schema#range>	<https://hqdmtop.github.io/hqdm#class_of_amount_of_money>
<https://hqdmtop.github.io/hqdm#amount_of_money_member_of_currency>	<http://www.w3.org/2000/01/rdf-schema#domain>	<https://hqdmtop.github.io/hqdm#amount_of_money>
<https://hqdmtop.github.io/hqdm#amount_of_money_member_of_currency>	<http://www.w3.org/2000/01/rdf-schema#range>	<https://hqdmtop.github.io/hqdm#currency>
<https://hqdmtop.github.io/hqdm#asset>	<http://www.w3.org/1999/02/22-rdf-syntax-ns#type>	<http://www.w3.org/2000/01/rdf-schema#Class>
<https://hqdmtop.github.io/hqdm#asset>	<http://www.w3.org/2000/01/rdf-schema#subClassOf>	<https://hqdmtop.github.io/hqdm#participant>
<https://hqdmtop.github.io/hqdm#asset_participant_in>	<http://www.w3.org/2000/01/rdf-schema#domain>	<https://hqdmtop.github.io/hqdm#asset>
<https://hqdmtop.github.io/hqdm#asset_participant_in>	<http://www.w3.org/2000/01/rdf-schema#range>	<https://hqdmtop.github.io/hqdm#ownership>
<https://hqdmtop.github.io/hqdm#association>	<http://www.w3.org/1999/02/22-rdf-syntax-ns#type>	<http://www.w3.org/2000/01/rdf-schema#Class>
<https://hqdmtop.github.io/hqdm#association>	<http://www.w3.org/2000/01/rdf-schema#subClassOf>	<https://hqdmtop.github.io/hqdm#individual>
<https://hqdmtop.github.io/hqdm#association>	<http://www.w3.org/2000/01/rdf-schema#subClassOf>	<https://hqdmtop.github.io/hqdm#state_of_association>
<https://hqdmtop.github.io/hqdm#association_consists_of_participant>	<http://www.w3.org/2000/01/rdf-schema#domain>	<https://hqdmtop.github.io/hqdm#association>
<https://hqdmtop.github.io/hqdm#association_consists_of_participant>	<http://www.w3.org/2000/01/rdf-schema#range>	<https://hqdmtop.github.io/hqdm#participant>
<https://hqdmtop.github.io/hqdm#association_member_of>	<http://www.w3.org/2000/01/rdf-schema#domain>	<https://hqdmtop.github.io/hqdm#association>
<https://hqdmtop.github.io/hqdm#association_member_of>	<http://www.w3.org/2000/01/rdf-schema#range>	<https://hqdmtop.github.io/hqdm#class_of_association>
<https://hqdmtop.github.io/hqdm#association_member_of_kind>	<http://www.w3.org/2000/01/rdf-schema#domain>	<https://hqdmtop.github.io/hqdm#association>
<https://hqdmtop.github.io/hqdm#association_member_of_kind>	<http://www.w3.org/2000/01/rdf-schema#range>	<https://hqdmtop.github.io/hqdm#kind_of_association>
<https://hqdmtop.github.io/hqdm#beginning_of_ownership>	<http://www.w3.org/1999/02/22-rdf-syntax-ns#type>	<http://www.w3.org/2000/01/rdf-schema#Class>
<https://hqdmtop.github.io/hqdm#beginning_of_ownership>	<http://www.w3.org/2000/01/rdf-schema#subClassOf>	<https://hqdmtop.github.io/hqdm#event>
<https://hqdmtop.github.io/hqdm#biological_object>	<http://www.w3.org/1999/02/22-rdf-syntax-ns#type>	<http://www.w3.org/2000/01/rdf-schema#Class>
<https://hqdmtop.github.io/hqdm#biological_object>	<http://www.w3.org/2000/01/rdf-schema#subClassOf>	<https://hqdmtop.github.io/hqdm#physical_object>
<https://hqdmtop.github.io/hqdm#biological_object>	<http://www.w3.org/2000/01/rdf-schema#subClassOf>	<https://hqdmtop.github.io/hqdm#state_of_biological_object>
<https://hqdmtop.github.io/hqdm#biological_object_member_of>	<http://www.w3.org/2000/01/rdf-schema#domain>	<https://hqdmtop.github.io/hqdm#biological_object>
<https://hqdmtop.github.io/hqdm#biological_object_member_of>	<http://www.w3.org/2000/01/rdf-schema#range>	<https://hqdmtop.github.io/hqdm#class_of_biological_object>
<https://hqdmtop.github.io/hqdm#biological_object_member_of_kind>	<http://www.w3.org/2000/01/rdf-schema#domain>	<https://hqdmtop.github.io/hqdm#biological_object>
<https://hqdmtop.github.io/hqdm#biological_object_member_of_kind>	<http://www.w3.org/2000/01/rdf-schema#range>	<https://hqdmtop.github.io/hqdm#kind_of_biological_object>
<https://hqdmtop.github.io/hqdm#biological_system>	<http://www.w3.org/1999/02/22-rdf-syntax-ns#type>	<http://www.w3.org/2000/01/rdf-schema#Class>
<https://hqdmtop.github.io/hqdm#biological_system>	<http://www.w3.org/2000/01/rdf-schema#subClassOf>	<https://hqdmtop.github.io/hqdm#ordinary_biological_object>
<https://hqdmtop.github.io/hqdm#biological_system>	<http://www.w3.org/2000/01/rdf-schema#subClassOf>	<https://hqdmtop.github.io/hqdm#state_of_biological_system>
<https://hqdmtop.github.io/hqdm#biological_system>	<http://www.w3.org/2000/01/rdf-schema#subClassOf>	<https://hqdmtop.github.io/hqdm#system>
<https://hqdmtop.github.io/hqdm#biological_system_component>	<http://www.w3.org/1999/02/22-rdf-syntax-ns#type>	<http://www.w3.org/2000/01/rdf-schema#Class>
<https://hqdmtop.github.io/hqdm#biological_system_component>	<http://www.w3.org/2000/01/rdf-schema#subClassOf>	<https://hqdmtop.github.io/hqdm#state_of_biological_system_component>
<https://hqdmtop.github.io/hqdm#biological_system_component>	<http://www.w3.org/2000/01/rdf-schema#subClassOf>	<https://hqdmtop.github.io/hqdm#system_component>
<https://hqdmtop.github.io/hqdm#biological_system_component_component_of>	<http://www.w3.org/2000/01/rdf-schema#domain>	<https://hqdmtop.github.io/hqdm#biological_system_component>
<https://hqdmtop.github.io/hqdm#biological_system_component_component_of>	<http://www.w3.org/2000/01/rdf-schema#range>	<https://hqdmtop.github.io/hqdm#biological_system>
<https://hqdmtop.github.io/hqdm#biological_system_component_member_of>	<http://www.w3.org/2000/01/rdf-schema#domain>	<https://hqdmtop.github.io/hqdm#biological_system_component>
<https://hqdmtop.github.io/hqdm#biological_system_component_member_of>	<http://www.w3.org/2000/01/rdf-schema#range>	<https://hqdmtop.github.io/hqdm#class_of_biological_system_component>
<https://hqdmtop.github.io/hqdm#biological_system_member_of>	<http://www.w3.org/2000/01/rdf-schema#domain>	<https://hqdmtop.github.io/hqdm#biological_system>
<https://hqdmtop.github.io/hqdm#biological_system_member_of>	<http://www.w3.org/2000/01/rdf-schema#range>	<https://hqdmtop.github.io/hqdm#class_of_biological_system>
<https://hqdmtop.github.io/hqdm#biological_system_member_of_kind>	<http://www.w3.org/2000/01/rdf-schema#domain>	<https://hqdmtop.github.io/hqdm#biological_system>
<https://hqdmtop.github.io/hqdm#biological_system_member_of_kind>	<http://www.w3.org/2000/01/rdf-schema#range>	<https://hqdmtop.github.io/hqdm#kind_of_biological_system>
<https://hqdmtop.github.io/hqdm#biological_system_natural_role>	<http://www.w3.org/2000/01/rdf-schema#domain>	<https://hqdmtop.github.io/hqdm#biological_system>
<https://hqdmtop.github.io/hqdm#biological_system_natural_role>	<http://www.w3.org/2000/01/rdf-schema#range>	<https://hqdmtop.github.io/hqdm#role>
<https://hqdmtop.github.io/hqdm#class>	<http://www.w3.org/1999/02/22-rdf-syntax-ns#type>	<http://www.w3.org/2000/01/rdf-schema#Class>
<https://hqdmtop.github.io/hqdm#class>	<http://www.w3.org/2000/01/rdf-schema#subClassOf>	<https://hqdmtop.github.io/hqdm#abstract_object>
<https://hqdmtop.github.io/hqdm#class_has_superclass>	<http://www.w3.org/2000/01/rdf-schema#domain>	<https://hqdmtop.github.io/hqdm#class>
<https://hqdmtop.github.io/hqdm#class_has_superclass>	<http://www.w3.org/2000/01/rdf-schema#range>	<https://hqdmtop.github.io/hqdm#class>
<https://hqdmtop.github.io/hqdm#class_member_of>	<http://www.w3.org/2000/01/rdf-schema#domain>	<https://hqdmtop.github.io/hqdm#class>
<https://hqdmtop.github.io/hqdm#class_member_of>	<http://www.w3.org/2000/01/rdf-schema#range>	<https://hqdmtop.github.io/hqdm#class_of_class>
<https://hqdmtop.github.io/hqdm#class_of_abstract_object>	<http://www.w3.org/1999/02/22-rdf-syntax-ns#type>	<http://www.w3.org/2000/01/rdf-schema#Class>
<https://hqdmtop.github.io/hqdm#class_of_abstract_object>	<http://www.w3.org/2000/01/rdf-schema#subClassOf>	<https://hqdmtop.github.io/hqdm#class>
<https://hqdmtop.github.io/hqdm#class_of_abstract_objectenumerated_class>	<http://www.w3.org/1999/02/22-rdf-syntax-ns#type>	<http://www.w3.org/2000/01/rdf-schema#Class>
<https://hqdmtop.github.io/hqdm#class_of_activity>	<http://www.w3.org/1999/02/22-rdf-syntax-ns#type>	<http://www.w3.org/2000/01/rdf-schema#Class>
<https://hqdmtop.github.io/hqdm#class_of_activity>	<http://www.w3.org/2000/01/rdf-schema#subClassOf>	<https://hqdmtop.github.io/hqdm#class_of_individual>
<https://hqdmtop.github.io/hqdm#class_of_activity>	<http://www.w3.org/2000/01/rdf-schema#subClassOf>	<https://hqdmtop.github.io/hqdm#class_of_state_of_activity>
<https://hqdmtop.github.io/hqdm#class_of_agree_contract>	<http://www.w3.org/1999/02/22-rdf-syntax-ns#type>	<http://www.w3.org/2000/01/rdf-schema#Class>
<https://hqdmtop.github.io/hqdm#class_of_agree_contract>	<http://www.w3.org/2000/01/rdf-schema#subClassOf>	<https://hqdmtop.github.io/hqdm#class_of_reaching_agreement>
<https://hqdmtop.github.io/hqdm#class_of_agree_contract_part_of_by_class>	<http://www.w3.org/2000/01/rdf-schema#domain>	<https://hqdmtop.github.io/hqdm#class_of_agree_contract>
<https://hqdmtop.github.io/hqdm#class_of_agree_contract_part_of_by_class>	<http://www.w3.org/2000/01/rdf-schema#range>	<https://hqdmtop.github.io/hqdm#class_of_contract_process>
<https://hqdmtop.github.io/hqdm#class_of_agreement_execution>	<http://www.w3.org/1999/02/22-rdf-syntax-ns#type>	<http://www.w3.org/2000/01/rdf-schema#Class>
<https://hqdmtop.github.io/hqdm#class_of_agreement_execution>	<http://www.w3.org/2000/01/rdf-schema#subClassOf>	<https://hqdmtop.github.io/hqdm#class_of_socially_constructed_activity>
<https://hqdmtop.github.io/hqdm#class_of_agreement_execution_part_of_by_class>	<http://www.w3.org/2000/01/rdf-schema#domain>	<https://hqdmtop.github.io/hqdm#class_of_agreement_execution>
<https://hqdmtop.github.io/hqdm#class_of_agreement_execution_part_of_by_class>	<http://www.w3.org/2000/01/rdf-schema#range>	<https://hqdmtop.github.io/hqdm#class_of_agreement_process>
<https://hqdmtop.github.io/hqdm#class_of_agreement_process>	<http://www.w3.org/1999/02/22-rdf-syntax-ns#type>	<http://www.w3.org/2000/01/rdf-schema#Class>
<https://hqdmtop.github.io/hqdm#class_of_agreement_process>	<http://www.w3.org/2000/01/rdf-schema#subClassOf>	<https://hqdmtop.github.io/hqdm#class_of_socially_constructed_activity>
<https://hqdmtop.github.io/hqdm#class_of_amount_of_money>	<http://www.w3.org/1999/02/22-rdf-syntax-ns#type>	<http://www.w3.org/2000/01/rdf-schema#Class>
<https://hqdmtop.github.io/hqdm#class_of_amount_of_money>	<http://www.w3.org/2000/01/rdf-schema#subClassOf>	<https://hqdmtop.github.io/hqdm#class_of_physical_object>
<https://hqdmtop.github.io/hqdm#class_of_amount_of_money>	<http://www.w3.org/2000/01/rdf-schema#subClassOf>	<https://hqdmtop.github.io/hqdm#class_of_socially_constructed_object>
<https://hqdmtop.github.io/hqdm#class_of_amount_of_money>	<http://www.w3.org/2000/01/rdf-schema#subClassOf>	<https://hqdmtop.github.io/hqdm#class_of_state_of_amount_of_money>
<https://hqdmtop.github.io/hqdm#class_of_association>	<http://www.w3.org/1999/02/22-rdf-syntax-ns#type>	<http://www.w3.org/2000/01/rdf-schema#Class>
<https://hqdmtop.github.io/hqdm#class_of_association>	<http://www.w3.org/2000/01/rdf-schema#subClassOf>	<https://hqdmtop.github.io/hqdm#class_of_individual>
<https://hqdmtop.github.io/hqdm#class_of_association>	<http://www.w3.org/2000/01/rdf-schema#subClassOf>	<https://hqdmtop.github.io/hqdm#class_of_state_of_association>
<https://hqdmtop.github.io/hqdm#class_of_biological_object>	<http://www.w3.org/1999/02/22-rdf-syntax-ns#type>	<http://www.w3.org/2000/01/rdf-schema#Class>
<https://hqdmtop.github.io/hqdm#class_of_biological_object>	<http://www.w3.org/2000/01/rdf-schema#subClassOf>	<https://hqdmtop.github.io/hqdm#class_of_physical_object>
<https://hqdmtop.github.io/hqdm#class_of_biological_object>	<http://www.w3.org/2000/01/rdf-schema#subClassOf>	<https://hqdmtop.github.io/hqdm#class_of_state_of_biological_object>
<https://hqdmtop.github.io/hqdm#class_of_biological_system>	<http://www.w3.org/1999/02/22-rdf-syntax-ns#type>	<http://www.w3.org/2000/01/rdf-schema#Class>
<https://hqdmtop.github.io/hqdm#class_of_biological_system>	<http://www.w3.org/2000/01/rdf-schema#subClassOf>	<https://hqdmtop.github.io/hqdm#class_of_ordinary_biological_object>
<https://hqdmtop.github.io/hqdm#class_of_biological_system>	<http://www.w3.org/2000/01/rdf-schema#subClassOf>	<https://hqdmtop.github.io/hqdm#class_of_state_of_biological_system>
<https://hqdmtop.github.io/hqdm#class_of_biological_system>	<http://www.w3.org/2000/01/rdf-schema#subClassOf>	<https://hqdmtop.github.io/hqdm#class_of_system>
<https://hqdmtop.github.io/hqdm#class_of_biological_system_component>	<http://www.w3.org/1999/02/22-rdf-syntax-ns#type>	<http://www.w3.org/2000/01/rdf-schema#Class>
<https://hqdmtop.github.io/hqdm#class_of_biological_system_component>	<http://www.w3.org/2000/01/rdf-schema#subClassOf>	<https://hqdmtop.github.io/hqdm#class_of_biological_object>
<https://hqdmtop.github.io/hqdm#class_of_biological_system_component>	<http://www.w3.org/2000/01/rdf-schema#subClassOf>	<https://hqdmtop.github.io/hqdm#class_of_state_of_biological_system_component>
<https://hqdmtop.github.io/hqdm#class_of_biological_system_component>	<http://www.w3.org/2000/01/rdf-schema#subClassOf>	<https://hqdmtop.github.io/hqdm#class_of_system_component>
<https://hqdmtop.github.io/hqdm#class_of_class>	<http://www.w3.org/1999/02/22-rdf-syntax-ns#type>	<http://www.w3.org/2000/01/rdf-schema#Class>
<https://hqdmtop.github.io/hqdm#class_of_class>	<http://www.w3.org/2000/01/rdf-schema#subClassOf>	<https://hqdmtop.github.io/hqdm#class_of_abstract_object>
<https://hqdmtop.github.io/hqdm#class_of_class_of_spatio_temporal_extent>	<http://www.w3.org/1999/02/22-rdf-syntax-ns#type>	<http://www.w3.org/2000/01/rdf-schema#Class>
<https://hqdmtop.github.io/hqdm#class_of_class_of_spatio_temporal_extent>	<http://www.w3.org/2000/01/rdf-schema#subClassOf>	<https://hqdmtop.github.io/hqdm#class_of_class>
<https://hqdmtop.github.io/hqdm#class_of_contract_execution>	<http://www.w3.org/1999/02/22-rdf-syntax-ns#type>	<http://www.w3.org/2000/01/rdf-schema#Class>
<https://hqdmtop.github.io/hqdm#class_of_contract_execution>	<http://www.w3.org/2000/01/rdf-schema#subClassOf>	<https://hqdmtop.github.io/hqdm#class_of_agreement_execution>
<https://hqdmtop.github.io/hqdm#class_of_contract_execution_part_of_by_class>	<http://www.w3.org/2000/01/rdf-schema#domain>	<https://hqdmtop.github.io/hqdm#class_of_contract_execution>
<https://hqdmtop.github.io/hqdm#class_of_contract_execution_part_of_by_class>	<http://www.w3.org/2000/01/rdf-schema#range>	<https://hqdmtop.github.io/hqdm#class_of_contract_process>
<https://hqdmtop.github.io/hqdm#class_of_contract_process>	<http://www.w3.org/2000/01/rdf-schema#subClassOf>	<https://hqdmtop.github.io/hqdm#class_of_agreement_process>
<https://hqdmtop.github.io/hqdm#class_of_event>	<http://www.w3.org/1999/02/22-rdf-syntax-ns#type>	<http://www.w3.org/2000/01/rdf-schema#Class>
<https://hqdmtop.github.io/hqdm#class_of_event>	<http://www.w3.org/2000/01/rdf-schema#subClassOf>	<https://hqdmtop.github.io/hqdm#class_of_spatio_temporal_extent>
<https://hqdmtop.github.io/hqdm#class_of_functional_object>	<http://www.w3.org/1999/02/22-rdf-syntax-ns#type>	<http://www.w3.org/2000/01/rdf-schema#Class>
<https://hqdmtop.github.io/hqdm#class_of_functional_object>	<http://www.w3.org/2000/01/rdf-schema#subClassOf>	<https://hqdmtop.github.io/hqdm#class_of_intentionally_constructed_object>
<https://hqdmtop.github.io/hqdm#class_of_functional_object>	<http://www.w3.org/2000/01/rdf-schema#subClassOf>	<https://hqdmtop.github.io/hqdm#class_of_physical_object>
<https://hqdmtop.github.io/hqdm#class_of_functional_object>	<http://www.w3.org/2000/01/rdf-schema#subClassOf>	<https://hqdmtop.github.io/hqdm#class_of_state_of_functional_object>
<https://hqdmtop.github.io/hqdm#class_of_functional_system>	<http://www.w3.org/1999/02/22-rdf-syntax-ns#type>	<http://www.w3.org/2000/01/rdf-schema#Class>
<https://hqdmtop.github.io/hqdm#class_of_functional_system>	<http://www.w3.org/2000/01/rdf-schema#subClassOf>	<https://hqdmtop.github.io/hqdm#class_of_ordinary_functional_object>
<https://hqdmtop.github.io/hqdm#class_of_functional_system>	<http://www.w3.org/2000/01/rdf-schema#subClassOf>	<https://hqdmtop.github.io/hqdm#class_of_state_of_functional_system>
<https://hqdmtop.github.io/hqdm#class_of_functional_system>	<http://www.w3.org/2000/01/rdf-schema#subClassOf>	<https://hqdmtop.github.io/hqdm#class_of_system>
<https://hqdmtop.github.io/hqdm#class_of_functional_system_component>	<http://www.w3.org/1999/02/22-rdf-syntax-ns#type>	<http://www.w3.org/2000/01/rdf-schema#Class>
<https://hqdmtop.github.io/hqdm#class_of_functional_system_component>	<http://www.w3.org/2000/01/rdf-schema#subClassOf>	<https://hqdmtop.github.io/hqdm#class_of_state_of_functional_system_component>
<https://hqdmtop.github.io/hqdm#class_of_functional_system_component>	<http://www.w3.org/2000/01/rdf-schema#subClassOf>	<https://hqdmtop.github.io/hqdm#class_of_system_component>
<https://hqdmtop.github.io/hqdm#class_of_in_place_biological_component>	<http://www.w3.org/1999/02/22-rdf-syntax-ns#type>	<http://www.w3.org/2000/01/rdf-schema#Class>
<https://hqdmtop.github.io/hqdm#class_of_in_place_biological_component>	<http://www.w3.org/2000/01/rdf-schema#subClassOf>	<https://hqdmtop.github.io/hqdm#class_of_installed_object>
<https://hqdmtop.github.io/hqdm#class_of_in_place_biological_component>	<http://www.w3.org/2000/01/rdf-schema#subClassOf>	<https://hqdmtop.github.io/hqdm#class_of_state_of_biological_system_component>
<https://hqdmtop.github.io/hqdm#class_of_in_place_biological_component>	<http://www.w3.org/2000/01/rdf-schema#subClassOf>	<https://hqdmtop.github.io/hqdm#class_of_state_of_ordinary_biological_object>
<https://hqdmtop.github.io/hqdm#class_of_individual>	<http://www.w3.org/1999/02/22-rdf-syntax-ns#type>	<http://www.w3.org/2000/01/rdf-schema#Class>
<https://hqdmtop.github.io/hqdm#class_of_individual>	<http://www.w3.org/2000/01/rdf-schema#subClassOf>	<https://hqdmtop.github.io/hqdm#class_of_state>
<https://hqdmtop.github.io/hqdm#class_of_installed_functional_system_component>	<http://www.w3.org/1999/02/22-rdf-syntax-ns#type>	<http://www.w3.org/2000/01/rdf-schema#Class>
<https://hqdmtop.github.io/hqdm#class_of_installed_functional_system_component>	<http://www.w3.org/2000/01/rdf-schema#subClassOf>	<https://hqdmtop.github.io/hqdm#class_of_installed_object>
<https://hqdmtop.github.io/hqdm#class_of_installed_functional_system_component>	<http://www.w3.org/2000/01/rdf-schema#subClassOf>	<https://hqdmtop.github.io/hqdm#class_of_state_of_functional_system_component>
<https://hqdmtop.github.io/hqdm#class_of_installed_object>	<http://www.w3.org/1999/02/22-rdf-syntax-ns#type>	<http://www.w3.org/2000/01/rdf-schema#Class>
<https://hqdmtop.github.io/hqdm#class_of_installed_object>	<http://www.w3.org/2000/01/rdf-schema#subClassOf>	<https://hqdmtop.github.io/hqdm#class_of_state_of_ordinary_physical_object>
<https://hqdmtop.github.io/hqdm#class_of_installed_object>	<http://www.w3.org/2000/01/rdf-schema#subClassOf>	<https://hqdmtop.github.io/hqdm#class_of_state_of_system_component>
<https://hqdmtop.github.io/hqdm#class_of_intentionally_constructed_object>	<http://www.w3.org/1999/02/22-rdf-syntax-ns#type>	<http://www.w3.org/2000/01/rdf-schema#Class>
<https://hqdmtop.github.io/hqdm#class_of_intentionally_constructed_object>	<http://www.w3.org/2000/01/rdf-schema#subClassOf>	<https://hqdmtop.github.io/hqdm#class_of_individual>
<https://hqdmtop.github.io/hqdm#class_of_intentionally_constructed_object>	<http://www.w3.org/2000/01/rdf-schema#subClassOf>	<https://hqdmtop.github.io/hqdm#class_of_state_of_intentionally_constructed_object>
<https://hqdmtop.github.io/hqdm#class_of_offer>	<http://www.w3.org/1999/02/22-rdf-syntax-ns#type>	<http://www.w3.org/2000/01/rdf-schema#Class>
<https://hqdmtop.github.io/hqdm#class_of_offer>	<http://www.w3.org/2000/01/rdf-schema#subClassOf>	<https://hqdmtop.github.io/hqdm#class_of_socially_constructed_activity>
<https://hqdmtop.github.io/hqdm#class_of_ordinary_biological_object>	<http://www.w3.org/1999/02/22-rdf-syntax-ns#type>	<http://www.w3.org/2000/01/rdf-schema#Class>
<https://hqdmtop.github.io/hqdm#class_of_ordinary_biological_object>	<http://www.w3.org/2000/01/rdf-schema#subClassOf>	<https://hqdmtop.github.io/hqdm#class_of_biological_object>
<https://hqdmtop.github.io/hqdm#class_of_ordinary_biological_object>	<http://www.w3.org/2000/01/rdf-schema#subClassOf>	<https://hqdmtop.github.io/hqdm#class_of_ordinary_physical_object>
<https://hqdmtop.github.io/hqdm#class_of_ordinary_biological_object>	<http://www.w3.org/2000/01/rdf-schema#subClassOf>	<https://hqdmtop.github.io/hqdm#class_of_state_of_ordinary_biological_object>
<https://hqdmtop.github.io/hqdm#class_of_ordinary_functional_object>	<http://www.w3.org/1999/02/22-rdf-syntax-ns#type>	<http://www.w3.org/2000/01/rdf-schema#Class>
<https://hqdmtop.github.io/hqdm#class_of_ordinary_functional_object>	<http://www.w3.org/2000/01/rdf-schema#subClassOf>	<https://hqdmtop.github.io/hqdm#class_of_functional_object>
<https://hqdmtop.github.io/hqdm#class_of_ordinary_functional_object>	<http://www.w3.org/2000/01/rdf-schema#subClassOf>	<https://hqdmtop.github.io/hqdm#class_of_ordinary_physical_object>
<https://hqdmtop.github.io/hqdm#class_of_ordinary_functional_object>	<http://www.w3.org/2000/01/rdf-schema#subClassOf>	<https://hqdmtop.github.io/hqdm#class_of_state_of_ordinary_functional_object>
<https://hqdmtop.github.io/hqdm#class_of_ordinary_physical_object>	<http://www.w3.org/1999/02/22-rdf-syntax-ns#type>	<http://www.w3.org/2000/01/rdf-schema#Class>
<https://hqdmtop.github.io/hqdm#class_of_ordinary_physical_object>	<http://www.w3.org/2000/01/rdf-schema#subClassOf>	<https://hqdmtop.github.io/hqdm#class_of_physical_object>
<https://hqdmtop.github.io/hqdm#class_of_ordinary_physical_object>	<http://www.w3.org/2000/01/rdf-schema#subClassOf>	<https://hqdmtop.github.io/hqdm#class_of_state_of_ordinary_physical_object>
<https://hqdmtop.github.io/hqdm#class_of_organization>	<http://www.w3.org/2000/01/rdf-schema#subClassOf>	<https://hqdmtop.github.io/hqdm#class_of_party>
<https://hqdmtop.github.io/hqdm#class_of_organization>	<http://www.w3.org/2000/01/rdf-schema#subClassOf>	<https://hqdmtop.github.io/hqdm#class_of_socially_constructed_object>
<https://hqdmtop.github.io/hqdm#class_of_organization>	<http://www.w3.org/2000/01/rdf-schema#subClassOf>	<https://hqdmtop.github.io/hqdm#class_of_state_of_organization>
<https://hqdmtop.github.io/hqdm#class_of_organization_component>	<http://www.w3.org/1999/02/22-rdf-syntax-ns#type>	<http://www.w3.org/2000/01/rdf-schema#Class>
<https://hqdmtop.github.io/hqdm#class_of_organization_component>	<http://www.w3.org/2000/01/rdf-schema#subClassOf>	<https://hqdmtop.github.io/hqdm#class_of_socially_constructed_object>
<https://hqdmtop.github.io/hqdm#class_of_organization_component>	<http://www.w3.org/2000/01/rdf-schema#subClassOf>	<https://hqdmtop.github.io/hqdm#class_of_state_of_organization_component>
<https://hqdmtop.github.io/hqdm#class_of_organization_component>	<http://www.w3.org/2000/01/rdf-schema#subClassOf>	<https://hqdmtop.github.io/hqdm#class_of_system_component>
<https://hqdmtop.github.io/hqdm#class_of_participant>	<http://www.w3.org/1999/02/22-rdf-syntax-ns#type>	<http://www.w3.org/2000/01/rdf-schema#Class>
<https://hqdmtop.github.io/hqdm#class_of_participant>	<http://www.w3.org/2000/01/rdf-schema#subClassOf>	<https://hqdmtop.github.io/hqdm#class_of_state_of_physical_object>
<https://hqdmtop.github.io/hqdm#class_of_party>	<http://www.w3.org/1999/02/22-rdf-syntax-ns#type>	<http://www.w3.org/2000/01/rdf-schema#Class>
<https://hqdmtop.github.io/hqdm#class_of_party>	<http://www.w3.org/2000/01/rdf-schema#subClassOf>	<https://hqdmtop.github.io/hqdm#class_of_state_of_party>
<https://hqdmtop.github.io/hqdm#class_of_party>	<http://www.w3.org/2000/01/rdf-schema#subClassOf>	<https://hqdmtop.github.io/hqdm#class_of_system>
<https://hqdmtop.github.io/hqdm#class_of_period_of_time>	<http://www.w3.org/1999/02/22-rdf-syntax-ns#type>	<http://www.w3.org/2000/01/rdf-schema#Class>
<https://hqdmtop.github.io/hqdm#class_of_period_of_time>	<http://www.w3.org/2000/01/rdf-schema#subClassOf>	<https://hqdmtop.github.io/hqdm#class_of_state>
<https://hqdmtop.github.io/hqdm#class_of_person>	<http://www.w3.org/1999/02/22-rdf-syntax-ns#type>	<http://www.w3.org/2000/01/rdf-schema#Class>
<https://hqdmtop.github.io/hqdm#class_of_person>	<http://www.w3.org/2000/01/rdf-schema#subClassOf>	<https://hqdmtop.github.io/hqdm#class_of_biological_system>
<https://hqdmtop.github.io/hqdm#class_of_person>	<http://www.w3.org/2000/01/rdf-schema#subClassOf>	<https://hqdmtop.github.io/hqdm#class_of_party>
<https://hqdmtop.github.io/hqdm#class_of_person>	<http://www.w3.org/2000/01/rdf-schema#subClassOf>	<https://hqdmtop.github.io/hqdm#class_of_state_of_person>
<https://hqdmtop.github.io/hqdm#class_of_person_in_position>	<http://www.w3.org/1999/02/22-rdf-syntax-ns#type>	<http://www.w3.org/2000/01/rdf-schema#Class>
<https://hqdmtop.github.io/hqdm#class_of_person_in_position>	<http://www.w3.org/2000/01/rdf-schema#subClassOf>	<https://hqdmtop.github.io/hqdm#class_of_installed_object>
<https://hqdmtop.github.io/hqdm#class_of_person_in_position>	<http://www.w3.org/2000/01/rdf-schema#subClassOf>	<https://hqdmtop.github.io/hqdm#class_of_state_of_position>
<https://hqdmtop.github.io/hqdm#class_of_physical_object>	<http://www.w3.org/1999/02/22-rdf-syntax-ns#type>	<http://www.w3.org/2000/01/rdf-schema#Class>
<https://hqdmtop.github.io/hqdm#class_of_physical_object>	<http://www.w3.org/2000/01/rdf-schema#subClassOf>	<https://hqdmtop.github.io/hqdm#class_of_individual>
<https://hqdmtop.github.io/hqdm#class_of_physical_object>	<http://www.w3.org/2000/01/rdf-schema#subClassOf>	<https://hqdmtop.github.io/hqdm#class_of_state_of_physical_object>
<https://hqdmtop.github.io/hqdm#class_of_physical_property>	<http://www.w3.org/1999/02/22-rdf-syntax-ns#type>	<http://www.w3.org/2000/01/rdf-schema#Class>
<https://hqdmtop.github.io/hqdm#class_of_physical_property>	<http://www.w3.org/2000/01/rdf-schema#subClassOf>	<https://hqdmtop.github.io/hqdm#class_of_class_of_spatio_temporal_extent>
<https://hqdmtop.github.io/hqdm#class_of_physical_quantity>	<http://www.w3.org/1999/02/22-rdf-syntax-ns#type>	<http://www.w3.org/2000/01/rdf-schema#Class>
<https://hqdmtop.github.io/hqdm#class_of_physical_quantity>	<http://www.w3.org/2000/01/rdf-schema#subClassOf>	<https://hqdmtop.github.io/hqdm#class_of_physical_property>
<https://hqdmtop.github.io/hqdm#class_of_point_in_time>	<http://www.w3.org/2000/01/rdf-schema#subClassOf>	<https://hqdmtop.github.io/hqdm#class_of_event>
<https://hqdmtop.github.io/hqdm#class_of_position>	<http://www.w3.org/1999/02/22-rdf-syntax-ns#type>	<http://www.w3.org/2000/01/rdf-schema#Class>
<https://hqdmtop.github.io/hqdm#class_of_position>	<http://www.w3.org/2000/01/rdf-schema#subClassOf>	<https://hqdmtop.github.io/hqdm#class_of_organization_component>
<https://hqdmtop.github.io/hqdm#class_of_position>	<http://www.w3.org/2000/01/rdf-schema#subClassOf>	<https://hqdmtop.github.io/hqdm#class_of_state_of_position>
<https://hqdmtop.github.io/hqdm#class_of_possible_world>	<http://www.w3.org/2000/01/rdf-schema#subClassOf>	<https://hqdmtop.github.io/hqdm#class_of_individual>
<https://hqdmtop.github.io/hqdm#class_of_possible_world>	<http://www.w3.org/2000/01/rdf-schema#subClassOf>	<https://hqdmtop.github.io/hqdm#class_of_period_of_time>
<https://hqdmtop.github.io/hqdm#class_of_reaching_agreement>	<http://www.w3.org/1999/02/22-rdf-syntax-ns#type>	<http://www.w3.org/2000/01/rdf-schema#Class>
<https://hqdmtop.github.io/hqdm#class_of_reaching_agreement>	<http://www.w3.org/2000/01/rdf-schema#subClassOf>	<https://hqdmtop.github.io/hqdm#class_of_socially_constructed_activity>
<https://hqdmtop.github.io/hqdm#class_of_reaching_agreement_part_of_by_class>	<http://www.w3.org/2000/01/rdf-schema#domain>	<https://hqdmtop.github.io/hqdm#class_of_reaching_agreement>
<https://hqdmtop.github.io/hqdm#class_of_reaching_agreement_part_of_by_class>	<http://www.w3.org/2000/01/rdf-schema#range>	<https://hqdmtop.github.io/hqdm#class_of_agreement_process>
<https://hqdmtop.github.io/hqdm#class_of_relationship>	<http://www.w3.org/1999/02/22-rdf-syntax-ns#type>	<http://www.w3.org/2000/01/rdf-schema#Class>
<https://hqdmtop.github.io/hqdm#class_of_relationship>	<http://www.w3.org/2000/01/rdf-schema#subClassOf>	<https://hqdmtop.github.io/hqdm#class_of_abstract_object>
<https://hqdmtop.github.io/hqdm#class_of_representation>	<http://www.w3.org/1999/02/22-rdf-syntax-ns#type>	<http://www.w3.org/2000/01/rdf-schema#Class>
<https://hqdmtop.github.io/hqdm#class_of_representation>	<http://www.w3.org/2000/01/rdf-schema#subClassOf>	<https://hqdmtop.github.io/hqdm#class_of_association>
<https://hqdmtop.github.io/hqdm#class_of_sales_product_instance>	<http://www.w3.org/1999/02/22-rdf-syntax-ns#type>	<http://www.w3.org/2000/01/rdf-schema#Class>
<https://hqdmtop.github.io/hqdm#class_of_sales_product_instance>	<http://www.w3.org/2000/01/rdf-schema#subClassOf>	<https://hqdmtop.github.io/hqdm#class_of_ordinary_functional_object>
<https://hqdmtop.github.io/hqdm#class_of_sales_product_instance>	<http://www.w3.org/2000/01/rdf-schema#subClassOf>	<https://hqdmtop.github.io/hqdm#class_of_state_of_sales_product_instance>
<https://hqdmtop.github.io/hqdm#class_of_sign>	<http://www.w3.org/2000/01/rdf-schema#subClassOf>	<https://hqdmtop.github.io/hqdm#class_of_socially_constructed_object>
<https://hqdmtop.github.io/hqdm#class_of_sign>	<http://www.w3.org/2000/01/rdf-schema#subClassOf>	<https://hqdmtop.github.io/hqdm#class_of_state_of_sign>
<https://hqdmtop.github.io/hqdm#class_of_socially_constructed_activity>	<http://www.w3.org/1999/02/22-rdf-syntax-ns#type>	<http://www.w3.org/2000/01/rdf-schema#Class>
<https://hqdmtop.github.io/hqdm#class_of_socially_constructed_activity>	<http://www.w3.org/2000/01/rdf-schema#subClassOf>	<https://hqdmtop.github.io/hqdm#class_of_activity>
<https://hqdmtop.github.io/hqdm#class_of_socially_constructed_activity>	<http://www.w3.org/2000/01/rdf-schema#subClassOf>	<https://hqdmtop.github.io/hqdm#class_of_socially_constructed_object>
<https://hqdmtop.github.io/hqdm#class_of_socially_constructed_activity_part_of_by_class>	<http://www.w3.org/2000/01/rdf-schema#domain>	<https://hqdmtop.github.io/hqdm#class_of_socially_constructed_activity>
<https://hqdmtop.github.io/hqdm#class_of_socially_constructed_activity_part_of_by_class>	<http://www.w3.org/2000/01/rdf-schema#range>	<https://hqdmtop.github.io/hqdm#class_of_reaching_agreement>
<https://hqdmtop.github.io/hqdm#class_of_socially_constructed_activity_part_of_by_class_>	<http://www.w3.org/2000/01/rdf-schema#domain>	<https://hqdmtop.github.io/hqdm#class_of_socially_constructed_activity>
<https://hqdmtop.github.io/hqdm#class_of_socially_constructed_activity_part_of_by_class_>	<http://www.w3.org/2000/01/rdf-schema#range>	<https://hqdmtop.github.io/hqdm#class_of_agreement_execution>
<https://hqdmtop.github.io/hqdm#class_of_socially_constructed_object>	<http://www.w3.org/1999/02/22-rdf-syntax-ns#type>	<http://www.w3.org/2000/01/rdf-schema#Class>
<https://hqdmtop.github.io/hqdm#class_of_socially_constructed_object>	<http://www.w3.org/2000/01/rdf-schema#subClassOf>	<https://hqdmtop.github.io/hqdm#class_of_intentionally_constructed_object>
<https://hqdmtop.github.io/hqdm#class_of_socially_constructed_object>	<http://www.w3.org/2000/01/rdf-schema#subClassOf>	<https://hqdmtop.github.io/hqdm#class_of_state_of_socially_constructed_object>
<https://hqdmtop.github.io/hqdm#class_of_spatio_temporal_extent>	<http://www.w3.org/1999/02/22-rdf-syntax-ns#type>	<http://www.w3.org/2000/01/rdf-schema#Class>
<https://hqdmtop.github.io/hqdm#class_of_spatio_temporal_extent>	<http://www.w3.org/2000/01/rdf-schema#subClassOf>	<https://hqdmtop.github.io/hqdm#class>
<https://hqdmtop.github.io/hqdm#class_of_spatio_temporal_extent_consists__of_by_class>	<http://www.w3.org/2000/01/rdf-schema#domain>	<https://hqdmtop.github.io/hqdm#class_of_spatio_temporal_extent>
<https://hqdmtop.github.io/hqdm#class_of_spatio_temporal_extent_consists__of_by_class>	<http://www.w3.org/2000/01/rdf-schema#range>	<https://hqdmtop.github.io/hqdm#class_of_spatio_temporal_extent>
<https://hqdmtop.github.io/hqdm#class_of_spatio_temporal_extent_member_of_>	<http://www.w3.org/2000/01/rdf-schema#domain>	<https://hqdmtop.github.io/hqdm#class_of_spatio_temporal_extent>
<https://hqdmtop.github.io/hqdm#class_of_spatio_temporal_extent_member_of_>	<http://www.w3.org/2000/01/rdf-schema#range>	<https://hqdmtop.github.io/hqdm#class_of_class_of_spatio_temporal_extent>
<https://hqdmtop.github.io/hqdm#class_of_spatio_temporal_extent_part__of_by_class>	<http://www.w3.org/2000/01/rdf-schema#domain>	<https://hqdmtop.github.io/hqdm#class_of_spatio_temporal_extent>
<https://hqdmtop.github.io/hqdm#class_of_spatio_temporal_extent_part__of_by_class>	<http://www.w3.org/2000/01/rdf-schema#range>	<https://hqdmtop.github.io/hqdm#class_of_spatio_temporal_extent>
<https://hqdmtop.github.io/hqdm#class_of_state>	<http://www.w3.org/1999/02/22-rdf-syntax-ns#type>	<http://www.w3.org/2000/01/rdf-schema#Class>
<https://hqdmtop.github.io/hqdm#class_of_state>	<http://www.w3.org/2000/01/rdf-schema#subClassOf>	<https://hqdmtop.github.io/hqdm#class_of_spatio_temporal_extent>
<https://hqdmtop.github.io/hqdm#class_of_state_of_activity>	<http://www.w3.org/1999/02/22-rdf-syntax-ns#type>	<http://www.w3.org/2000/01/rdf-schema#Class>
<https://hqdmtop.github.io/hqdm#class_of_state_of_activity>	<http://www.w3.org/2000/01/rdf-schema#subClassOf>	<https://hqdmtop.github.io/hqdm#class_of_state>
<https://hqdmtop.github.io/hqdm#class_of_state_of_amount_of_money>	<http://www.w3.org/1999/02/22-rdf-syntax-ns#type>	<http://www.w3.org/2000/01/rdf-schema#Class>
<https://hqdmtop.github.io/hqdm#class_of_state_of_amount_of_money>	<http://www.w3.org/2000/01/rdf-schema#subClassOf>	<https://hqdmtop.github.io/hqdm#class_of_state_of_physical_object>
<https://hqdmtop.github.io/hqdm#class_of_state_of_amount_of_money>	<http://www.w3.org/2000/01/rdf-schema#subClassOf>	<https://hqdmtop.github.io/hqdm#class_of_state_of_socially_constructed_object>
<https://hqdmtop.github.io/hqdm#class_of_state_of_association>	<http://www.w3.org/1999/02/22-rdf-syntax-ns#type>	<http://www.w3.org/2000/01/rdf-schema#Class>
<https://hqdmtop.github.io/hqdm#class_of_state_of_association>	<http://www.w3.org/2000/01/rdf-schema#subClassOf>	<https://hqdmtop.github.io/hqdm#class_of_state>
<https://hqdmtop.github.io/hqdm#class_of_state_of_biological_object>	<http://www.w3.org/1999/02/22-rdf-syntax-ns#type>	<http://www.w3.org/2000/01/rdf-schema#Class>
<https://hqdmtop.github.io/hqdm#class_of_state_of_biological_object>	<http://www.w3.org/2000/01/rdf-schema#subClassOf>	<https://hqdmtop.github.io/hqdm#class_of_state_of_physical_object>
<https://hqdmtop.github.io/hqdm#class_of_state_of_biological_system>	<http://www.w3.org/1999/02/22-rdf-syntax-ns#type>	<http://www.w3.org/2000/01/rdf-schema#Class>
<https://hqdmtop.github.io/hqdm#class_of_state_of_biological_system>	<http://www.w3.org/2000/01/rdf-schema#subClassOf>	<https://hqdmtop.github.io/hqdm#class_of_state_of_ordinary_biological_object>
<https://hqdmtop.github.io/hqdm#class_of_state_of_biological_system>	<http://www.w3.org/2000/01/rdf-schema#subClassOf>	<https://hqdmtop.github.io/hqdm#class_of_state_of_system>
<https://hqdmtop.github.io/hqdm#class_of_state_of_biological_system_component>	<http://www.w3.org/1999/02/22-rdf-syntax-ns#type>	<http://www.w3.org/2000/01/rdf-schema#Class>
<https://hqdmtop.github.io/hqdm#class_of_state_of_biological_system_component>	<http://www.w3.org/2000/01/rdf-schema#subClassOf>	<https://hqdmtop.github.io/hqdm#class_of_state_of_biological_object>
<https://hqdmtop.github.io/hqdm#class_of_state_of_biological_system_component>	<http://www.w3.org/2000/01/rdf-schema#subClassOf>	<https://hqdmtop.github.io/hqdm#class_of_state_of_system_component>
<https://hqdmtop.github.io/hqdm#class_of_state_of_functional_object>	<http://www.w3.org/1999/02/22-rdf-syntax-ns#type>	<http://www.w3.org/2000/01/rdf-schema#Class>
<https://hqdmtop.github.io/hqdm#class_of_state_of_functional_object>	<http://www.w3.org/2000/01/rdf-schema#subClassOf>	<https://hqdmtop.github.io/hqdm#class_of_state_of_intentionally_constructed_object>
<https://hqdmtop.github.io/hqdm#class_of_state_of_functional_object>	<http://www.w3.org/2000/01/rdf-schema#subClassOf>	<https://hqdmtop.github.io/hqdm#class_of_state_of_physical_object>
<https://hqdmtop.github.io/hqdm#class_of_state_of_functional_system>	<http://www.w3.org/1999/02/22-rdf-syntax-ns#type>	<http://www.w3.org/2000/01/rdf-schema#Class>
<https://hqdmtop.github.io/hqdm#class_of_state_of_functional_system>	<http://www.w3.org/2000/01/rdf-schema#subClassOf>	<https://hqdmtop.github.io/hqdm#class_of_state_of_ordinary_functional_object>
<https://hqdmtop.github.io/hqdm#class_of_state_of_functional_system>	<http://www.w3.org/2000/01/rdf-schema#subClassOf>	<https://hqdmtop.github.io/hqdm#class_of_state_of_system>
<https://hqdmtop.github.io/hqdm#class_of_state_of_functional_system_component>	<http://www.w3.org/1999/02/22-rdf-syntax-ns#type>	<http://www.w3.org/2000/01/rdf-schema#Class>
<https://hqdmtop.github.io/hqdm#class_of_state_of_functional_system_component>	<http://www.w3.org/2000/01/rdf-schema#subClassOf>	<https://hqdmtop.github.io/hqdm#class_of_state_of_ordinary_functional_object>
<https://hqdmtop.github.io/hqdm#class_of_state_of_functional_system_component>	<http://www.w3.org/2000/01/rdf-schema#subClassOf>	<https://hqdmtop.github.io/hqdm#class_of_state_of_system_component>
<https://hqdmtop.github.io/hqdm#class_of_state_of_intentionally_constructed_object>	<http://www.w3.org/1999/02/22-rdf-syntax-ns#type>	<http://www.w3.org/2000/01/rdf-schema#Class>
<https://hqdmtop.github.io/hqdm#class_of_state_of_intentionally_constructed_object>	<http://www.w3.org/2000/01/rdf-schema#subClassOf>	<https://hqdmtop.github.io/hqdm#class_of_state>
<https://hqdmtop.github.io/hqdm#class_of_state_of_ordinary_biological_object>	<http://www.w3.org/1999/02/22-rdf-syntax-ns#type>	<http://www.w3.org/2000/01/rdf-schema#Class>
<https://hqdmtop.github.io/hqdm#class_of_state_of_ordinary_biological_object>	<http://www.w3.org/2000/01/rdf-schema#subClassOf>	<https://hqdmtop.github.io/hqdm#class_of_state_of_biological_object>
<https://hqdmtop.github.io/hqdm#class_of_state_of_ordinary_biological_object>	<http://www.w3.org/2000/01/rdf-schema#subClassOf>	<https://hqdmtop.github.io/hqdm#class_of_state_of_ordinary_physical_object>
<https://hqdmtop.github.io/hqdm#class_of_state_of_ordinary_functional_object>	<http://www.w3.org/1999/02/22-rdf-syntax-ns#type>	<http://www.w3.org/2000/01/rdf-schema#Class>
<https://hqdmtop.github.io/hqdm#class_of_state_of_ordinary_functional_object>	<http://www.w3.org/2000/01/rdf-schema#subClassOf>	<https://hqdmtop.github.io/hqdm#class_of_state_of_functional_object>
<https://hqdmtop.github.io/hqdm#class_of_state_of_ordinary_functional_object>	<http://www.w3.org/2000/01/rdf-schema#subClassOf>	<https://hqdmtop.github.io/hqdm#class_of_state_of_ordinary_physical_object>
<https://hqdmtop.github.io/hqdm#class_of_state_of_ordinary_physical_object>	<http://www.w3.org/1999/02/22-rdf-syntax-ns#type>	<http://www.w3.org/2000/01/rdf-schema#Class>
<https://hqdmtop.github.io/hqdm#class_of_state_of_ordinary_physical_object>	<http://www.w3.org/2000/01/rdf-schema#subClassOf>	<https://hqdmtop.github.io/hqdm#class_of_state_of_physical_object>
<https://hqdmtop.github.io/hqdm#class_of_state_of_organization>	<http://www.w3.org/1999/02/22-rdf-syntax-ns#type>	<http://www.w3.org/2000/01/rdf-schema#Class>
<https://hqdmtop.github.io/hqdm#class_of_state_of_organization>	<http://www.w3.org/2000/01/rdf-schema#subClassOf>	<https://hqdmtop.github.io/hqdm#class_of_state_of_party>
<https://hqdmtop.github.io/hqdm#class_of_state_of_organization>	<http://www.w3.org/2000/01/rdf-schema#subClassOf>	<https://hqdmtop.github.io/hqdm#class_of_state_of_socially_constructed_object>
<https://hqdmtop.github.io/hqdm#class_of_state_of_organization_component>	<http://www.w3.org/1999/02/22-rdf-syntax-ns#type>	<http://www.w3.org/2000/01/rdf-schema#Class>
<https://hqdmtop.github.io/hqdm#class_of_state_of_organization_component>	<http://www.w3.org/2000/01/rdf-schema#subClassOf>	<https://hqdmtop.github.io/hqdm#class_of_state_of_socially_constructed_object>
<https://hqdmtop.github.io/hqdm#class_of_state_of_organization_component>	<http://www.w3.org/2000/01/rdf-schema#subClassOf>	<https://hqdmtop.github.io/hqdm#class_of_state_of_system_component>
<https://hqdmtop.github.io/hqdm#class_of_state_of_party>	<http://www.w3.org/1999/02/22-rdf-syntax-ns#type>	<http://www.w3.org/2000/01/rdf-schema#Class>
<https://hqdmtop.github.io/hqdm#class_of_state_of_party>	<http://www.w3.org/2000/01/rdf-schema#subClassOf>	<https://hqdmtop.github.io/hqdm#class_of_state_of_system>
<https://hqdmtop.github.io/hqdm#class_of_state_of_person>	<http://www.w3.org/1999/02/22-rdf-syntax-ns#type>	<http://www.w3.org/2000/01/rdf-schema#Class>
<https://hqdmtop.github.io/hqdm#class_of_state_of_person>	<http://www.w3.org/2000/01/rdf-schema#subClassOf>	<https://hqdmtop.github.io/hqdm#class_of_state_of_biological_system>
<https://hqdmtop.github.io/hqdm#class_of_state_of_person>	<http://www.w3.org/2000/01/rdf-schema#subClassOf>	<https://hqdmtop.github.io/hqdm#class_of_state_of_party>
<https://hqdmtop.github.io/hqdm#class_of_state_of_physical_object>	<http://www.w3.org/1999/02/22-rdf-syntax-ns#type>	<http://www.w3.org/2000/01/rdf-schema#Class>
<https://hqdmtop.github.io/hqdm#class_of_state_of_physical_object>	<http://www.w3.org/2000/01/rdf-schema#subClassOf>	<https://hqdmtop.github.io/hqdm#class_of_state>
<https://hqdmtop.github.io/hqdm#class_of_state_of_position>	<http://www.w3.org/1999/02/22-rdf-syntax-ns#type>	<http://www.w3.org/2000/01/rdf-schema#Class>
<https://hqdmtop.github.io/hqdm#class_of_state_of_position>	<http://www.w3.org/2000/01/rdf-schema#subClassOf>	<https://hqdmtop.github.io/hqdm#class_of_state_of_organization_component>
<https://hqdmtop.github.io/hqdm#class_of_state_of_sales_product_instance>	<http://www.w3.org/1999/02/22-rdf-syntax-ns#type>	<http://www.w3.org/2000/01/rdf-schema#Class>
<https://hqdmtop.github.io/hqdm#class_of_state_of_sales_product_instance>	<http://www.w3.org/2000/01/rdf-schema#subClassOf>	<https://hqdmtop.github.io/hqdm#class_of_state_of_ordinary_functional_object>
<https://hqdmtop.github.io/hqdm#class_of_state_of_sign>	<http://www.w3.org/1999/02/22-rdf-syntax-ns#type>	<http://www.w3.org/2000/01/rdf-schema#Class>
<https://hqdmtop.github.io/hqdm#class_of_state_of_sign>	<http://www.w3.org/2000/01/rdf-schema#subClassOf>	<https://hqdmtop.github.io/hqdm#class_of_state_of_socially_constructed_object>
<https://hqdmtop.github.io/hqdm#class_of_state_of_socially_constructed_activity>	<http://www.w3.org/1999/02/22-rdf-syntax-ns#type>	<http://www.w3.org/2000/01/rdf-schema#Class>
<https://hqdmtop.github.io/hqdm#class_of_state_of_socially_constructed_activity>	<http://www.w3.org/2000/01/rdf-schema#subClassOf>	<https://hqdmtop.github.io/hqdm#class_of_state_of_activity>
<https://hqdmtop.github.io/hqdm#class_of_state_of_socially_constructed_activity>	<http://www.w3.org/2000/01/rdf-schema#subClassOf>	<https://hqdmtop.github.io/hqdm#class_of_state_of_socially_constructed_object>
<https://hqdmtop.github.io/hqdm#class_of_state_of_socially_constructed_object>	<http://www.w3.org/1999/02/22-rdf-syntax-ns#type>	<http://www.w3.org/2000/01/rdf-schema#Class>
<https://hqdmtop.github.io/hqdm#class_of_state_of_socially_constructed_object>	<http://www.w3.org/2000/01/rdf-schema#subClassOf>	<https://hqdmtop.github.io/hqdm#class_of_state_of_intentionally_constructed_object>
<https://hqdmtop.github.io/hqdm#class_of_state_of_system>	<http://www.w3.org/1999/02/22-rdf-syntax-ns#type>	<http://www.w3.org/2000/01/rdf-schema#Class>
<https://hqdmtop.github.io/hqdm#class_of_state_of_system>	<http://www.w3.org/2000/01/rdf-schema#subClassOf>	<https://hqdmtop.github.io/hqdm#class_of_state_of_ordinary_physical_object>
<https://hqdmtop.github.io/hqdm#class_of_state_of_system_component>	<http://www.w3.org/1999/02/22-rdf-syntax-ns#type>	<http://www.w3.org/2000/01/rdf-schema#Class>
<https://hqdmtop.github.io/hqdm#class_of_state_of_system_component>	<http://www.w3.org/2000/01/rdf-schema#subClassOf>	<https://hqdmtop.github.io/hqdm#class_of_state_of_physical_object>
<https://hqdmtop.github.io/hqdm#class_of_system>	<http://www.w3.org/1999/02/22-rdf-syntax-ns#type>	<http://www.w3.org/2000/01/rdf-schema#Class>
<https://hqdmtop.github.io/hqdm#class_of_system>	<http://www.w3.org/2000/01/rdf-schema#subClassOf>	<https://hqdmtop.github.io/hqdm#class_of_ordinary_physical_object>
<https://hqdmtop.github.io/hqdm#class_of_system>	<http://www.w3.org/2000/01/rdf-schema#subClassOf>	<https://hqdmtop.github.io/hqdm#class_of_state_of_system>
<https://hqdmtop.github.io/hqdm#class_of_system_component>	<http://www.w3.org/1999/02/22-rdf-syntax-ns#type>	<http://www.w3.org/2000/01/rdf-schema#Class>
<https://hqdmtop.github.io/hqdm#class_of_system_component>	<http://www.w3.org/2000/01/rdf-schema#subClassOf>	<https://hqdmtop.github.io/hqdm#class_of_physical_object>
<https://hqdmtop.github.io/hqdm#class_of_system_component>	<http://www.w3.org/2000/01/rdf-schema#subClassOf>	<https://hqdmtop.github.io/hqdm#class_of_state_of_system_component>
<https://hqdmtop.github.io/hqdm#classification>	<http://www.w3.org/1999/02/22-rdf-syntax-ns#type>	<http://www.w3.org/2000/01/rdf-schema#Class>
<https://hqdmtop.github.io/hqdm#classification>	<http://www.w3.org/2000/01/rdf-schema#subClassOf>	<https://hqdmtop.github.io/hqdm#relationship>
<https://hqdmtop.github.io/hqdm#classification_classifier>	<http://www.w3.org/2000/01/rdf-schema#domain>	<https://hqdmtop.github.io/hqdm#classification>
<https://hqdmtop.github.io/hqdm#classification_classifier>	<http://www.w3.org/2000/01/rdf-schema#range>	<https://hqdmtop.github.io/hqdm#class>
<https://hqdmtop.github.io/hqdm#classification_member>	<http://www.w3.org/2000/01/rdf-schema#domain>	<https://hqdmtop.github.io/hqdm#classification>
<https://hqdmtop.github.io/hqdm#classification_member>	<http://www.w3.org/2000/01/rdf-schema#range>	<https://hqdmtop.github.io/hqdm#thing>
<https://hqdmtop.github.io/hqdm#composition>	<http://www.w3.org/1999/02/22-rdf-syntax-ns#type>	<http://www.w3.org/2000/01/rdf-schema#Class>
<https://hqdmtop.github.io/hqdm#composition>	<http://www.w3.org/2000/01/rdf-schema#subClassOf>	<https://hqdmtop.github.io/hqdm#aggregation>
<https://hqdmtop.github.io/hqdm#contract_execution>	<http://www.w3.org/1999/02/22-rdf-syntax-ns#type>	<http://www.w3.org/2000/01/rdf-schema#Class>
<https://hqdmtop.github.io/hqdm#contract_execution>	<http://www.w3.org/2000/01/rdf-schema#subClassOf>	<https://hqdmtop.github.io/hqdm#agreement_execution>
<https://hqdmtop.github.io/hqdm#contract_execution_member_of>	<http://www.w3.org/2000/01/rdf-schema#domain>	<https://hqdmtop.github.io/hqdm#contract_execution>
<https://hqdmtop.github.io/hqdm#contract_execution_member_of>	<http://www.w3.org/2000/01/rdf-schema#range>	<https://hqdmtop.github.io/hqdm#class_of_contract_execution>
<https://hqdmtop.github.io/hqdm#contract_execution_part_of>	<http://www.w3.org/2000/01/rdf-schema#domain>	<https://hqdmtop.github.io/hqdm#contract_execution>
<https://hqdmtop.github.io/hqdm#contract_execution_part_of>	<http://www.w3.org/2000/01/rdf-schema#range>	<https://hqdmtop.github.io/hqdm#contract_process>
<https://hqdmtop.github.io/hqdm#contract_process>	<http://www.w3.org/1999/02/22-rdf-syntax-ns#type>	<http://www.w3.org/2000/01/rdf-schema#Class>
<https://hqdmtop.github.io/hqdm#contract_process>	<http://www.w3.org/2000/01/rdf-schema#subClassOf>	<https://hqdmtop.github.io/hqdm#agreement_process>
<https://hqdmtop.github.io/hqdm#contract_process_consists_of>	<http://www.w3.org/2000/01/rdf-schema#domain>	<https://hqdmtop.github.io/hqdm#contract_process>
<https://hqdmtop.github.io/hqdm#contract_process_consists_of>	<http://www.w3.org/2000/01/rdf-schema#range>	<https://hqdmtop.github.io/hqdm#part_of>
<https://hqdmtop.github.io/hqdm#contract_process_consists_of_>	<http://www.w3.org/2000/01/rdf-schema#domain>	<https://hqdmtop.github.io/hqdm#contract_process>
<https://hqdmtop.github.io/hqdm#contract_process_consists_of_>	<http://www.w3.org/2000/01/rdf-schema#range>	<https://hqdmtop.github.io/hqdm#part_of>
<https://hqdmtop.github.io/hqdm#contract_process_member_of>	<http://www.w3.org/2000/01/rdf-schema#domain>	<https://hqdmtop.github.io/hqdm#contract_process>
<https://hqdmtop.github.io/hqdm#contract_process_member_of>	<http://www.w3.org/2000/01/rdf-schema#range>	<https://hqdmtop.github.io/hqdm#class_of_contract_process>
<https://hqdmtop.github.io/hqdm#currency>	<http://www.w3.org/2000/01/rdf-schema#subClassOf>	<https://hqdmtop.github.io/hqdm#class_of_amount_of_money>
<https://hqdmtop.github.io/hqdm#defined_relationship>	<http://www.w3.org/1999/02/22-rdf-syntax-ns#type>	<http://www.w3.org/2000/01/rdf-schema#Class>
<https://hqdmtop.github.io/hqdm#defined_relationship>	<http://www.w3.org/2000/01/rdf-schema#subClassOf>	<https://hqdmtop.github.io/hqdm#relationship>
<https://hqdmtop.github.io/hqdm#defined_relationship_involves>	<http://www.w3.org/2000/01/rdf-schema#domain>	<https://hqdmtop.github.io/hqdm#defined_relationship>
<https://hqdmtop.github.io/hqdm#defined_relationship_involves>	<http://www.w3.org/2000/01/rdf-schema#range>	<https://hqdmtop.github.io/hqdm#classification>
<https://hqdmtop.github.io/hqdm#defined_relationship_member_of_kind>	<http://www.w3.org/2000/01/rdf-schema#domain>	<https://hqdmtop.github.io/hqdm#defined_relationship>
<https://hqdmtop.github.io/hqdm#defined_relationship_member_of_kind>	<http://www.w3.org/2000/01/rdf-schema#range>	<https://hqdmtop.github.io/hqdm#kind_of_relationship_with_signature>
<https://hqdmtop.github.io/hqdm#definition>	<http://www.w3.org/2000/01/rdf-schema#subClassOf>	<https://hqdmtop.github.io/hqdm#representation_by_pattern>
<https://hqdmtop.github.io/hqdm#definition_represented>	<http://www.w3.org/2000/01/rdf-schema#domain>	<https://hqdmtop.github.io/hqdm#definition>
<https://hqdmtop.github.io/hqdm#definition_represented>	<http://www.w3.org/2000/01/rdf-schema#range>	<https://hqdmtop.github.io/hqdm#class>
<https://hqdmtop.github.io/hqdm#description>	<http://www.w3.org/1999/02/22-rdf-syntax-ns#type>	<http://www.w3.org/2000/01/rdf-schema#Class>
<https://hqdmtop.github.io/hqdm#description>	<http://www.w3.org/2000/01/rdf-schema#subClassOf>	<https://hqdmtop.github.io/hqdm#representation_by_pattern>
<https://hqdmtop.github.io/hqdm#employee>	<http://www.w3.org/1999/02/22-rdf-syntax-ns#type>	<http://www.w3.org/2000/01/rdf-schema#Class>
<https://hqdmtop.github.io/hqdm#employee>	<http://www.w3.org/2000/01/rdf-schema#subClassOf>	<https://hqdmtop.github.io/hqdm#participant>
<https://hqdmtop.github.io/hqdm#employee>	<http://www.w3.org/2000/01/rdf-schema#subClassOf>	<https://hqdmtop.github.io/hqdm#state_of_person>
<https://hqdmtop.github.io/hqdm#employee_participant_in>	<http://www.w3.org/2000/01/rdf-schema#domain>	<https://hqdmtop.github.io/hqdm#employee>
<https://hqdmtop.github.io/hqdm#employee_participant_in>	<http://www.w3.org/2000/01/rdf-schema#range>	<https://hqdmtop.github.io/hqdm#employment>
<https://hqdmtop.github.io/hqdm#employer>	<http://www.w3.org/1999/02/22-rdf-syntax-ns#type>	<http://www.w3.org/2000/01/rdf-schema#Class>
<https://hqdmtop.github.io/hqdm#employer>	<http://www.w3.org/2000/01/rdf-schema#subClassOf>	<https://hqdmtop.github.io/hqdm#participant>
<https://hqdmtop.github.io/hqdm#employer>	<http://www.w3.org/2000/01/rdf-schema#subClassOf>	<https://hqdmtop.github.io/hqdm#state_of_party>
<https://hqdmtop.github.io/hqdm#employer_participant_in>	<http://www.w3.org/2000/01/rdf-schema#domain>	<https://hqdmtop.github.io/hqdm#employer>
<https://hqdmtop.github.io/hqdm#employer_participant_in>	<http://www.w3.org/2000/01/rdf-schema#range>	<https://hqdmtop.github.io/hqdm#employment>
<https://hqdmtop.github.io/hqdm#employment>	<http://www.w3.org/1999/02/22-rdf-syntax-ns#type>	<http://www.w3.org/2000/01/rdf-schema#Class>
<https://hqdmtop.github.io/hqdm#employment>	<http://www.w3.org/2000/01/rdf-schema#subClassOf>	<https://hqdmtop.github.io/hqdm#association>
<https://hqdmtop.github.io/hqdm#employment_consists_of_participant>	<http://www.w3.org/2000/01/rdf-schema#domain>	<https://hqdmtop.github.io/hqdm#employment>
<https://hqdmtop.github.io/hqdm#employment_consists_of_participant>	<http://www.w3.org/2000/01/rdf-schema#range>	<https://hqdmtop.github.io/hqdm#participant_in>
<https://hqdmtop.github.io/hqdm#employment_consists_of_participant_>	<http://www.w3.org/2000/01/rdf-schema#domain>	<https://hqdmtop.github.io/hqdm#employment>
<https://hqdmtop.github.io/hqdm#employment_consists_of_participant_>	<http://www.w3.org/2000/01/rdf-schema#range>	<https://hqdmtop.github.io/hqdm#employee>
<https://hqdmtop.github.io/hqdm#ending_of_ownership>	<http://www.w3.org/1999/02/22-rdf-syntax-ns#type>	<http://www.w3.org/2000/01/rdf-schema#Class>
<https://hqdmtop.github.io/hqdm#ending_of_ownership>	<http://www.w3.org/2000/01/rdf-schema#subClassOf>	<https://hqdmtop.github.io/hqdm#event>
<https://hqdmtop.github.io/hqdm#enumerated_class>	<http://www.w3.org/2000/01/rdf-schema#subClassOf>	<https://hqdmtop.github.io/hqdm#class>
<https://hqdmtop.github.io/hqdm#event>	<http://www.w3.org/1999/02/22-rdf-syntax-ns#type>	<http://www.w3.org/2000/01/rdf-schema#Class>
<https://hqdmtop.github.io/hqdm#event>	<http://www.w3.org/2000/01/rdf-schema#subClassOf>	<https://hqdmtop.github.io/hqdm#spatio_temporal_extent>
<https://hqdmtop.github.io/hqdm#event_member_of>	<http://www.w3.org/2000/01/rdf-schema#domain>	<https://hqdmtop.github.io/hqdm#event>
<https://hqdmtop.github.io/hqdm#event_member_of>	<http://www.w3.org/2000/01/rdf-schema#range>	<https://hqdmtop.github.io/hqdm#class_of_event>
<https://hqdmtop.github.io/hqdm#exchange_of_goods_and_money>	<http://www.w3.org/1999/02/22-rdf-syntax-ns#type>	<http://www.w3.org/2000/01/rdf-schema#Class>
<https://hqdmtop.github.io/hqdm#exchange_of_goods_and_money>	<http://www.w3.org/2000/01/rdf-schema#subClassOf>	<https://hqdmtop.github.io/hqdm#contract_execution>
<https://hqdmtop.github.io/hqdm#exchange_of_goods_and_money_consists_of>	<http://www.w3.org/2000/01/rdf-schema#domain>	<https://hqdmtop.github.io/hqdm#exchange_of_goods_and_money>
<https://hqdmtop.github.io/hqdm#exchange_of_goods_and_money_consists_of>	<http://www.w3.org/2000/01/rdf-schema#range>	<https://hqdmtop.github.io/hqdm#part_of>
<https://hqdmtop.github.io/hqdm#exchange_of_goods_and_money_consists_of_>	<http://www.w3.org/2000/01/rdf-schema#domain>	<https://hqdmtop.github.io/hqdm#exchange_of_goods_and_money>
<https://hqdmtop.github.io/hqdm#exchange_of_goods_and_money_consists_of_>	<http://www.w3.org/2000/01/rdf-schema#range>	<https://hqdmtop.github.io/hqdm#transfer_of_ownership_of_money>
<https://hqdmtop.github.io/hqdm#exchange_of_goods_and_money_part_of>	<http://www.w3.org/2000/01/rdf-schema#domain>	<https://hqdmtop.github.io/hqdm#exchange_of_goods_and_money>
<https://hqdmtop.github.io/hqdm#exchange_of_goods_and_money_part_of>	<http://www.w3.org/2000/01/rdf-schema#range>	<https://hqdmtop.github.io/hqdm#sale_of_goods>
<https://hqdmtop.github.io/hqdm#function_>	<http://www.w3.org/1999/02/22-rdf-syntax-ns#type>	<http://www.w3.org/2000/01/rdf-schema#Class>
<https://hqdmtop.github.io/hqdm#function_>	<http://www.w3.org/2000/01/rdf-schema#subClassOf>	<https://hqdmtop.github.io/hqdm#relationship>
<https://hqdmtop.github.io/hqdm#functional_object>	<http://www.w3.org/1999/02/22-rdf-syntax-ns#type>	<http://www.w3.org/2000/01/rdf-schema#Class>
<https://hqdmtop.github.io/hqdm#functional_object>	<http://www.w3.org/2000/01/rdf-schema#subClassOf>	<https://hqdmtop.github.io/hqdm#intentionally_constructed_object>
<https://hqdmtop.github.io/hqdm#functional_object>	<http://www.w3.org/2000/01/rdf-schema#subClassOf>	<https://hqdmtop.github.io/hqdm#physical_object>
<https://hqdmtop.github.io/hqdm#functional_object>	<http://www.w3.org/2000/01/rdf-schema#subClassOf>	<https://hqdmtop.github.io/hqdm#state_of_functional_object>
<https://hqdmtop.github.io/hqdm#functional_object_intended_role>	<http://www.w3.org/2000/01/rdf-schema#domain>	<https://hqdmtop.github.io/hqdm#functional_object>
<https://hqdmtop.github.io/hqdm#functional_object_intended_role>	<http://www.w3.org/2000/01/rdf-schema#range>	<https://hqdmtop.github.io/hqdm#role>
<https://hqdmtop.github.io/hqdm#functional_object_member_of>	<http://www.w3.org/2000/01/rdf-schema#domain>	<https://hqdmtop.github.io/hqdm#functional_object>
<https://hqdmtop.github.io/hqdm#functional_object_member_of>	<http://www.w3.org/2000/01/rdf-schema#range>	<https://hqdmtop.github.io/hqdm#class_of_functional_object>
<https://hqdmtop.github.io/hqdm#functional_object_member_of_kind>	<http://www.w3.org/2000/01/rdf-schema#domain>	<https://hqdmtop.github.io/hqdm#functional_object>
<https://hqdmtop.github.io/hqdm#functional_object_member_of_kind>	<http://www.w3.org/2000/01/rdf-schema#range>	<https://hqdmtop.github.io/hqdm#kind_of_functional_object>
<https://hqdmtop.github.io/hqdm#functional_system>	<http://www.w3.org/1999/02/22-rdf-syntax-ns#type>	<http://www.w3.org/2000/01/rdf-schema#Class>
<https://hqdmtop.github.io/hqdm#functional_system>	<http://www.w3.org/2000/01/rdf-schema#subClassOf>	<https://hqdmtop.github.io/hqdm#ordinary_functional_object>
<https://hqdmtop.github.io/hqdm#functional_system>	<http://www.w3.org/2000/01/rdf-schema#subClassOf>	<https://hqdmtop.github.io/hqdm#state_of_functional_system>
<https://hqdmtop.github.io/hqdm#functional_system>	<http://www.w3.org/2000/01/rdf-schema#subClassOf>	<https://hqdmtop.github.io/hqdm#system>
<https://hqdmtop.github.io/hqdm#functional_system_component>	<http://www.w3.org/1999/02/22-rdf-syntax-ns#type>	<http://www.w3.org/2000/01/rdf-schema#Class>
<https://hqdmtop.github.io/hqdm#functional_system_component>	<http://www.w3.org/2000/01/rdf-schema#subClassOf>	<https://hqdmtop.github.io/hqdm#functional_object>
<https://hqdmtop.github.io/hqdm#functional_system_component>	<http://www.w3.org/2000/01/rdf-schema#subClassOf>	<https://hqdmtop.github.io/hqdm#state_of_functional_system_component>
<https://hqdmtop.github.io/hqdm#functional_system_component>	<http://www.w3.org/2000/01/rdf-schema#subClassOf>	<https://hqdmtop.github.io/hqdm#system_component>
<https://hqdmtop.github.io/hqdm#functional_system_component_component_of>	<http://www.w3.org/2000/01/rdf-schema#domain>	<https://hqdmtop.github.io/hqdm#functional_system_component>
<https://hqdmtop.github.io/hqdm#functional_system_component_component_of>	<http://www.w3.org/2000/01/rdf-schema#range>	<https://hqdmtop.github.io/hqdm#functional_system>
<https://hqdmtop.github.io/hqdm#functional_system_component_member_of>	<http://www.w3.org/2000/01/rdf-schema#domain>	<https://hqdmtop.github.io/hqdm#functional_system_component>
<https://hqdmtop.github.io/hqdm#functional_system_component_member_of>	<http://www.w3.org/2000/01/rdf-schema#range>	<https://hqdmtop.github.io/hqdm#class_of_functional_system_component>
<https://hqdmtop.github.io/hqdm#functional_system_component_member_of_kind>	<http://www.w3.org/2000/01/rdf-schema#domain>	<https://hqdmtop.github.io/hqdm#functional_system_component>
<https://hqdmtop.github.io/hqdm#functional_system_component_member_of_kind>	<http://www.w3.org/2000/01/rdf-schema#range>	<https://hqdmtop.github.io/hqdm#kind_of_functional_system_component>
<https://hqdmtop.github.io/hqdm#functional_system_member_of>	<http://www.w3.org/2000/01/rdf-schema#domain>	<https://hqdmtop.github.io/hqdm#functional_system>
<https://hqdmtop.github.io/hqdm#functional_system_member_of>	<http://www.w3.org/2000/01/rdf-schema#range>	<https://hqdmtop.github.io/hqdm#class_of_functional_system>
<https://hqdmtop.github.io/hqdm#functional_system_member_of_kind>	<http://www.w3.org/2000/01/rdf-schema#domain>	<https://hqdmtop.github.io/hqdm#functional_system>
<https://hqdmtop.github.io/hqdm#functional_system_member_of_kind>	<http://www.w3.org/2000/01/rdf-schema#range>	<https://hqdmtop.github.io/hqdm#kind_of_functional_system>
<https://hqdmtop.github.io/hqdm#identification>	<http://www.w3.org/1999/02/22-rdf-syntax-ns#type>	<http://www.w3.org/2000/01/rdf-schema#Class>
<https://hqdmtop.github.io/hqdm#identification>	<http://www.w3.org/2000/01/rdf-schema#subClassOf>	<https://hqdmtop.github.io/hqdm#representation_by_pattern>
<https://hqdmtop.github.io/hqdm#identification_of_physical_quantity>	<http://www.w3.org/2000/01/rdf-schema#subClassOf>	<https://hqdmtop.github.io/hqdm#identification>
<https://hqdmtop.github.io/hqdm#identification_of_physical_quantity_consists_of_by_class>	<http://www.w3.org/2000/01/rdf-schema#domain>	<https://hqdmtop.github.io/hqdm#identification_of_physical_quantity>
<https://hqdmtop.github.io/hqdm#identification_of_physical_quantity_consists_of_by_class>	<http://www.w3.org/2000/01/rdf-schema#range>	xsd:double
<https://hqdmtop.github.io/hqdm#identification_of_physical_quantity_represented>	<http://www.w3.org/2000/01/rdf-schema#domain>	<https://hqdmtop.github.io/hqdm#identification_of_physical_quantity>
<https://hqdmtop.github.io/hqdm#identification_of_physical_quantity_represented>	<http://www.w3.org/2000/01/rdf-schema#range>	<https://hqdmtop.github.io/hqdm#physical_quantity>
<https://hqdmtop.github.io/hqdm#identification_of_physical_quantity_uses>	<http://www.w3.org/2000/01/rdf-schema#domain>	<https://hqdmtop.github.io/hqdm#identification_of_physical_quantity>
<https://hqdmtop.github.io/hqdm#identification_of_physical_quantity_uses>	<http://www.w3.org/2000/01/rdf-schema#range>	<https://hqdmtop.github.io/hqdm#scale>
<https://hqdmtop.github.io/hqdm#in_place_biological_component>	<http://www.w3.org/1999/02/22-rdf-syntax-ns#type>	<http://www.w3.org/2000/01/rdf-schema#Class>
<https://hqdmtop.github.io/hqdm#in_place_biological_component>	<http://www.w3.org/2000/01/rdf-schema#subClassOf>	<https://hqdmtop.github.io/hqdm#installed_object>
<https://hqdmtop.github.io/hqdm#in_place_biological_component>	<http://www.w3.org/2000/01/rdf-schema#subClassOf>	<https://hqdmtop.github.io/hqdm#state_of_biological_system_component>
<https://hqdmtop.github.io/hqdm#in_place_biological_component>	<http://www.w3.org/2000/01/rdf-schema#subClassOf>	<https://hqdmtop.github.io/hqdm#state_of_ordinary_biological_object>
<https://hqdmtop.github.io/hqdm#in_place_biological_component_member_of>	<http://www.w3.org/2000/01/rdf-schema#domain>	<https://hqdmtop.github.io/hqdm#in_place_biological_component>
<https://hqdmtop.github.io/hqdm#in_place_biological_component_member_of>	<http://www.w3.org/2000/01/rdf-schema#range>	<https://hqdmtop.github.io/hqdm#class_of_in_place_biological_component>
<https://hqdmtop.github.io/hqdm#individual>	<http://www.w3.org/1999/02/22-rdf-syntax-ns#type>	<http://www.w3.org/2000/01/rdf-schema#Class>
<https://hqdmtop.github.io/hqdm#individual>	<http://www.w3.org/2000/01/rdf-schema#subClassOf>	<https://hqdmtop.github.io/hqdm#state>
<https://hqdmtop.github.io/hqdm#individual_member_of>	<http://www.w3.org/2000/01/rdf-schema#domain>	<https://hqdmtop.github.io/hqdm#individual>
<https://hqdmtop.github.io/hqdm#individual_member_of>	<http://www.w3.org/2000/01/rdf-schema#range>	<https://hqdmtop.github.io/hqdm#class_of_individual>
<https://hqdmtop.github.io/hqdm#individual_member_of_kind>	<http://www.w3.org/2000/01/rdf-schema#domain>	<https://hqdmtop.github.io/hqdm#individual>
<https://hqdmtop.github.io/hqdm#individual_member_of_kind>	<http://www.w3.org/2000/01/rdf-schema#range>	<https://hqdmtop.github.io/hqdm#kind_of_individual>
<https://hqdmtop.github.io/hqdm#installed_functional_system_component>	<http://www.w3.org/1999/02/22-rdf-syntax-ns#type>	<http://www.w3.org/2000/01/rdf-schema#Class>
<https://hqdmtop.github.io/hqdm#installed_functional_system_component>	<http://www.w3.org/2000/01/rdf-schema#subClassOf>	<https://hqdmtop.github.io/hqdm#installed_object>
<https://hqdmtop.github.io/hqdm#installed_functional_system_component>	<http://www.w3.org/2000/01/rdf-schema#subClassOf>	<https://hqdmtop.github.io/hqdm#state_of_functional_system_component>
<https://hqdmtop.github.io/hqdm#installed_functional_system_component>	<http://www.w3.org/2000/01/rdf-schema#subClassOf>	<https://hqdmtop.github.io/hqdm#state_of_ordinary_functional_object>
<https://hqdmtop.github.io/hqdm#installed_functional_system_component_member_of>	<http://www.w3.org/2000/01/rdf-schema#domain>	<https://hqdmtop.github.io/hqdm#installed_functional_system_component>
<https://hqdmtop.github.io/hqdm#installed_functional_system_component_member_of>	<http://www.w3.org/2000/01/rdf-schema#range>	<https://hqdmtop.github.io/hqdm#class_of_installed_functional_system_component>
<https://hqdmtop.github.io/hqdm#installed_object>	<http://www.w3.org/1999/02/22-rdf-syntax-ns#type>	<http://www.w3.org/2000/01/rdf-schema#Class>
<https://hqdmtop.github.io/hqdm#installed_object>	<http://www.w3.org/2000/01/rdf-schema#subClassOf>	<https://hqdmtop.github.io/hqdm#state_of_ordinary_physical_object>
<https://hqdmtop.github.io/hqdm#installed_object>	<http://www.w3.org/2000/01/rdf-schema#subClassOf>	<https://hqdmtop.github.io/hqdm#state_of_system_component>
<https://hqdmtop.github.io/hqdm#installed_object_member_of>	<http://www.w3.org/2000/01/rdf-schema#domain>	<https://hqdmtop.github.io/hqdm#installed_object>
<https://hqdmtop.github.io/hqdm#installed_object_member_of>	<http://www.w3.org/2000/01/rdf-schema#range>	<https://hqdmtop.github.io/hqdm#class_of_installed_object>
<https://hqdmtop.github.io/hqdm#intentionally_constructed_object>	<http://www.w3.org/1999/02/22-rdf-syntax-ns#type>	<http://www.w3.org/2000/01/rdf-schema#Class>
<https://hqdmtop.github.io/hqdm#intentionally_constructed_object>	<http://www.w3.org/2000/01/rdf-schema#subClassOf>	<https://hqdmtop.github.io/hqdm#individual>
<https://hqdmtop.github.io/hqdm#intentionally_constructed_object>	<http://www.w3.org/2000/01/rdf-schema#subClassOf>	<https://hqdmtop.github.io/hqdm#state_of_intentionally_constructed_object>
<https://hqdmtop.github.io/hqdm#intentionally_constructed_object_member_of>	<http://www.w3.org/2000/01/rdf-schema#domain>	<https://hqdmtop.github.io/hqdm#intentionally_constructed_object>
<https://hqdmtop.github.io/hqdm#intentionally_constructed_object_member_of>	<http://www.w3.org/2000/01/rdf-schema#range>	<https://hqdmtop.github.io/hqdm#class_of_intentionally_constructed_object>
<https://hqdmtop.github.io/hqdm#intentionally_constructed_object_member_of_kind>	<http://www.w3.org/2000/01/rdf-schema#domain>	<https://hqdmtop.github.io/hqdm#intentionally_constructed_object>
<https://hqdmtop.github.io/hqdm#intentionally_constructed_object_member_of_kind>	<http://www.w3.org/2000/01/rdf-schema#range>	<https://hqdmtop.github.io/hqdm#kind_of_intentionally_constructed_object>
<https://hqdmtop.github.io/hqdm#kind_of_activity>	<http://www.w3.org/2000/01/rdf-schema#subClassOf>	<https://hqdmtop.github.io/hqdm#class_of_activity>
<https://hqdmtop.github.io/hqdm#kind_of_activity_causes_by_class>	<http://www.w3.org/2000/01/rdf-schema#domain>	<https://hqdmtop.github.io/hqdm#kind_of_activity>
<https://hqdmtop.github.io/hqdm#kind_of_activity_causes_by_class>	<http://www.w3.org/2000/01/rdf-schema#range>	<https://hqdmtop.github.io/hqdm#class_of_event>
<https://hqdmtop.github.io/hqdm#kind_of_activity_consists_of_by_class>	<http://www.w3.org/2000/01/rdf-schema#domain>	<https://hqdmtop.github.io/hqdm#kind_of_activity>
<https://hqdmtop.github.io/hqdm#kind_of_activity_consists_of_by_class>	<http://www.w3.org/2000/01/rdf-schema#range>	<https://hqdmtop.github.io/hqdm#role>
<https://hqdmtop.github.io/hqdm#kind_of_activity_determines_by_class>	<http://www.w3.org/2000/01/rdf-schema#domain>	<https://hqdmtop.github.io/hqdm#kind_of_activity>
<https://hqdmtop.github.io/hqdm#kind_of_activity_determines_by_class>	<http://www.w3.org/2000/01/rdf-schema#range>	<https://hqdmtop.github.io/hqdm#class>
<https://hqdmtop.github.io/hqdm#kind_of_activity_references_by_class>	<http://www.w3.org/2000/01/rdf-schema#domain>	<https://hqdmtop.github.io/hqdm#kind_of_activity>
<https://hqdmtop.github.io/hqdm#kind_of_activity_references_by_class>	<http://www.w3.org/2000/01/rdf-schema#range>	<https://hqdmtop.github.io/hqdm#class>
<https://hqdmtop.github.io/hqdm#kind_of_association>	<http://www.w3.org/2000/01/rdf-schema#subClassOf>	<https://hqdmtop.github.io/hqdm#class_of_association>
<https://hqdmtop.github.io/hqdm#kind_of_association_consists_of_by_class>	<http://www.w3.org/2000/01/rdf-schema#domain>	<https://hqdmtop.github.io/hqdm#kind_of_association>
<https://hqdmtop.github.io/hqdm#kind_of_association_consists_of_by_class>	<http://www.w3.org/2000/01/rdf-schema#range>	<https://hqdmtop.github.io/hqdm#role>
<https://hqdmtop.github.io/hqdm#kind_of_biological_object>	<http://www.w3.org/1999/02/22-rdf-syntax-ns#type>	<http://www.w3.org/2000/01/rdf-schema#Class>
<https://hqdmtop.github.io/hqdm#kind_of_biological_object>	<http://www.w3.org/2000/01/rdf-schema#subClassOf>	<https://hqdmtop.github.io/hqdm#class_of_biological_object>
<https://hqdmtop.github.io/hqdm#kind_of_biological_object>	<http://www.w3.org/2000/01/rdf-schema#subClassOf>	<https://hqdmtop.github.io/hqdm#kind_of_physical_object>
<https://hqdmtop.github.io/hqdm#kind_of_biological_system>	<http://www.w3.org/1999/02/22-rdf-syntax-ns#type>	<http://www.w3.org/2000/01/rdf-schema#Class>
<https://hqdmtop.github.io/hqdm#kind_of_biological_system>	<http://www.w3.org/2000/01/rdf-schema#subClassOf>	<https://hqdmtop.github.io/hqdm#class_of_biological_system>
<https://hqdmtop.github.io/hqdm#kind_of_biological_system>	<http://www.w3.org/2000/01/rdf-schema#subClassOf>	<https://hqdmtop.github.io/hqdm#kind_of_system>
<https://hqdmtop.github.io/hqdm#kind_of_biological_system_component>	<http://www.w3.org/2000/01/rdf-schema#subClassOf>	<https://hqdmtop.github.io/hqdm#class_of_biological_system_component>
<https://hqdmtop.github.io/hqdm#kind_of_biological_system_component>	<http://www.w3.org/2000/01/rdf-schema#subClassOf>	<https://hqdmtop.github.io/hqdm#kind_of_system_component>
<https://hqdmtop.github.io/hqdm#kind_of_biological_system_has_component_by_class>	<http://www.w3.org/2000/01/rdf-schema#domain>	<https://hqdmtop.github.io/hqdm#kind_of_biological_system>
<https://hqdmtop.github.io/hqdm#kind_of_biological_system_has_component_by_class>	<http://www.w3.org/2000/01/rdf-schema#range>	<https://hqdmtop.github.io/hqdm#kind_of_biological_system_component>
<https://hqdmtop.github.io/hqdm#kind_of_biological_system_natural_role_by_class>	<http://www.w3.org/2000/01/rdf-schema#domain>	<https://hqdmtop.github.io/hqdm#kind_of_biological_system>
<https://hqdmtop.github.io/hqdm#kind_of_biological_system_natural_role_by_class>	<http://www.w3.org/2000/01/rdf-schema#range>	<https://hqdmtop.github.io/hqdm#role>
<https://hqdmtop.github.io/hqdm#kind_of_functional_object>	<http://www.w3.org/1999/02/22-rdf-syntax-ns#type>	<http://www.w3.org/2000/01/rdf-schema#Class>
<https://hqdmtop.github.io/hqdm#kind_of_functional_object>	<http://www.w3.org/2000/01/rdf-schema#subClassOf>	<https://hqdmtop.github.io/hqdm#class_of_functional_object>
<https://hqdmtop.github.io/hqdm#kind_of_functional_object>	<http://www.w3.org/2000/01/rdf-schema#subClassOf>	<https://hqdmtop.github.io/hqdm#kind_of_intentionally_constructed_object>
<https://hqdmtop.github.io/hqdm#kind_of_functional_object>	<http://www.w3.org/2000/01/rdf-schema#subClassOf>	<https://hqdmtop.github.io/hqdm#kind_of_physical_object>
<https://hqdmtop.github.io/hqdm#kind_of_functional_object_intended_role_by_class>	<http://www.w3.org/2000/01/rdf-schema#domain>	<https://hqdmtop.github.io/hqdm#kind_of_functional_object>
<https://hqdmtop.github.io/hqdm#kind_of_functional_object_intended_role_by_class>	<http://www.w3.org/2000/01/rdf-schema#range>	<https://hqdmtop.github.io/hqdm#role>
<https://hqdmtop.github.io/hqdm#kind_of_functional_system>	<http://www.w3.org/1999/02/22-rdf-syntax-ns#type>	<http://www.w3.org/2000/01/rdf-schema#Class>
<https://hqdmtop.github.io/hqdm#kind_of_functional_system>	<http://www.w3.org/2000/01/rdf-schema#subClassOf>	<https://hqdmtop.github.io/hqdm#class_of_functional_system>
<https://hqdmtop.github.io/hqdm#kind_of_functional_system>	<http://www.w3.org/2000/01/rdf-schema#subClassOf>	<https://hqdmtop.github.io/hqdm#kind_of_system>
<https://hqdmtop.github.io/hqdm#kind_of_functional_system_component>	<http://www.w3.org/2000/01/rdf-schema#subClassOf>	<https://hqdmtop.github.io/hqdm#class_of_functional_system_component>
<https://hqdmtop.github.io/hqdm#kind_of_functional_system_component>	<http://www.w3.org/2000/01/rdf-schema#subClassOf>	<https://hqdmtop.github.io/hqdm#kind_of_system_component>
<https://hqdmtop.github.io/hqdm#kind_of_functional_system_has_component_by_class>	<http://www.w3.org/2000/01/rdf-schema#domain>	<https://hqdmtop.github.io/hqdm#kind_of_functional_system>
<https://hqdmtop.github.io/hqdm#kind_of_functional_system_has_component_by_class>	<http://www.w3.org/2000/01/rdf-schema#range>	<https://hqdmtop.github.io/hqdm#kind_of_functional_system_component>
<https://hqdmtop.github.io/hqdm#kind_of_individual>	<http://www.w3.org/1999/02/22-rdf-syntax-ns#type>	<http://www.w3.org/2000/01/rdf-schema#Class>
<https://hqdmtop.github.io/hqdm#kind_of_individual>	<http://www.w3.org/2000/01/rdf-schema#subClassOf>	<https://hqdmtop.github.io/hqdm#class_of_individual>
<https://hqdmtop.github.io/hqdm#kind_of_intentionally_constructed_object>	<http://www.w3.org/1999/02/22-rdf-syntax-ns#type>	<http://www.w3.org/2000/01/rdf-schema#Class>
<https://hqdmtop.github.io/hqdm#kind_of_intentionally_constructed_object>	<http://www.w3.org/2000/01/rdf-schema#subClassOf>	<https://hqdmtop.github.io/hqdm#class_of_intentionally_constructed_object>
<https://hqdmtop.github.io/hqdm#kind_of_intentionally_constructed_object>	<http://www.w3.org/2000/01/rdf-schema#subClassOf>	<https://hqdmtop.github.io/hqdm#kind_of_individual>
<https://hqdmtop.github.io/hqdm#kind_of_ordinary_biological_object>	<http://www.w3.org/2000/01/rdf-schema#subClassOf>	<https://hqdmtop.github.io/hqdm#class_of_ordinary_biological_object>
<https://hqdmtop.github.io/hqdm#kind_of_ordinary_biological_object>	<http://www.w3.org/2000/01/rdf-schema#subClassOf>	<https://hqdmtop.github.io/hqdm#kind_of_biological_object>
<https://hqdmtop.github.io/hqdm#kind_of_ordinary_biological_object>	<http://www.w3.org/2000/01/rdf-schema#subClassOf>	<https://hqdmtop.github.io/hqdm#kind_of_ordinary_physical_object>
<https://hqdmtop.github.io/hqdm#kind_of_ordinary_functional_object>	<http://www.w3.org/1999/02/22-rdf-syntax-ns#type>	<http://www.w3.org/2000/01/rdf-schema#Class>
<https://hqdmtop.github.io/hqdm#kind_of_ordinary_functional_object>	<http://www.w3.org/2000/01/rdf-schema#subClassOf>	<https://hqdmtop.github.io/hqdm#class_of_ordinary_functional_object>
<https://hqdmtop.github.io/hqdm#kind_of_ordinary_functional_object>	<http://www.w3.org/2000/01/rdf-schema#subClassOf>	<https://hqdmtop.github.io/hqdm#kind_of_functional_object>
<https://hqdmtop.github.io/hqdm#kind_of_ordinary_functional_object>	<http://www.w3.org/2000/01/rdf-schema#subClassOf>	<https://hqdmtop.github.io/hqdm#kind_of_ordinary_physical_object>
<https://hqdmtop.github.io/hqdm#kind_of_ordinary_physical_object>	<http://www.w3.org/1999/02/22-rdf-syntax-ns#type>	<http://www.w3.org/2000/01/rdf-schema#Class>
<https://hqdmtop.github.io/hqdm#kind_of_ordinary_physical_object>	<http://www.w3.org/2000/01/rdf-schema#subClassOf>	<https://hqdmtop.github.io/hqdm#class_of_ordinary_physical_object>
<https://hqdmtop.github.io/hqdm#kind_of_ordinary_physical_object>	<http://www.w3.org/2000/01/rdf-schema#subClassOf>	<https://hqdmtop.github.io/hqdm#kind_of_physical_object>
<https://hqdmtop.github.io/hqdm#kind_of_organization>	<http://www.w3.org/2000/01/rdf-schema#subClassOf>	<https://hqdmtop.github.io/hqdm#class_of_organization>
<https://hqdmtop.github.io/hqdm#kind_of_organization>	<http://www.w3.org/2000/01/rdf-schema#subClassOf>	<https://hqdmtop.github.io/hqdm#kind_of_party>
<https://hqdmtop.github.io/hqdm#kind_of_organization>	<http://www.w3.org/2000/01/rdf-schema#subClassOf>	<https://hqdmtop.github.io/hqdm#kind_of_socially_constructed_object>
<https://hqdmtop.github.io/hqdm#kind_of_organization_component>	<http://www.w3.org/1999/02/22-rdf-syntax-ns#type>	<http://www.w3.org/2000/01/rdf-schema#Class>
<https://hqdmtop.github.io/hqdm#kind_of_organization_component>	<http://www.w3.org/2000/01/rdf-schema#subClassOf>	<https://hqdmtop.github.io/hqdm#class_of_organization_component>
<https://hqdmtop.github.io/hqdm#kind_of_organization_component>	<http://www.w3.org/2000/01/rdf-schema#subClassOf>	<https://hqdmtop.github.io/hqdm#kind_of_socially_constructed_object>
<https://hqdmtop.github.io/hqdm#kind_of_organization_component>	<http://www.w3.org/2000/01/rdf-schema#subClassOf>	<https://hqdmtop.github.io/hqdm#kind_of_system_component>
<https://hqdmtop.github.io/hqdm#kind_of_organization_component_by_class>	<http://www.w3.org/2000/01/rdf-schema#domain>	<https://hqdmtop.github.io/hqdm#kind_of_organization>
<https://hqdmtop.github.io/hqdm#kind_of_organization_component_by_class>	<http://www.w3.org/2000/01/rdf-schema#range>	<https://hqdmtop.github.io/hqdm#kind_of_organization_component>
<https://hqdmtop.github.io/hqdm#kind_of_party>	<http://www.w3.org/1999/02/22-rdf-syntax-ns#type>	<http://www.w3.org/2000/01/rdf-schema#Class>
<https://hqdmtop.github.io/hqdm#kind_of_party>	<http://www.w3.org/2000/01/rdf-schema#subClassOf>	<https://hqdmtop.github.io/hqdm#class_of_party>
<https://hqdmtop.github.io/hqdm#kind_of_party>	<http://www.w3.org/2000/01/rdf-schema#subClassOf>	<https://hqdmtop.github.io/hqdm#kind_of_system>
<https://hqdmtop.github.io/hqdm#kind_of_person>	<http://www.w3.org/1999/02/22-rdf-syntax-ns#type>	<http://www.w3.org/2000/01/rdf-schema#Class>
<https://hqdmtop.github.io/hqdm#kind_of_person>	<http://www.w3.org/2000/01/rdf-schema#subClassOf>	<https://hqdmtop.github.io/hqdm#class_of_person>
<https://hqdmtop.github.io/hqdm#kind_of_person>	<http://www.w3.org/2000/01/rdf-schema#subClassOf>	<https://hqdmtop.github.io/hqdm#kind_of_party>
<https://hqdmtop.github.io/hqdm#kind_of_physical_object>	<http://www.w3.org/1999/02/22-rdf-syntax-ns#type>	<http://www.w3.org/2000/01/rdf-schema#Class>
<https://hqdmtop.github.io/hqdm#kind_of_physical_object>	<http://www.w3.org/2000/01/rdf-schema#subClassOf>	<https://hqdmtop.github.io/hqdm#class_of_physical_object>
<https://hqdmtop.github.io/hqdm#kind_of_physical_object>	<http://www.w3.org/2000/01/rdf-schema#subClassOf>	<https://hqdmtop.github.io/hqdm#kind_of_individual>
<https://hqdmtop.github.io/hqdm#kind_of_physical_property>	<http://www.w3.org/1999/02/22-rdf-syntax-ns#type>	<http://www.w3.org/2000/01/rdf-schema#Class>
<https://hqdmtop.github.io/hqdm#kind_of_physical_property>	<http://www.w3.org/2000/01/rdf-schema#subClassOf>	<https://hqdmtop.github.io/hqdm#class_of_physical_property>
<https://hqdmtop.github.io/hqdm#kind_of_physical_quantity>	<http://www.w3.org/1999/02/22-rdf-syntax-ns#type>	<http://www.w3.org/2000/01/rdf-schema#Class>
<https://hqdmtop.github.io/hqdm#kind_of_physical_quantity>	<http://www.w3.org/2000/01/rdf-schema#subClassOf>	<https://hqdmtop.github.io/hqdm#class_of_physical_quantity>
<https://hqdmtop.github.io/hqdm#kind_of_physical_quantity>	<http://www.w3.org/2000/01/rdf-schema#subClassOf>	<https://hqdmtop.github.io/hqdm#kind_of_physical_property>
<https://hqdmtop.github.io/hqdm#kind_of_position>	<http://www.w3.org/1999/02/22-rdf-syntax-ns#type>	<http://www.w3.org/2000/01/rdf-schema#Class>
<https://hqdmtop.github.io/hqdm#kind_of_position>	<http://www.w3.org/2000/01/rdf-schema#subClassOf>	<https://hqdmtop.github.io/hqdm#class_of_position>
<https://hqdmtop.github.io/hqdm#kind_of_position>	<http://www.w3.org/2000/01/rdf-schema#subClassOf>	<https://hqdmtop.github.io/hqdm#kind_of_organization_component>
<https://hqdmtop.github.io/hqdm#kind_of_relationship_with_restriction>	<http://www.w3.org/1999/02/22-rdf-syntax-ns#type>	<http://www.w3.org/2000/01/rdf-schema#Class>
<https://hqdmtop.github.io/hqdm#kind_of_relationship_with_restriction>	<http://www.w3.org/2000/01/rdf-schema#subClassOf>	<https://hqdmtop.github.io/hqdm#kind_of_relationship_with_signature>
<https://hqdmtop.github.io/hqdm#kind_of_relationship_with_restriction_required_role_player>	<http://www.w3.org/2000/01/rdf-schema#domain>	<https://hqdmtop.github.io/hqdm#kind_of_relationship_with_restriction>
<https://hqdmtop.github.io/hqdm#kind_of_relationship_with_restriction_required_role_player>	<http://www.w3.org/2000/01/rdf-schema#range>	<https://hqdmtop.github.io/hqdm#classification>
<https://hqdmtop.github.io/hqdm#kind_of_relationship_with_signature>	<http://www.w3.org/1999/02/22-rdf-syntax-ns#type>	<http://www.w3.org/2000/01/rdf-schema#Class>
<https://hqdmtop.github.io/hqdm#kind_of_relationship_with_signature>	<http://www.w3.org/2000/01/rdf-schema#subClassOf>	<https://hqdmtop.github.io/hqdm#class_of_relationship>
<https://hqdmtop.github.io/hqdm#kind_of_relationship_with_signature_roles>	<http://www.w3.org/2000/01/rdf-schema#domain>	<https://hqdmtop.github.io/hqdm#kind_of_relationship_with_signature>
<https://hqdmtop.github.io/hqdm#kind_of_relationship_with_signature_roles>	<http://www.w3.org/2000/01/rdf-schema#range>	<https://hqdmtop.github.io/hqdm#class>
<https://hqdmtop.github.io/hqdm#kind_of_socially_constructed_object>	<http://www.w3.org/1999/02/22-rdf-syntax-ns#type>	<http://www.w3.org/2000/01/rdf-schema#Class>
<https://hqdmtop.github.io/hqdm#kind_of_socially_constructed_object>	<http://www.w3.org/2000/01/rdf-schema#subClassOf>	<https://hqdmtop.github.io/hqdm#class_of_state_of_socially_constructed_object>
<https://hqdmtop.github.io/hqdm#kind_of_socially_constructed_object>	<http://www.w3.org/2000/01/rdf-schema#subClassOf>	<https://hqdmtop.github.io/hqdm#kind_of_intentionally_constructed_object>
<https://hqdmtop.github.io/hqdm#kind_of_system>	<http://www.w3.org/1999/02/22-rdf-syntax-ns#type>	<http://www.w3.org/2000/01/rdf-schema#Class>
<https://hqdmtop.github.io/hqdm#kind_of_system>	<http://www.w3.org/2000/01/rdf-schema#subClassOf>	<https://hqdmtop.github.io/hqdm#class_of_system>
<https://hqdmtop.github.io/hqdm#kind_of_system>	<http://www.w3.org/2000/01/rdf-schema#subClassOf>	<https://hqdmtop.github.io/hqdm#kind_of_ordinary_physical_object>
<https://hqdmtop.github.io/hqdm#kind_of_system_component>	<http://www.w3.org/1999/02/22-rdf-syntax-ns#type>	<http://www.w3.org/2000/01/rdf-schema#Class>
<https://hqdmtop.github.io/hqdm#kind_of_system_component>	<http://www.w3.org/2000/01/rdf-schema#subClassOf>	<https://hqdmtop.github.io/hqdm#class_of_system_component>
<https://hqdmtop.github.io/hqdm#kind_of_system_component>	<http://www.w3.org/2000/01/rdf-schema#subClassOf>	<https://hqdmtop.github.io/hqdm#kind_of_physical_object>
<https://hqdmtop.github.io/hqdm#kind_of_system_has_component_by_class>	<http://www.w3.org/2000/01/rdf-schema#domain>	<https://hqdmtop.github.io/hqdm#kind_of_system>
<https://hqdmtop.github.io/hqdm#kind_of_system_has_component_by_class>	<http://www.w3.org/2000/01/rdf-schema#range>	<https://hqdmtop.github.io/hqdm#kind_of_system_component>
<https://hqdmtop.github.io/hqdm#language_community>	<http://www.w3.org/1999/02/22-rdf-syntax-ns#type>	<http://www.w3.org/2000/01/rdf-schema#Class>
<https://hqdmtop.github.io/hqdm#language_community>	<http://www.w3.org/2000/01/rdf-schema#subClassOf>	<https://hqdmtop.github.io/hqdm#organization>
<https://hqdmtop.github.io/hqdm#language_community>	<http://www.w3.org/2000/01/rdf-schema#subClassOf>	<https://hqdmtop.github.io/hqdm#state_of_language_community>
<https://hqdmtop.github.io/hqdm#money_asset>	<http://www.w3.org/1999/02/22-rdf-syntax-ns#type>	<http://www.w3.org/2000/01/rdf-schema#Class>
<https://hqdmtop.github.io/hqdm#money_asset>	<http://www.w3.org/2000/01/rdf-schema#subClassOf>	<https://hqdmtop.github.io/hqdm#asset>
<https://hqdmtop.github.io/hqdm#money_asset>	<http://www.w3.org/2000/01/rdf-schema#subClassOf>	<https://hqdmtop.github.io/hqdm#state_of_amount_of_money>
<https://hqdmtop.github.io/hqdm#offer>	<http://www.w3.org/1999/02/22-rdf-syntax-ns#type>	<http://www.w3.org/2000/01/rdf-schema#Class>
<https://hqdmtop.github.io/hqdm#offer>	<http://www.w3.org/2000/01/rdf-schema#subClassOf>	<https://hqdmtop.github.io/hqdm#socially_constructed_activity>
<https://hqdmtop.github.io/hqdm#offer_and_acceptance_for_goods>	<http://www.w3.org/1999/02/22-rdf-syntax-ns#type>	<http://www.w3.org/2000/01/rdf-schema#Class>
<https://hqdmtop.github.io/hqdm#offer_and_acceptance_for_goods>	<http://www.w3.org/2000/01/rdf-schema#subClassOf>	<https://hqdmtop.github.io/hqdm#agree_contract>
<https://hqdmtop.github.io/hqdm#offer_and_acceptance_for_goods_consists_of>	<http://www.w3.org/2000/01/rdf-schema#domain>	<https://hqdmtop.github.io/hqdm#offer_and_acceptance_for_goods>
<https://hqdmtop.github.io/hqdm#offer_and_acceptance_for_goods_consists_of>	<http://www.w3.org/2000/01/rdf-schema#range>	<https://hqdmtop.github.io/hqdm#part_of>
<https://hqdmtop.github.io/hqdm#offer_and_acceptance_for_goods_consists_of_>	<http://www.w3.org/2000/01/rdf-schema#domain>	<https://hqdmtop.github.io/hqdm#offer_and_acceptance_for_goods>
<https://hqdmtop.github.io/hqdm#offer_and_acceptance_for_goods_consists_of_>	<http://www.w3.org/2000/01/rdf-schema#range>	<https://hqdmtop.github.io/hqdm#part_of>
<https://hqdmtop.github.io/hqdm#offer_and_acceptance_for_goods_part_of>	<http://www.w3.org/2000/01/rdf-schema#domain>	<https://hqdmtop.github.io/hqdm#offer_and_acceptance_for_goods>
<https://hqdmtop.github.io/hqdm#offer_and_acceptance_for_goods_part_of>	<http://www.w3.org/2000/01/rdf-schema#range>	<https://hqdmtop.github.io/hqdm#sale_of_goods>
<https://hqdmtop.github.io/hqdm#offer_for_goods>	<http://www.w3.org/1999/02/22-rdf-syntax-ns#type>	<http://www.w3.org/2000/01/rdf-schema#Class>
<https://hqdmtop.github.io/hqdm#offer_for_goods>	<http://www.w3.org/2000/01/rdf-schema#subClassOf>	<https://hqdmtop.github.io/hqdm#offer>
<https://hqdmtop.github.io/hqdm#offer_for_goods_part_of>	<http://www.w3.org/2000/01/rdf-schema#domain>	<https://hqdmtop.github.io/hqdm#offer_for_goods>
<https://hqdmtop.github.io/hqdm#offer_for_goods_part_of>	<http://www.w3.org/2000/01/rdf-schema#range>	<https://hqdmtop.github.io/hqdm#offer_and_acceptance_for_goods>
<https://hqdmtop.github.io/hqdm#offer_for_goods_references>	<http://www.w3.org/2000/01/rdf-schema#domain>	<https://hqdmtop.github.io/hqdm#offer_for_goods>
<https://hqdmtop.github.io/hqdm#offer_for_goods_references>	<http://www.w3.org/2000/01/rdf-schema#range>	<https://hqdmtop.github.io/hqdm#exchange_of_goods_and_money>
<https://hqdmtop.github.io/hqdm#offer_member_of>	<http://www.w3.org/2000/01/rdf-schema#domain>	<https://hqdmtop.github.io/hqdm#offer>
<https://hqdmtop.github.io/hqdm#offer_member_of>	<http://www.w3.org/2000/01/rdf-schema#range>	<https://hqdmtop.github.io/hqdm#class_of_offer>
<https://hqdmtop.github.io/hqdm#offer_part_of>	<http://www.w3.org/2000/01/rdf-schema#domain>	<https://hqdmtop.github.io/hqdm#offer>
<https://hqdmtop.github.io/hqdm#offer_part_of>	<http://www.w3.org/2000/01/rdf-schema#range>	<https://hqdmtop.github.io/hqdm#agree_contract>
<https://hqdmtop.github.io/hqdm#offering>	<http://www.w3.org/1999/02/22-rdf-syntax-ns#type>	<http://www.w3.org/2000/01/rdf-schema#Class>
<https://hqdmtop.github.io/hqdm#offering>	<http://www.w3.org/2000/01/rdf-schema#subClassOf>	<https://hqdmtop.github.io/hqdm#class_of_offer>
<https://hqdmtop.github.io/hqdm#offering_class_of_offered>	<http://www.w3.org/2000/01/rdf-schema#domain>	<https://hqdmtop.github.io/hqdm#offering>
<https://hqdmtop.github.io/hqdm#offering_class_of_offered>	<http://www.w3.org/2000/01/rdf-schema#range>	<https://hqdmtop.github.io/hqdm#class_of_individual>
<https://hqdmtop.github.io/hqdm#offering_consideration_by_class>	<http://www.w3.org/2000/01/rdf-schema#domain>	<https://hqdmtop.github.io/hqdm#offering>
<https://hqdmtop.github.io/hqdm#offering_consideration_by_class>	<http://www.w3.org/2000/01/rdf-schema#range>	<https://hqdmtop.github.io/hqdm#price>
<https://hqdmtop.github.io/hqdm#offering_offeror>	<http://www.w3.org/2000/01/rdf-schema#domain>	<https://hqdmtop.github.io/hqdm#offering>
<https://hqdmtop.github.io/hqdm#offering_offeror>	<http://www.w3.org/2000/01/rdf-schema#range>	<https://hqdmtop.github.io/hqdm#party>
<https://hqdmtop.github.io/hqdm#offering_period_offered>	<http://www.w3.org/2000/01/rdf-schema#domain>	<https://hqdmtop.github.io/hqdm#offering>
<https://hqdmtop.github.io/hqdm#offering_period_offered>	<http://www.w3.org/2000/01/rdf-schema#range>	<https://hqdmtop.github.io/hqdm#period_of_time>
<https://hqdmtop.github.io/hqdm#ordinary_biological_object>	<http://www.w3.org/1999/02/22-rdf-syntax-ns#type>	<http://www.w3.org/2000/01/rdf-schema#Class>
<https://hqdmtop.github.io/hqdm#ordinary_biological_object>	<http://www.w3.org/2000/01/rdf-schema#subClassOf>	<https://hqdmtop.github.io/hqdm#biological_object>
<https://hqdmtop.github.io/hqdm#ordinary_biological_object>	<http://www.w3.org/2000/01/rdf-schema#subClassOf>	<https://hqdmtop.github.io/hqdm#ordinary_physical_object>
<https://hqdmtop.github.io/hqdm#ordinary_biological_object>	<http://www.w3.org/2000/01/rdf-schema#subClassOf>	<https://hqdmtop.github.io/hqdm#state_of_ordinary_biological_object>
<https://hqdmtop.github.io/hqdm#ordinary_biological_object_member_of>	<http://www.w3.org/2000/01/rdf-schema#domain>	<https://hqdmtop.github.io/hqdm#ordinary_biological_object>
<https://hqdmtop.github.io/hqdm#ordinary_biological_object_member_of>	<http://www.w3.org/2000/01/rdf-schema#range>	<https://hqdmtop.github.io/hqdm#class_of_ordinary_biological_object>
<https://hqdmtop.github.io/hqdm#ordinary_biological_object_member_of_kind>	<http://www.w3.org/2000/01/rdf-schema#domain>	<https://hqdmtop.github.io/hqdm#ordinary_biological_object>
<https://hqdmtop.github.io/hqdm#ordinary_biological_object_member_of_kind>	<http://www.w3.org/2000/01/rdf-schema#range>	<https://hqdmtop.github.io/hqdm#kind_of_ordinary_biological_object>
<https://hqdmtop.github.io/hqdm#ordinary_functional_object>	<http://www.w3.org/1999/02/22-rdf-syntax-ns#type>	<http://www.w3.org/2000/01/rdf-schema#Class>
<https://hqdmtop.github.io/hqdm#ordinary_functional_object>	<http://www.w3.org/2000/01/rdf-schema#subClassOf>	<https://hqdmtop.github.io/hqdm#functional_object>
<https://hqdmtop.github.io/hqdm#ordinary_functional_object>	<http://www.w3.org/2000/01/rdf-schema#subClassOf>	<https://hqdmtop.github.io/hqdm#ordinary_physical_object>
<https://hqdmtop.github.io/hqdm#ordinary_functional_object>	<http://www.w3.org/2000/01/rdf-schema#subClassOf>	<https://hqdmtop.github.io/hqdm#state_of_ordinary_functional_object>
<https://hqdmtop.github.io/hqdm#ordinary_functional_object_member_of>	<http://www.w3.org/2000/01/rdf-schema#domain>	<https://hqdmtop.github.io/hqdm#ordinary_functional_object>
<https://hqdmtop.github.io/hqdm#ordinary_functional_object_member_of>	<http://www.w3.org/2000/01/rdf-schema#range>	<https://hqdmtop.github.io/hqdm#class_of_ordinary_functional_object>
<https://hqdmtop.github.io/hqdm#ordinary_functional_object_member_of_kind>	<http://www.w3.org/2000/01/rdf-schema#domain>	<https://hqdmtop.github.io/hqdm#ordinary_functional_object>
<https://hqdmtop.github.io/hqdm#ordinary_functional_object_member_of_kind>	<http://www.w3.org/2000/01/rdf-schema#range>	<https://hqdmtop.github.io/hqdm#kind_of_ordinary_functional_object>
<https://hqdmtop.github.io/hqdm#ordinary_physical_object>	<http://www.w3.org/1999/02/22-rdf-syntax-ns#type>	<http://www.w3.org/2000/01/rdf-schema#Class>
<https://hqdmtop.github.io/hqdm#ordinary_physical_object>	<http://www.w3.org/2000/01/rdf-schema#subClassOf>	<https://hqdmtop.github.io/hqdm#physical_object>
<https://hqdmtop.github.io/hqdm#ordinary_physical_object>	<http://www.w3.org/2000/01/rdf-schema#subClassOf>	<https://hqdmtop.github.io/hqdm#state_of_ordinary_physical_object>
<https://hqdmtop.github.io/hqdm#ordinary_physical_object_member_of>	<http://www.w3.org/2000/01/rdf-schema#domain>	<https://hqdmtop.github.io/hqdm#ordinary_physical_object>
<https://hqdmtop.github.io/hqdm#ordinary_physical_object_member_of>	<http://www.w3.org/2000/01/rdf-schema#range>	<https://hqdmtop.github.io/hqdm#class_of_ordinary_physical_object>
<https://hqdmtop.github.io/hqdm#ordinary_physical_object_member_of_kind>	<http://www.w3.org/2000/01/rdf-schema#domain>	<https://hqdmtop.github.io/hqdm#ordinary_physical_object>
<https://hqdmtop.github.io/hqdm#ordinary_physical_object_member_of_kind>	<http://www.w3.org/2000/01/rdf-schema#range>	<https://hqdmtop.github.io/hqdm#kind_of_ordinary_physical_object>
<https://hqdmtop.github.io/hqdm#organization>	<http://www.w3.org/1999/02/22-rdf-syntax-ns#type>	<http://www.w3.org/2000/01/rdf-schema#Class>
<https://hqdmtop.github.io/hqdm#organization>	<http://www.w3.org/2000/01/rdf-schema#subClassOf>	<https://hqdmtop.github.io/hqdm#party>
<https://hqdmtop.github.io/hqdm#organization>	<http://www.w3.org/2000/01/rdf-schema#subClassOf>	<https://hqdmtop.github.io/hqdm#socially_constructed_object>
<https://hqdmtop.github.io/hqdm#organization>	<http://www.w3.org/2000/01/rdf-schema#subClassOf>	<https://hqdmtop.github.io/hqdm#state_of_organization>
<https://hqdmtop.github.io/hqdm#organization_component>	<http://www.w3.org/1999/02/22-rdf-syntax-ns#type>	<http://www.w3.org/2000/01/rdf-schema#Class>
<https://hqdmtop.github.io/hqdm#organization_component>	<http://www.w3.org/2000/01/rdf-schema#subClassOf>	<https://hqdmtop.github.io/hqdm#socially_constructed_object>
<https://hqdmtop.github.io/hqdm#organization_component>	<http://www.w3.org/2000/01/rdf-schema#subClassOf>	<https://hqdmtop.github.io/hqdm#state_of_organization_component>
<https://hqdmtop.github.io/hqdm#organization_component>	<http://www.w3.org/2000/01/rdf-schema#subClassOf>	<https://hqdmtop.github.io/hqdm#system_component>
<https://hqdmtop.github.io/hqdm#organization_component_component_of>	<http://www.w3.org/2000/01/rdf-schema#domain>	<https://hqdmtop.github.io/hqdm#organization_component>
<https://hqdmtop.github.io/hqdm#organization_component_component_of>	<http://www.w3.org/2000/01/rdf-schema#range>	<https://hqdmtop.github.io/hqdm#organization>
<https://hqdmtop.github.io/hqdm#organization_component_member_of>	<http://www.w3.org/2000/01/rdf-schema#domain>	<https://hqdmtop.github.io/hqdm#organization_component>
<https://hqdmtop.github.io/hqdm#organization_component_member_of>	<http://www.w3.org/2000/01/rdf-schema#domain>	<https://hqdmtop.github.io/hqdm#class_of_organization_component>
<https://hqdmtop.github.io/hqdm#organization_component_member_of_kind>	<http://www.w3.org/2000/01/rdf-schema#domain>	<https://hqdmtop.github.io/hqdm#organization_component>
<https://hqdmtop.github.io/hqdm#organization_component_member_of_kind>	<http://www.w3.org/2000/01/rdf-schema#range>	<https://hqdmtop.github.io/hqdm#kind_of_organization_component>
<https://hqdmtop.github.io/hqdm#organization_member_of>	<http://www.w3.org/2000/01/rdf-schema#domain>	<https://hqdmtop.github.io/hqdm#organization>
<https://hqdmtop.github.io/hqdm#organization_member_of>	<http://www.w3.org/2000/01/rdf-schema#range>	<https://hqdmtop.github.io/hqdm#class_of_organization>
<https://hqdmtop.github.io/hqdm#organization_member_of_kind>	<http://www.w3.org/2000/01/rdf-schema#domain>	<https://hqdmtop.github.io/hqdm#organization>
<https://hqdmtop.github.io/hqdm#organization_member_of_kind>	<http://www.w3.org/2000/01/rdf-schema#range>	<https://hqdmtop.github.io/hqdm#kind_of_organization>
<https://hqdmtop.github.io/hqdm#owner>	<http://www.w3.org/1999/02/22-rdf-syntax-ns#type>	<http://www.w3.org/2000/01/rdf-schema#Class>
<https://hqdmtop.github.io/hqdm#owner>	<http://www.w3.org/2000/01/rdf-schema#subClassOf>	<https://hqdmtop.github.io/hqdm#participant>
<https://hqdmtop.github.io/hqdm#owner>	<http://www.w3.org/2000/01/rdf-schema#subClassOf>	<https://hqdmtop.github.io/hqdm#state_of_party>
<https://hqdmtop.github.io/hqdm#owner_participant_in>	<http://www.w3.org/2000/01/rdf-schema#domain>	<https://hqdmtop.github.io/hqdm#owner>
<https://hqdmtop.github.io/hqdm#owner_participant_in>	<http://www.w3.org/2000/01/rdf-schema#range>	<https://hqdmtop.github.io/hqdm#ownership>
<https://hqdmtop.github.io/hqdm#ownership>	<http://www.w3.org/1999/02/22-rdf-syntax-ns#type>	<http://www.w3.org/2000/01/rdf-schema#Class>
<https://hqdmtop.github.io/hqdm#ownership>	<http://www.w3.org/2000/01/rdf-schema#subClassOf>	<https://hqdmtop.github.io/hqdm#association>
<https://hqdmtop.github.io/hqdm#ownership_consists_of_participant>	<http://www.w3.org/2000/01/rdf-schema#domain>	<https://hqdmtop.github.io/hqdm#ownership>
<https://hqdmtop.github.io/hqdm#ownership_consists_of_participant>	<http://www.w3.org/2000/01/rdf-schema#range>	<https://hqdmtop.github.io/hqdm#owner>
<https://hqdmtop.github.io/hqdm#ownership_consists_of_participant_>	<http://www.w3.org/2000/01/rdf-schema#domain>	<https://hqdmtop.github.io/hqdm#ownership>
<https://hqdmtop.github.io/hqdm#ownership_consists_of_participant_>	<http://www.w3.org/2000/01/rdf-schema#range>	<https://hqdmtop.github.io/hqdm#asset>
<https://hqdmtop.github.io/hqdm#ownership_ending>	<http://www.w3.org/2000/01/rdf-schema#domain>	<https://hqdmtop.github.io/hqdm#ownership>
<https://hqdmtop.github.io/hqdm#ownership_ending>	<http://www.w3.org/2000/01/rdf-schema#range>	<https://hqdmtop.github.io/hqdm#ending_of_ownership>
<https://hqdmtop.github.io/hqdm#ownership_beginning>	<http://www.w3.org/2000/01/rdf-schema#domain>	<https://hqdmtop.github.io/hqdm#ownership>
<https://hqdmtop.github.io/hqdm#ownership_beginning>	<http://www.w3.org/2000/01/rdf-schema#range>	<https://hqdmtop.github.io/hqdm#beginning_of_ownership>
<https://hqdmtop.github.io/hqdm#participant>	<http://www.w3.org/1999/02/22-rdf-syntax-ns#type>	<http://www.w3.org/2000/01/rdf-schema#Class>
<https://hqdmtop.github.io/hqdm#participant>	<http://www.w3.org/2000/01/rdf-schema#subClassOf>	<https://hqdmtop.github.io/hqdm#state_of_physical_object>
<https://hqdmtop.github.io/hqdm#participant_member_of>	<http://www.w3.org/2000/01/rdf-schema#domain>	<https://hqdmtop.github.io/hqdm#participant>
<https://hqdmtop.github.io/hqdm#participant_member_of>	<http://www.w3.org/2000/01/rdf-schema#range>	<https://hqdmtop.github.io/hqdm#class_of_participant>
<https://hqdmtop.github.io/hqdm#participant_member_of_kind>	<http://www.w3.org/2000/01/rdf-schema#domain>	<https://hqdmtop.github.io/hqdm#participant>
<https://hqdmtop.github.io/hqdm#participant_member_of_kind>	<http://www.w3.org/2000/01/rdf-schema#range>	<https://hqdmtop.github.io/hqdm#role>
<https://hqdmtop.github.io/hqdm#participant_participant_in>	<http://www.w3.org/2000/01/rdf-schema#domain>	<https://hqdmtop.github.io/hqdm#participant>
<https://hqdmtop.github.io/hqdm#participant_participant_in>	<http://www.w3.org/2000/01/rdf-schema#range>	<https://hqdmtop.github.io/hqdm#participant_in_activity_or_association>
<https://hqdmtop.github.io/hqdm#participant_in_activity_or_association>	<http://www.w3.org/1999/02/22-rdf-syntax-ns#type>	<http://www.w3.org/2000/01/rdf-schema#Class>
<https://hqdmtop.github.io/hqdm#participant_in_activity_or_association>	<http://www.w3.org/2000/01/rdf-schema#subClassOf>	<https://hqdmtop.github.io/hqdm#activity>
<https://hqdmtop.github.io/hqdm#participant_in_activity_or_association>	<http://www.w3.org/2000/01/rdf-schema#subClassOf>	<https://hqdmtop.github.io/hqdm#association>
<https://hqdmtop.github.io/hqdm#party>	<http://www.w3.org/1999/02/22-rdf-syntax-ns#type>	<http://www.w3.org/2000/01/rdf-schema#Class>
<https://hqdmtop.github.io/hqdm#party>	<http://www.w3.org/2000/01/rdf-schema#subClassOf>	<https://hqdmtop.github.io/hqdm#state_of_party>
<https://hqdmtop.github.io/hqdm#party>	<http://www.w3.org/2000/01/rdf-schema#subClassOf>	<https://hqdmtop.github.io/hqdm#system>
<https://hqdmtop.github.io/hqdm#party_member_of>	<http://www.w3.org/2000/01/rdf-schema#domain>	<https://hqdmtop.github.io/hqdm#party>
<https://hqdmtop.github.io/hqdm#party_member_of>	<http://www.w3.org/2000/01/rdf-schema#range>	<https://hqdmtop.github.io/hqdm#class_of_party>
<https://hqdmtop.github.io/hqdm#party_member_of_kind>	<http://www.w3.org/2000/01/rdf-schema#domain>	<https://hqdmtop.github.io/hqdm#party>
<https://hqdmtop.github.io/hqdm#party_member_of_kind>	<http://www.w3.org/2000/01/rdf-schema#range>	<https://hqdmtop.github.io/hqdm#kind_of_party>
<https://hqdmtop.github.io/hqdm#pattern>	<http://www.w3.org/2000/01/rdf-schema#subClassOf>	<https://hqdmtop.github.io/hqdm#class_of_sign>
<https://hqdmtop.github.io/hqdm#period_of_time>	<http://www.w3.org/1999/02/22-rdf-syntax-ns#type>	<http://www.w3.org/2000/01/rdf-schema#Class>
<https://hqdmtop.github.io/hqdm#period_of_time>	<http://www.w3.org/2000/01/rdf-schema#subClassOf>	<https://hqdmtop.github.io/hqdm#state>
<https://hqdmtop.github.io/hqdm#period_of_time_member_of>	<http://www.w3.org/2000/01/rdf-schema#domain>	<https://hqdmtop.github.io/hqdm#period_of_time>
<https://hqdmtop.github.io/hqdm#period_of_time_member_of>	<http://www.w3.org/2000/01/rdf-schema#range>	<https://hqdmtop.github.io/hqdm#class_of_period_of_time>
<https://hqdmtop.github.io/hqdm#period_of_time_temporal_part_of_>	<http://www.w3.org/2000/01/rdf-schema#domain>	<https://hqdmtop.github.io/hqdm#period_of_time>
<https://hqdmtop.github.io/hqdm#period_of_time_temporal_part_of_>	<http://www.w3.org/2000/01/rdf-schema#range>	<https://hqdmtop.github.io/hqdm#possible_world>
<https://hqdmtop.github.io/hqdm#person>	<http://www.w3.org/1999/02/22-rdf-syntax-ns#type>	<http://www.w3.org/2000/01/rdf-schema#Class>
<https://hqdmtop.github.io/hqdm#person>	<http://www.w3.org/2000/01/rdf-schema#subClassOf>	<https://hqdmtop.github.io/hqdm#biological_system>
<https://hqdmtop.github.io/hqdm#person>	<http://www.w3.org/2000/01/rdf-schema#subClassOf>	<https://hqdmtop.github.io/hqdm#party>
<https://hqdmtop.github.io/hqdm#person>	<http://www.w3.org/2000/01/rdf-schema#subClassOf>	<https://hqdmtop.github.io/hqdm#state_of_person>
<https://hqdmtop.github.io/hqdm#person_in_position>	<http://www.w3.org/1999/02/22-rdf-syntax-ns#type>	<http://www.w3.org/2000/01/rdf-schema#Class>
<https://hqdmtop.github.io/hqdm#person_in_position>	<http://www.w3.org/2000/01/rdf-schema#subClassOf>	<https://hqdmtop.github.io/hqdm#installed_object>
<https://hqdmtop.github.io/hqdm#person_in_position>	<http://www.w3.org/2000/01/rdf-schema#subClassOf>	<https://hqdmtop.github.io/hqdm#state_of_person>
<https://hqdmtop.github.io/hqdm#person_in_position>	<http://www.w3.org/2000/01/rdf-schema#subClassOf>	<https://hqdmtop.github.io/hqdm#state_of_position>
<https://hqdmtop.github.io/hqdm#person_in_position_member_of>	<http://www.w3.org/2000/01/rdf-schema#domain>	<https://hqdmtop.github.io/hqdm#person_in_position>
<https://hqdmtop.github.io/hqdm#person_in_position_member_of>	<http://www.w3.org/2000/01/rdf-schema#range>	<https://hqdmtop.github.io/hqdm#class_of_person_in_position>
<https://hqdmtop.github.io/hqdm#person_member_of>	<http://www.w3.org/2000/01/rdf-schema#domain>	<https://hqdmtop.github.io/hqdm#person>
<https://hqdmtop.github.io/hqdm#person_member_of>	<http://www.w3.org/2000/01/rdf-schema#range>	<https://hqdmtop.github.io/hqdm#class_of_person>
<https://hqdmtop.github.io/hqdm#person_member_of_kind>	<http://www.w3.org/2000/01/rdf-schema#domain>	<https://hqdmtop.github.io/hqdm#person>
<https://hqdmtop.github.io/hqdm#person_member_of_kind>	<http://www.w3.org/2000/01/rdf-schema#range>	<https://hqdmtop.github.io/hqdm#kind_of_person>
<https://hqdmtop.github.io/hqdm#physical_object>	<http://www.w3.org/1999/02/22-rdf-syntax-ns#type>	<http://www.w3.org/2000/01/rdf-schema#Class>
<https://hqdmtop.github.io/hqdm#physical_object>	<http://www.w3.org/2000/01/rdf-schema#subClassOf>	<https://hqdmtop.github.io/hqdm#individual>
<https://hqdmtop.github.io/hqdm#physical_object>	<http://www.w3.org/2000/01/rdf-schema#subClassOf>	<https://hqdmtop.github.io/hqdm#state_of_physical_object>
<https://hqdmtop.github.io/hqdm#physical_object_member_of>	<http://www.w3.org/2000/01/rdf-schema#domain>	<https://hqdmtop.github.io/hqdm#physical_object>
<https://hqdmtop.github.io/hqdm#physical_object_member_of>	<http://www.w3.org/2000/01/rdf-schema#range>	<https://hqdmtop.github.io/hqdm#class_of_physical_object>
<https://hqdmtop.github.io/hqdm#physical_object_member_of_kind>	<http://www.w3.org/2000/01/rdf-schema#domain>	<https://hqdmtop.github.io/hqdm#physical_object>
<https://hqdmtop.github.io/hqdm#physical_object_member_of_kind>	<http://www.w3.org/2000/01/rdf-schema#range>	<https://hqdmtop.github.io/hqdm#kind_of_physical_object>
<https://hqdmtop.github.io/hqdm#physical_property>	<http://www.w3.org/1999/02/22-rdf-syntax-ns#type>	<http://www.w3.org/2000/01/rdf-schema#Class>
<https://hqdmtop.github.io/hqdm#physical_property>	<http://www.w3.org/2000/01/rdf-schema#subClassOf>	<https://hqdmtop.github.io/hqdm#class_of_state>
<https://hqdmtop.github.io/hqdm#physical_property_member_of>	<http://www.w3.org/2000/01/rdf-schema#domain>	<https://hqdmtop.github.io/hqdm#physical_property>
<https://hqdmtop.github.io/hqdm#physical_property_member_of>	<http://www.w3.org/2000/01/rdf-schema#range>	<https://hqdmtop.github.io/hqdm#class_of_physical_property>
<https://hqdmtop.github.io/hqdm#physical_property_member_of_kind>	<http://www.w3.org/2000/01/rdf-schema#domain>	<https://hqdmtop.github.io/hqdm#physical_property>
<https://hqdmtop.github.io/hqdm#physical_property_member_of_kind>	<http://www.w3.org/2000/01/rdf-schema#range>	<https://hqdmtop.github.io/hqdm#kind_of_physical_property>
<https://hqdmtop.github.io/hqdm#physical_property_range>	<http://www.w3.org/1999/02/22-rdf-syntax-ns#type>	<http://www.w3.org/2000/01/rdf-schema#Class>
<https://hqdmtop.github.io/hqdm#physical_property_range>	<http://www.w3.org/2000/01/rdf-schema#subClassOf>	<https://hqdmtop.github.io/hqdm#class_of_state>
<https://hqdmtop.github.io/hqdm#physical_property_range_ranges_over>	<http://www.w3.org/2000/01/rdf-schema#domain>	<https://hqdmtop.github.io/hqdm#physical_property_range>
<https://hqdmtop.github.io/hqdm#physical_property_range_ranges_over>	<http://www.w3.org/2000/01/rdf-schema#range>	<https://hqdmtop.github.io/hqdm#physical_property>
<https://hqdmtop.github.io/hqdm#physical_quantity>	<http://www.w3.org/1999/02/22-rdf-syntax-ns#type>	<http://www.w3.org/2000/01/rdf-schema#Class>
<https://hqdmtop.github.io/hqdm#physical_quantity>	<http://www.w3.org/2000/01/rdf-schema#subClassOf>	<https://hqdmtop.github.io/hqdm#physical_property>
<https://hqdmtop.github.io/hqdm#physical_quantity_member_of>	<http://www.w3.org/2000/01/rdf-schema#domain>	<https://hqdmtop.github.io/hqdm#physical_quantity>
<https://hqdmtop.github.io/hqdm#physical_quantity_member_of>	<http://www.w3.org/2000/01/rdf-schema#range>	<https://hqdmtop.github.io/hqdm#class_of_physical_quantity>
<https://hqdmtop.github.io/hqdm#physical_quantity_member_of_kind>	<http://www.w3.org/2000/01/rdf-schema#domain>	<https://hqdmtop.github.io/hqdm#physical_quantity>
<https://hqdmtop.github.io/hqdm#physical_quantity_member_of_kind>	<http://www.w3.org/2000/01/rdf-schema#range>	<https://hqdmtop.github.io/hqdm#kind_of_physical_quantity>
<https://hqdmtop.github.io/hqdm#physical_quantity_range>	<http://www.w3.org/1999/02/22-rdf-syntax-ns#type>	<http://www.w3.org/2000/01/rdf-schema#Class>
<https://hqdmtop.github.io/hqdm#physical_quantity_range>	<http://www.w3.org/2000/01/rdf-schema#subClassOf>	<https://hqdmtop.github.io/hqdm#physical_property_range>
<https://hqdmtop.github.io/hqdm#physical_quantity_range_lower_bound>	<http://www.w3.org/2000/01/rdf-schema#domain>	<https://hqdmtop.github.io/hqdm#physical_quantity_range>
<https://hqdmtop.github.io/hqdm#physical_quantity_range_lower_bound>	<http://www.w3.org/2000/01/rdf-schema#range>	<https://hqdmtop.github.io/hqdm#physical_quantity>
<https://hqdmtop.github.io/hqdm#physical_quantity_range_upper_bound>	<http://www.w3.org/2000/01/rdf-schema#domain>	<https://hqdmtop.github.io/hqdm#physical_quantity_range>
<https://hqdmtop.github.io/hqdm#physical_quantity_range_upper_bound>	<http://www.w3.org/2000/01/rdf-schema#range>	<https://hqdmtop.github.io/hqdm#physical_quantity>
<https://hqdmtop.github.io/hqdm#plan>	<http://www.w3.org/1999/02/22-rdf-syntax-ns#type>	<http://www.w3.org/2000/01/rdf-schema#Class>
<https://hqdmtop.github.io/hqdm#plan>	<http://www.w3.org/2000/01/rdf-schema#subClassOf>	<https://hqdmtop.github.io/hqdm#possible_world>
<https://hqdmtop.github.io/hqdm#point_in_time>	<http://www.w3.org/1999/02/22-rdf-syntax-ns#type>	<http://www.w3.org/2000/01/rdf-schema#Class>
<https://hqdmtop.github.io/hqdm#point_in_time>	<http://www.w3.org/2000/01/rdf-schema#subClassOf>	<https://hqdmtop.github.io/hqdm#event>
<https://hqdmtop.github.io/hqdm#point_in_time_member_of>	<http://www.w3.org/2000/01/rdf-schema#domain>	<https://hqdmtop.github.io/hqdm#point_in_time>
<https://hqdmtop.github.io/hqdm#point_in_time_member_of>	<http://www.w3.org/2000/01/rdf-schema#range>	<https://hqdmtop.github.io/hqdm#class_of_point_in_time>
<https://hqdmtop.github.io/hqdm#position>	<http://www.w3.org/1999/02/22-rdf-syntax-ns#type>	<http://www.w3.org/2000/01/rdf-schema#Class>
<https://hqdmtop.github.io/hqdm#position>	<http://www.w3.org/2000/01/rdf-schema#subClassOf>	<https://hqdmtop.github.io/hqdm#organization_component>
<https://hqdmtop.github.io/hqdm#position>	<http://www.w3.org/2000/01/rdf-schema#subClassOf>	<https://hqdmtop.github.io/hqdm#state_of_position>
<https://hqdmtop.github.io/hqdm#position_member_of>	<http://www.w3.org/2000/01/rdf-schema#domain>	<https://hqdmtop.github.io/hqdm#position>
<https://hqdmtop.github.io/hqdm#position_member_of>	<http://www.w3.org/2000/01/rdf-schema#range>	<https://hqdmtop.github.io/hqdm#class_of_position>
<https://hqdmtop.github.io/hqdm#position_member_of_kind>	<http://www.w3.org/2000/01/rdf-schema#domain>	<https://hqdmtop.github.io/hqdm#position>
<https://hqdmtop.github.io/hqdm#position_member_of_kind>	<http://www.w3.org/2000/01/rdf-schema#range>	<https://hqdmtop.github.io/hqdm#kind_of_position>
<https://hqdmtop.github.io/hqdm#possible_world>	<http://www.w3.org/1999/02/22-rdf-syntax-ns#type>	<http://www.w3.org/2000/01/rdf-schema#Class>
<https://hqdmtop.github.io/hqdm#possible_world>	<http://www.w3.org/2000/01/rdf-schema#subClassOf>	<https://hqdmtop.github.io/hqdm#individual>
<https://hqdmtop.github.io/hqdm#possible_world>	<http://www.w3.org/2000/01/rdf-schema#subClassOf>	<https://hqdmtop.github.io/hqdm#period_of_time>
<https://hqdmtop.github.io/hqdm#possible_world_member_of>	<http://www.w3.org/2000/01/rdf-schema#domain>	<https://hqdmtop.github.io/hqdm#possible_world>
<https://hqdmtop.github.io/hqdm#possible_world_member_of>	<http://www.w3.org/2000/01/rdf-schema#range>	<https://hqdmtop.github.io/hqdm#class_of_possible_world>
<https://hqdmtop.github.io/hqdm#price>	<http://www.w3.org/1999/02/22-rdf-syntax-ns#type>	<http://www.w3.org/2000/01/rdf-schema#Class>
<https://hqdmtop.github.io/hqdm#price>	<http://www.w3.org/2000/01/rdf-schema#subClassOf>	<https://hqdmtop.github.io/hqdm#class_of_amount_of_money>
<https://hqdmtop.github.io/hqdm#product_brand>	<http://www.w3.org/1999/02/22-rdf-syntax-ns#type>	<http://www.w3.org/2000/01/rdf-schema#Class>
<https://hqdmtop.github.io/hqdm#product_brand>	<http://www.w3.org/2000/01/rdf-schema#subClassOf>	<https://hqdmtop.github.io/hqdm#class_of_sales_product_instance>
<https://hqdmtop.github.io/hqdm#product_offering>	<http://www.w3.org/1999/02/22-rdf-syntax-ns#type>	<http://www.w3.org/2000/01/rdf-schema#Class>
<https://hqdmtop.github.io/hqdm#product_offering>	<http://www.w3.org/2000/01/rdf-schema#subClassOf>	<https://hqdmtop.github.io/hqdm#offering>
<https://hqdmtop.github.io/hqdm#product_offering_class_of_offered>	<http://www.w3.org/2000/01/rdf-schema#domain>	<https://hqdmtop.github.io/hqdm#product_offering>
<https://hqdmtop.github.io/hqdm#product_offering_class_of_offered>	<http://www.w3.org/2000/01/rdf-schema#range>	<https://hqdmtop.github.io/hqdm#sales_product>
<https://hqdmtop.github.io/hqdm#reaching_agreement>	<http://www.w3.org/1999/02/22-rdf-syntax-ns#type>	<http://www.w3.org/2000/01/rdf-schema#Class>
<https://hqdmtop.github.io/hqdm#reaching_agreement>	<http://www.w3.org/2000/01/rdf-schema#subClassOf>	<https://hqdmtop.github.io/hqdm#socially_constructed_activity>
<https://hqdmtop.github.io/hqdm#reaching_agreement_member_of>	<http://www.w3.org/2000/01/rdf-schema#domain>	<https://hqdmtop.github.io/hqdm#reaching_agreement>
<https://hqdmtop.github.io/hqdm#reaching_agreement_member_of>	<http://www.w3.org/2000/01/rdf-schema#range>	<https://hqdmtop.github.io/hqdm#class_of_reaching_agreement>
<https://hqdmtop.github.io/hqdm#reaching_agreement_part_of>	<http://www.w3.org/2000/01/rdf-schema#domain>	<https://hqdmtop.github.io/hqdm#reaching_agreement>
<https://hqdmtop.github.io/hqdm#reaching_agreement_part_of>	<http://www.w3.org/2000/01/rdf-schema#range>	<https://hqdmtop.github.io/hqdm#agreement_process>
<https://hqdmtop.github.io/hqdm#recognizing_language_community>	<http://www.w3.org/1999/02/22-rdf-syntax-ns#type>	<http://www.w3.org/2000/01/rdf-schema#Class>
<https://hqdmtop.github.io/hqdm#recognizing_language_community>	<http://www.w3.org/2000/01/rdf-schema#subClassOf>	<https://hqdmtop.github.io/hqdm#participant>
<https://hqdmtop.github.io/hqdm#recognizing_language_community>	<http://www.w3.org/2000/01/rdf-schema#subClassOf>	<https://hqdmtop.github.io/hqdm#state_of_language_community>
<https://hqdmtop.github.io/hqdm#recognizing_language_community_participant_in>	<http://www.w3.org/2000/01/rdf-schema#domain>	<https://hqdmtop.github.io/hqdm#recognizing_language_community>
<https://hqdmtop.github.io/hqdm#recognizing_language_community_participant_in>	<http://www.w3.org/2000/01/rdf-schema#range>	<https://hqdmtop.github.io/hqdm#representation_by_sign>
<https://hqdmtop.github.io/hqdm#relationship>	<http://www.w3.org/1999/02/22-rdf-syntax-ns#type>	<http://www.w3.org/2000/01/rdf-schema#Class>
<https://hqdmtop.github.io/hqdm#relationship>	<http://www.w3.org/2000/01/rdf-schema#subClassOf>	<https://hqdmtop.github.io/hqdm#abstract_object>
<https://hqdmtop.github.io/hqdm#relationship_member_of>	<http://www.w3.org/2000/01/rdf-schema#domain>	<https://hqdmtop.github.io/hqdm#relationship>
<https://hqdmtop.github.io/hqdm#relationship_member_of>	<http://www.w3.org/2000/01/rdf-schema#range>	<https://hqdmtop.github.io/hqdm#class_of_relationship>
<https://hqdmtop.github.io/hqdm#representation_by_pattern>	<http://www.w3.org/1999/02/22-rdf-syntax-ns#type>	<http://www.w3.org/2000/01/rdf-schema#Class>
<https://hqdmtop.github.io/hqdm#representation_by_pattern>	<http://www.w3.org/2000/01/rdf-schema#subClassOf>	<https://hqdmtop.github.io/hqdm#class_of_representation>
<https://hqdmtop.github.io/hqdm#representation_by_pattern_consists_of_by_class>	<http://www.w3.org/2000/01/rdf-schema#domain>	<https://hqdmtop.github.io/hqdm#representation_by_pattern>
<https://hqdmtop.github.io/hqdm#representation_by_pattern_consists_of_by_class>	<http://www.w3.org/2000/01/rdf-schema#range>	<https://hqdmtop.github.io/hqdm#pattern>
<https://hqdmtop.github.io/hqdm#representation_by_pattern_consists_of_in_members>	<http://www.w3.org/2000/01/rdf-schema#domain>	<https://hqdmtop.github.io/hqdm#representation_by_pattern>
<https://hqdmtop.github.io/hqdm#representation_by_pattern_consists_of_in_members>	<http://www.w3.org/2000/01/rdf-schema#range>	<https://hqdmtop.github.io/hqdm#recognizing_language_community>
<https://hqdmtop.github.io/hqdm#representation_by_pattern_represented>	<http://www.w3.org/2000/01/rdf-schema#domain>	<https://hqdmtop.github.io/hqdm#representation_by_pattern>
<https://hqdmtop.github.io/hqdm#representation_by_pattern_represented>	<http://www.w3.org/2000/01/rdf-schema#range>	<https://hqdmtop.github.io/hqdm#thing>
<https://hqdmtop.github.io/hqdm#representation_by_sign>	<http://www.w3.org/1999/02/22-rdf-syntax-ns#type>	<http://www.w3.org/2000/01/rdf-schema#Class>
<https://hqdmtop.github.io/hqdm#representation_by_sign>	<http://www.w3.org/2000/01/rdf-schema#subClassOf>	<https://hqdmtop.github.io/hqdm#association>
<https://hqdmtop.github.io/hqdm#representation_by_sign_consists_of>	<http://www.w3.org/2000/01/rdf-schema#domain>	<https://hqdmtop.github.io/hqdm#representation_by_sign>
<https://hqdmtop.github.io/hqdm#representation_by_sign_consists_of>	<http://www.w3.org/2000/01/rdf-schema#range>	<https://hqdmtop.github.io/hqdm#participant_in>
<https://hqdmtop.github.io/hqdm#representation_by_sign_consists_of_>	<http://www.w3.org/2000/01/rdf-schema#domain>	<https://hqdmtop.github.io/hqdm#representation_by_sign>
<https://hqdmtop.github.io/hqdm#representation_by_sign_consists_of_>	<http://www.w3.org/2000/01/rdf-schema#range>	<https://hqdmtop.github.io/hqdm#recognizing_language_community>
<https://hqdmtop.github.io/hqdm#representation_by_sign_member_of>	<http://www.w3.org/2000/01/rdf-schema#domain>	<https://hqdmtop.github.io/hqdm#representation_by_sign>
<https://hqdmtop.github.io/hqdm#representation_by_sign_member_of>	<http://www.w3.org/2000/01/rdf-schema#range>	<https://hqdmtop.github.io/hqdm#class_of_representation>
<https://hqdmtop.github.io/hqdm#representation_by_sign_member_of_>	<http://www.w3.org/2000/01/rdf-schema#domain>	<https://hqdmtop.github.io/hqdm#representation_by_sign>
<https://hqdmtop.github.io/hqdm#representation_by_sign_member_of_>	<http://www.w3.org/2000/01/rdf-schema#range>	<https://hqdmtop.github.io/hqdm#representation_by_pattern>
<https://hqdmtop.github.io/hqdm#representation_by_sign_represents>	<http://www.w3.org/2000/01/rdf-schema#domain>	<https://hqdmtop.github.io/hqdm#representation_by_sign>
<https://hqdmtop.github.io/hqdm#representation_by_sign_represents>	<http://www.w3.org/2000/01/rdf-schema#range>	<https://hqdmtop.github.io/hqdm#thing>
<https://hqdmtop.github.io/hqdm#requirement>	<http://www.w3.org/1999/02/22-rdf-syntax-ns#type>	<http://www.w3.org/2000/01/rdf-schema#Class>
<https://hqdmtop.github.io/hqdm#requirement>	<http://www.w3.org/2000/01/rdf-schema#subClassOf>	<https://hqdmtop.github.io/hqdm#spatio_temporal_extent>
<https://hqdmtop.github.io/hqdm#requirement_defined_by>	<http://www.w3.org/2000/01/rdf-schema#domain>	<https://hqdmtop.github.io/hqdm#requirement>
<https://hqdmtop.github.io/hqdm#requirement_defined_by>	<http://www.w3.org/2000/01/rdf-schema#range>	<https://hqdmtop.github.io/hqdm#requirement_specification>
<https://hqdmtop.github.io/hqdm#requirement_part_of_plan>	<http://www.w3.org/2000/01/rdf-schema#domain>	<https://hqdmtop.github.io/hqdm#requirement>
<https://hqdmtop.github.io/hqdm#requirement_part_of_plan>	<http://www.w3.org/2000/01/rdf-schema#range>	<https://hqdmtop.github.io/hqdm#plan>
<https://hqdmtop.github.io/hqdm#requirement_specification>	<http://www.w3.org/1999/02/22-rdf-syntax-ns#type>	<http://www.w3.org/2000/01/rdf-schema#Class>
<https://hqdmtop.github.io/hqdm#requirement_specification>	<http://www.w3.org/2000/01/rdf-schema#subClassOf>	<https://hqdmtop.github.io/hqdm#class_of_spatio_temporal_extent>
<https://hqdmtop.github.io/hqdm#requirement_specification_intersection_of>	<http://www.w3.org/2000/01/rdf-schema#domain>	<https://hqdmtop.github.io/hqdm#requirement_specification>
<https://hqdmtop.github.io/hqdm#requirement_specification_intersection_of>	<http://www.w3.org/2000/01/rdf-schema#range>	<https://hqdmtop.github.io/hqdm#class_of_state>
<https://hqdmtop.github.io/hqdm#role>	<http://www.w3.org/1999/02/22-rdf-syntax-ns#type>	<http://www.w3.org/2000/01/rdf-schema#Class>
<https://hqdmtop.github.io/hqdm#role>	<http://www.w3.org/2000/01/rdf-schema#subClassOf>	<https://hqdmtop.github.io/hqdm#class_of_participant>
<https://hqdmtop.github.io/hqdm#role_part_of_by_class>	<http://www.w3.org/2000/01/rdf-schema#domain>	<https://hqdmtop.github.io/hqdm#role>
<https://hqdmtop.github.io/hqdm#role_part_of_by_class>	<http://www.w3.org/2000/01/rdf-schema#range>	<https://hqdmtop.github.io/hqdm#kind_of_activity>
<https://hqdmtop.github.io/hqdm#role_part_of_by_class_>	<http://www.w3.org/2000/01/rdf-schema#domain>	<https://hqdmtop.github.io/hqdm#role>
<https://hqdmtop.github.io/hqdm#role_part_of_by_class_>	<http://www.w3.org/2000/01/rdf-schema#range>	<https://hqdmtop.github.io/hqdm#kind_of_association>
<https://hqdmtop.github.io/hqdm#sale_of_goods>	<http://www.w3.org/1999/02/22-rdf-syntax-ns#type>	<http://www.w3.org/2000/01/rdf-schema#Class>
<https://hqdmtop.github.io/hqdm#sale_of_goods>	<http://www.w3.org/2000/01/rdf-schema#subClassOf>	<https://hqdmtop.github.io/hqdm#contract_process>
<https://hqdmtop.github.io/hqdm#sale_of_goods_consists_of>	<http://www.w3.org/2000/01/rdf-schema#domain>	<https://hqdmtop.github.io/hqdm#sale_of_goods>
<https://hqdmtop.github.io/hqdm#sale_of_goods_consists_of>	<http://www.w3.org/2000/01/rdf-schema#range>	<https://hqdmtop.github.io/hqdm#part_of>
<https://hqdmtop.github.io/hqdm#sale_of_goods_consists_of_>	<http://www.w3.org/2000/01/rdf-schema#domain>	<https://hqdmtop.github.io/hqdm#sale_of_goods>
<https://hqdmtop.github.io/hqdm#sale_of_goods_consists_of_>	<http://www.w3.org/2000/01/rdf-schema#range>	<https://hqdmtop.github.io/hqdm#part_of>
<https://hqdmtop.github.io/hqdm#sales_product>	<http://www.w3.org/1999/02/22-rdf-syntax-ns#type>	<http://www.w3.org/2000/01/rdf-schema#Class>
<https://hqdmtop.github.io/hqdm#sales_product>	<http://www.w3.org/2000/01/rdf-schema#subClassOf>	<https://hqdmtop.github.io/hqdm#class_of_sales_product_instance>
<https://hqdmtop.github.io/hqdm#sales_product_instance>	<http://www.w3.org/1999/02/22-rdf-syntax-ns#type>	<http://www.w3.org/2000/01/rdf-schema#Class>
<https://hqdmtop.github.io/hqdm#sales_product_instance>	<http://www.w3.org/2000/01/rdf-schema#subClassOf>	<https://hqdmtop.github.io/hqdm#ordinary_functional_object>
<https://hqdmtop.github.io/hqdm#sales_product_instance>	<http://www.w3.org/2000/01/rdf-schema#subClassOf>	<https://hqdmtop.github.io/hqdm#state_of_sales_product_instance>
<https://hqdmtop.github.io/hqdm#sales_product_instance_member_of>	<http://www.w3.org/2000/01/rdf-schema#domain>	<https://hqdmtop.github.io/hqdm#sales_product_instance>
<https://hqdmtop.github.io/hqdm#sales_product_instance_member_of>	<http://www.w3.org/2000/01/rdf-schema#range>	<https://hqdmtop.github.io/hqdm#class_of_sales_product_instance>
<https://hqdmtop.github.io/hqdm#sales_product_meets_specification>	<http://www.w3.org/2000/01/rdf-schema#domain>	<https://hqdmtop.github.io/hqdm#sales_product>
<https://hqdmtop.github.io/hqdm#sales_product_meets_specification>	<http://www.w3.org/2000/01/rdf-schema#range>	<https://hqdmtop.github.io/hqdm#requirement_specification>
<https://hqdmtop.github.io/hqdm#sales_product_sold_under>	<http://www.w3.org/2000/01/rdf-schema#domain>	<https://hqdmtop.github.io/hqdm#sales_product>
<https://hqdmtop.github.io/hqdm#sales_product_sold_under>	<http://www.w3.org/2000/01/rdf-schema#range>	<https://hqdmtop.github.io/hqdm#product_brand>
<https://hqdmtop.github.io/hqdm#sales_product_version>	<http://www.w3.org/2000/01/rdf-schema#subClassOf>	<https://hqdmtop.github.io/hqdm#class_of_sales_product_instance>
<https://hqdmtop.github.io/hqdm#sales_product_version_sold_as>	<http://www.w3.org/2000/01/rdf-schema#domain>	<https://hqdmtop.github.io/hqdm#sales_product_version>
<https://hqdmtop.github.io/hqdm#sales_product_version_sold_as>	<http://www.w3.org/2000/01/rdf-schema#range>	<https://hqdmtop.github.io/hqdm#sales_product>
<https://hqdmtop.github.io/hqdm#sales_product_version_successor>	<http://www.w3.org/2000/01/rdf-schema#domain>	<https://hqdmtop.github.io/hqdm#sales_product_version>
<https://hqdmtop.github.io/hqdm#sales_product_version_successor>	<http://www.w3.org/2000/01/rdf-schema#range>	<https://hqdmtop.github.io/hqdm#sales_product_version>
<https://hqdmtop.github.io/hqdm#scale>	<http://www.w3.org/2000/01/rdf-schema#subClassOf>	<https://hqdmtop.github.io/hqdm#function_>
<https://hqdmtop.github.io/hqdm#scale_domain>	<http://www.w3.org/2000/01/rdf-schema#domain>	<https://hqdmtop.github.io/hqdm#scale>
<https://hqdmtop.github.io/hqdm#scale_domain>	<http://www.w3.org/2000/01/rdf-schema#range>	<https://hqdmtop.github.io/hqdm#kind_of_physical_quantity>
<https://hqdmtop.github.io/hqdm#scale_unit>	<http://www.w3.org/2000/01/rdf-schema#domain>	<https://hqdmtop.github.io/hqdm#scale>
<https://hqdmtop.github.io/hqdm#scale_unit>	<http://www.w3.org/2000/01/rdf-schema#range>	<https://hqdmtop.github.io/hqdm#unit_of_measure>
<https://hqdmtop.github.io/hqdm#sign>	<http://www.w3.org/2000/01/rdf-schema#subClassOf>	<https://hqdmtop.github.io/hqdm#participant>
<https://hqdmtop.github.io/hqdm#sign>	<http://www.w3.org/2000/01/rdf-schema#subClassOf>	<https://hqdmtop.github.io/hqdm#socially_constructed_object>
<https://hqdmtop.github.io/hqdm#sign>	<http://www.w3.org/2000/01/rdf-schema#subClassOf>	<https://hqdmtop.github.io/hqdm#state_of_sign>
<https://hqdmtop.github.io/hqdm#sign_member_of>	<http://www.w3.org/2000/01/rdf-schema#domain>	<https://hqdmtop.github.io/hqdm#sign>
<https://hqdmtop.github.io/hqdm#sign_member_of>	<http://www.w3.org/2000/01/rdf-schema#range>	<https://hqdmtop.github.io/hqdm#class_of_sign>
<https://hqdmtop.github.io/hqdm#sign_member_of_>	<http://www.w3.org/2000/01/rdf-schema#domain>	<https://hqdmtop.github.io/hqdm#sign>
<https://hqdmtop.github.io/hqdm#sign_member_of_>	<http://www.w3.org/2000/01/rdf-schema#range>	<https://hqdmtop.github.io/hqdm#pattern>
<https://hqdmtop.github.io/hqdm#sign_participant_in>	<http://www.w3.org/2000/01/rdf-schema#domain>	<https://hqdmtop.github.io/hqdm#sign>
<https://hqdmtop.github.io/hqdm#sign_participant_in>	<http://www.w3.org/2000/01/rdf-schema#range>	<https://hqdmtop.github.io/hqdm#representation_by_sign>
<https://hqdmtop.github.io/hqdm#socially_constructed_activity>	<http://www.w3.org/1999/02/22-rdf-syntax-ns#type>	<http://www.w3.org/2000/01/rdf-schema#Class>
<https://hqdmtop.github.io/hqdm#socially_constructed_activity>	<http://www.w3.org/2000/01/rdf-schema#subClassOf>	<https://hqdmtop.github.io/hqdm#activity>
<https://hqdmtop.github.io/hqdm#socially_constructed_activity>	<http://www.w3.org/2000/01/rdf-schema#subClassOf>	<https://hqdmtop.github.io/hqdm#socially_constructed_object>
<https://hqdmtop.github.io/hqdm#socially_constructed_activity_member_of>	<http://www.w3.org/2000/01/rdf-schema#domain>	<https://hqdmtop.github.io/hqdm#socially_constructed_activity>
<https://hqdmtop.github.io/hqdm#socially_constructed_activity_member_of>	<http://www.w3.org/2000/01/rdf-schema#range>	<https://hqdmtop.github.io/hqdm#class_of_socially_constructed_activity>
<https://hqdmtop.github.io/hqdm#socially_constructed_activity_part_of>	<http://www.w3.org/2000/01/rdf-schema#domain>	<https://hqdmtop.github.io/hqdm#socially_constructed_activity>
<https://hqdmtop.github.io/hqdm#socially_constructed_activity_part_of>	<http://www.w3.org/2000/01/rdf-schema#range>	<https://hqdmtop.github.io/hqdm#reaching_agreement>
<https://hqdmtop.github.io/hqdm#socially_constructed_activity_part_of_>	<http://www.w3.org/2000/01/rdf-schema#domain>	<https://hqdmtop.github.io/hqdm#socially_constructed_activity>
<https://hqdmtop.github.io/hqdm#socially_constructed_activity_part_of_>	<http://www.w3.org/2000/01/rdf-schema#range>	<https://hqdmtop.github.io/hqdm#agreement_execution>
<https://hqdmtop.github.io/hqdm#socially_constructed_object>	<http://www.w3.org/1999/02/22-rdf-syntax-ns#type>	<http://www.w3.org/2000/01/rdf-schema#Class>
<https://hqdmtop.github.io/hqdm#socially_constructed_object>	<http://www.w3.org/2000/01/rdf-schema#subClassOf>	<https://hqdmtop.github.io/hqdm#intentionally_constructed_object>
<https://hqdmtop.github.io/hqdm#socially_constructed_object>	<http://www.w3.org/2000/01/rdf-schema#subClassOf>	<https://hqdmtop.github.io/hqdm#state_of_socially_constructed_object>
<https://hqdmtop.github.io/hqdm#socially_constructed_object_member_of>	<http://www.w3.org/2000/01/rdf-schema#domain>	<https://hqdmtop.github.io/hqdm#socially_constructed_object>
<https://hqdmtop.github.io/hqdm#socially_constructed_object_member_of>	<http://www.w3.org/2000/01/rdf-schema#range>	<https://hqdmtop.github.io/hqdm#class_of_socially_constructed_object>
<https://hqdmtop.github.io/hqdm#socially_constructed_object_member_of_kind>	<http://www.w3.org/2000/01/rdf-schema#domain>	<https://hqdmtop.github.io/hqdm#socially_constructed_object>
<https://hqdmtop.github.io/hqdm#socially_constructed_object_member_of_kind>	<http://www.w3.org/2000/01/rdf-schema#range>	<https://hqdmtop.github.io/hqdm#kind_of_socially_constructed_object>
<https://hqdmtop.github.io/hqdm#spatio_temporal_extent>	<http://www.w3.org/1999/02/22-rdf-syntax-ns#type>	<http://www.w3.org/2000/01/rdf-schema#Class>
<https://hqdmtop.github.io/hqdm#spatio_temporal_extent>	<http://www.w3.org/2000/01/rdf-schema#subClassOf>	<https://hqdmtop.github.io/hqdm#thing>
<https://hqdmtop.github.io/hqdm#spatio_temporal_extent_aggregated_into>	<http://www.w3.org/2000/01/rdf-schema#domain>	<https://hqdmtop.github.io/hqdm#spatio_temporal_extent>
<https://hqdmtop.github.io/hqdm#spatio_temporal_extent_aggregated_into>	<http://www.w3.org/2000/01/rdf-schema#range>	<https://hqdmtop.github.io/hqdm#spatio_temporal_extent>
<https://hqdmtop.github.io/hqdm#spatio_temporal_extent_beginning>	<http://www.w3.org/2000/01/rdf-schema#domain>	<https://hqdmtop.github.io/hqdm#spatio_temporal_extent>
<https://hqdmtop.github.io/hqdm#spatio_temporal_extent_beginning>	<http://www.w3.org/2000/01/rdf-schema#range>	<https://hqdmtop.github.io/hqdm#event>
<https://hqdmtop.github.io/hqdm#spatio_temporal_extent_consists__of>	<http://www.w3.org/2000/01/rdf-schema#domain>	<https://hqdmtop.github.io/hqdm#spatio_temporal_extent>
<https://hqdmtop.github.io/hqdm#spatio_temporal_extent_consists__of>	<http://www.w3.org/2000/01/rdf-schema#range>	<https://hqdmtop.github.io/hqdm#spatio_temporal_extent>
<https://hqdmtop.github.io/hqdm#spatio_temporal_extent_ending>	<http://www.w3.org/2000/01/rdf-schema#domain>	<https://hqdmtop.github.io/hqdm#spatio_temporal_extent>
<https://hqdmtop.github.io/hqdm#spatio_temporal_extent_ending>	<http://www.w3.org/2000/01/rdf-schema#range>	<https://hqdmtop.github.io/hqdm#event>
<https://hqdmtop.github.io/hqdm#spatio_temporal_extent_member_of>	<http://www.w3.org/2000/01/rdf-schema#domain>	<https://hqdmtop.github.io/hqdm#spatio_temporal_extent>
<https://hqdmtop.github.io/hqdm#spatio_temporal_extent_member_of>	<http://www.w3.org/2000/01/rdf-schema#range>	<https://hqdmtop.github.io/hqdm#class_of_spatio_temporal_extent>
<https://hqdmtop.github.io/hqdm#spatio_temporal_extent_part__of>	<http://www.w3.org/2000/01/rdf-schema#domain>	<https://hqdmtop.github.io/hqdm#spatio_temporal_extent>
<https://hqdmtop.github.io/hqdm#spatio_temporal_extent_part__of>	<http://www.w3.org/2000/01/rdf-schema#range>	<https://hqdmtop.github.io/hqdm#spatio_temporal_extent>
<https://hqdmtop.github.io/hqdm#spatio_temporal_extent_part_of_possible_world>	<http://www.w3.org/2000/01/rdf-schema#domain>	<https://hqdmtop.github.io/hqdm#spatio_temporal_extent>
<https://hqdmtop.github.io/hqdm#spatio_temporal_extent_part_of_possible_world>	<http://www.w3.org/2000/01/rdf-schema#range>	<https://hqdmtop.github.io/hqdm#possible_world>
<https://hqdmtop.github.io/hqdm#spatio_temporal_extent_temporal__part_of>	<http://www.w3.org/2000/01/rdf-schema#domain>	<https://hqdmtop.github.io/hqdm#spatio_temporal_extent>
<https://hqdmtop.github.io/hqdm#spatio_temporal_extent_temporal__part_of>	<http://www.w3.org/2000/01/rdf-schema#range>	<https://hqdmtop.github.io/hqdm#spatio_temporal_extent>
<https://hqdmtop.github.io/hqdm#specialization>	<http://www.w3.org/1999/02/22-rdf-syntax-ns#type>	<http://www.w3.org/2000/01/rdf-schema#Class>
<https://hqdmtop.github.io/hqdm#specialization>	<http://www.w3.org/2000/01/rdf-schema#subClassOf>	<https://hqdmtop.github.io/hqdm#relationship>
<https://hqdmtop.github.io/hqdm#specialization_subclass>	<http://www.w3.org/2000/01/rdf-schema#domain>	<https://hqdmtop.github.io/hqdm#specialization>
<https://hqdmtop.github.io/hqdm#specialization_subclass>	<http://www.w3.org/2000/01/rdf-schema#range>	<https://hqdmtop.github.io/hqdm#class>
<https://hqdmtop.github.io/hqdm#specialization_superclass>	<http://www.w3.org/2000/01/rdf-schema#domain>	<https://hqdmtop.github.io/hqdm#specialization>
<https://hqdmtop.github.io/hqdm#specialization_superclass>	<http://www.w3.org/2000/01/rdf-schema#range>	<https://hqdmtop.github.io/hqdm#class>
<https://hqdmtop.github.io/hqdm#state>	<http://www.w3.org/1999/02/22-rdf-syntax-ns#type>	<http://www.w3.org/2000/01/rdf-schema#Class>
<https://hqdmtop.github.io/hqdm#state>	<http://www.w3.org/2000/01/rdf-schema#subClassOf>	<https://hqdmtop.github.io/hqdm#spatio_temporal_extent>
<https://hqdmtop.github.io/hqdm#state_member_of>	<http://www.w3.org/2000/01/rdf-schema#domain>	<https://hqdmtop.github.io/hqdm#state>
<https://hqdmtop.github.io/hqdm#state_member_of>	<http://www.w3.org/2000/01/rdf-schema#range>	<https://hqdmtop.github.io/hqdm#class_of_state>
<https://hqdmtop.github.io/hqdm#state_of_activity>	<http://www.w3.org/1999/02/22-rdf-syntax-ns#type>	<http://www.w3.org/2000/01/rdf-schema#Class>
<https://hqdmtop.github.io/hqdm#state_of_activity>	<http://www.w3.org/2000/01/rdf-schema#subClassOf>	<https://hqdmtop.github.io/hqdm#state>
<https://hqdmtop.github.io/hqdm#state_of_activity_member_of>	<http://www.w3.org/2000/01/rdf-schema#domain>	<https://hqdmtop.github.io/hqdm#state_of_activity>
<https://hqdmtop.github.io/hqdm#state_of_activity_member_of>	<http://www.w3.org/2000/01/rdf-schema#range>	<https://hqdmtop.github.io/hqdm#class_of_state_of_activity>
<https://hqdmtop.github.io/hqdm#state_of_activity_temporal_part_of>	<http://www.w3.org/2000/01/rdf-schema#domain>	<https://hqdmtop.github.io/hqdm#state_of_activity>
<https://hqdmtop.github.io/hqdm#state_of_activity_temporal_part_of>	<http://www.w3.org/2000/01/rdf-schema#range>	<https://hqdmtop.github.io/hqdm#activity>
<https://hqdmtop.github.io/hqdm#state_of_amount_of_money>	<http://www.w3.org/1999/02/22-rdf-syntax-ns#type>	<http://www.w3.org/2000/01/rdf-schema#Class>
<https://hqdmtop.github.io/hqdm#state_of_amount_of_money>	<http://www.w3.org/2000/01/rdf-schema#subClassOf>	<https://hqdmtop.github.io/hqdm#state_of_physical_object>
<https://hqdmtop.github.io/hqdm#state_of_amount_of_money>	<http://www.w3.org/2000/01/rdf-schema#subClassOf>	<https://hqdmtop.github.io/hqdm#state_of_socially_constructed_object>
<https://hqdmtop.github.io/hqdm#state_of_amount_of_money_member_of>	<http://www.w3.org/2000/01/rdf-schema#domain>	<https://hqdmtop.github.io/hqdm#state_of_amount_of_money>
<https://hqdmtop.github.io/hqdm#state_of_amount_of_money_member_of>	<http://www.w3.org/2000/01/rdf-schema#range>	<https://hqdmtop.github.io/hqdm#class_of_state_of_amount_of_money>
<https://hqdmtop.github.io/hqdm#state_of_amount_of_money_temporal_part_of>	<http://www.w3.org/2000/01/rdf-schema#domain>	<https://hqdmtop.github.io/hqdm#state_of_amount_of_money>
<https://hqdmtop.github.io/hqdm#state_of_amount_of_money_temporal_part_of>	<http://www.w3.org/2000/01/rdf-schema#range>	<https://hqdmtop.github.io/hqdm#amount_of_money>
<https://hqdmtop.github.io/hqdm#state_of_association>	<http://www.w3.org/1999/02/22-rdf-syntax-ns#type>	<http://www.w3.org/2000/01/rdf-schema#Class>
<https://hqdmtop.github.io/hqdm#state_of_association>	<http://www.w3.org/2000/01/rdf-schema#subClassOf>	<https://hqdmtop.github.io/hqdm#state>
<https://hqdmtop.github.io/hqdm#state_of_association_member_of>	<http://www.w3.org/2000/01/rdf-schema#domain>	<https://hqdmtop.github.io/hqdm#state_of_association>
<https://hqdmtop.github.io/hqdm#state_of_association_member_of>	<http://www.w3.org/2000/01/rdf-schema#range>	<https://hqdmtop.github.io/hqdm#class_of_state_of_association>
<https://hqdmtop.github.io/hqdm#state_of_association_temporal_part_of>	<http://www.w3.org/2000/01/rdf-schema#domain>	<https://hqdmtop.github.io/hqdm#state_of_association>
<https://hqdmtop.github.io/hqdm#state_of_association_temporal_part_of>	<http://www.w3.org/2000/01/rdf-schema#range>	<https://hqdmtop.github.io/hqdm#association>
<https://hqdmtop.github.io/hqdm#state_of_biological_object>	<http://www.w3.org/1999/02/22-rdf-syntax-ns#type>	<http://www.w3.org/2000/01/rdf-schema#Class>
<https://hqdmtop.github.io/hqdm#state_of_biological_object>	<http://www.w3.org/2000/01/rdf-schema#subClassOf>	<https://hqdmtop.github.io/hqdm#state_of_physical_object>
<https://hqdmtop.github.io/hqdm#state_of_biological_object_member_of>	<http://www.w3.org/2000/01/rdf-schema#domain>	<https://hqdmtop.github.io/hqdm#state_of_biological_object>
<https://hqdmtop.github.io/hqdm#state_of_biological_object_member_of>	<http://www.w3.org/2000/01/rdf-schema#range>	<https://hqdmtop.github.io/hqdm#class_of_state_of_biological_object>
<https://hqdmtop.github.io/hqdm#state_of_biological_object_temporal_part_of>	<http://www.w3.org/2000/01/rdf-schema#domain>	<https://hqdmtop.github.io/hqdm#state_of_biological_object>
<https://hqdmtop.github.io/hqdm#state_of_biological_object_temporal_part_of>	<http://www.w3.org/2000/01/rdf-schema#range>	<https://hqdmtop.github.io/hqdm#biological_object>
<https://hqdmtop.github.io/hqdm#state_of_biological_system>	<http://www.w3.org/1999/02/22-rdf-syntax-ns#type>	<http://www.w3.org/2000/01/rdf-schema#Class>
<https://hqdmtop.github.io/hqdm#state_of_biological_system>	<http://www.w3.org/2000/01/rdf-schema#subClassOf>	<https://hqdmtop.github.io/hqdm#state_of_ordinary_biological_object>
<https://hqdmtop.github.io/hqdm#state_of_biological_system>	<http://www.w3.org/2000/01/rdf-schema#subClassOf>	<https://hqdmtop.github.io/hqdm#state_of_system>
<https://hqdmtop.github.io/hqdm#state_of_biological_system_component>	<http://www.w3.org/1999/02/22-rdf-syntax-ns#type>	<http://www.w3.org/2000/01/rdf-schema#Class>
<https://hqdmtop.github.io/hqdm#state_of_biological_system_component>	<http://www.w3.org/2000/01/rdf-schema#subClassOf>	<https://hqdmtop.github.io/hqdm#state_of_biological_object>
<https://hqdmtop.github.io/hqdm#state_of_biological_system_component>	<http://www.w3.org/2000/01/rdf-schema#subClassOf>	<https://hqdmtop.github.io/hqdm#state_of_system_component>
<https://hqdmtop.github.io/hqdm#state_of_biological_system_component_member_of>	<http://www.w3.org/2000/01/rdf-schema#domain>	<https://hqdmtop.github.io/hqdm#state_of_biological_system_component>
<https://hqdmtop.github.io/hqdm#state_of_biological_system_component_member_of>	<http://www.w3.org/2000/01/rdf-schema#range>	<https://hqdmtop.github.io/hqdm#class_of_state_of_biological_system_component>
<https://hqdmtop.github.io/hqdm#state_of_biological_system_component_temporal_part_of>	<http://www.w3.org/2000/01/rdf-schema#domain>	<https://hqdmtop.github.io/hqdm#state_of_biological_system_component>
<https://hqdmtop.github.io/hqdm#state_of_biological_system_component_temporal_part_of>	<http://www.w3.org/2000/01/rdf-schema#range>	<https://hqdmtop.github.io/hqdm#biological_system_component>
<https://hqdmtop.github.io/hqdm#state_of_biological_system_member_of>	<http://www.w3.org/2000/01/rdf-schema#domain>	<https://hqdmtop.github.io/hqdm#state_of_biological_system>
<https://hqdmtop.github.io/hqdm#state_of_biological_system_member_of>	<http://www.w3.org/2000/01/rdf-schema#range>	<https://hqdmtop.github.io/hqdm#class_of_state_of_biological_system>
<https://hqdmtop.github.io/hqdm#state_of_biological_system_temporal_part_of>	<http://www.w3.org/2000/01/rdf-schema#domain>	<https://hqdmtop.github.io/hqdm#state_of_biological_system>
<https://hqdmtop.github.io/hqdm#state_of_biological_system_temporal_part_of>	<http://www.w3.org/2000/01/rdf-schema#range>	<https://hqdmtop.github.io/hqdm#biological_system>
<https://hqdmtop.github.io/hqdm#state_of_functional_object>	<http://www.w3.org/1999/02/22-rdf-syntax-ns#type>	<http://www.w3.org/2000/01/rdf-schema#Class>
<https://hqdmtop.github.io/hqdm#state_of_functional_object>	<http://www.w3.org/2000/01/rdf-schema#subClassOf>	<https://hqdmtop.github.io/hqdm#state_of_intentionally_constructed_object>
<https://hqdmtop.github.io/hqdm#state_of_functional_object>	<http://www.w3.org/2000/01/rdf-schema#subClassOf>	<https://hqdmtop.github.io/hqdm#state_of_physical_object>
<https://hqdmtop.github.io/hqdm#state_of_functional_object_member_of>	<http://www.w3.org/2000/01/rdf-schema#domain>	<https://hqdmtop.github.io/hqdm#state_of_functional_object>
<https://hqdmtop.github.io/hqdm#state_of_functional_object_member_of>	<http://www.w3.org/2000/01/rdf-schema#range>	<https://hqdmtop.github.io/hqdm#class_of_state_of_functional_object>
<https://hqdmtop.github.io/hqdm#state_of_functional_object_temporal_part_of>	<http://www.w3.org/2000/01/rdf-schema#domain>	<https://hqdmtop.github.io/hqdm#state_of_functional_object>
<https://hqdmtop.github.io/hqdm#state_of_functional_object_temporal_part_of>	<http://www.w3.org/2000/01/rdf-schema#range>	<https://hqdmtop.github.io/hqdm#functional_object>
<https://hqdmtop.github.io/hqdm#state_of_functional_system>	<http://www.w3.org/1999/02/22-rdf-syntax-ns#type>	<http://www.w3.org/2000/01/rdf-schema#Class>
<https://hqdmtop.github.io/hqdm#state_of_functional_system>	<http://www.w3.org/2000/01/rdf-schema#subClassOf>	<https://hqdmtop.github.io/hqdm#state_of_ordinary_functional_object>
<https://hqdmtop.github.io/hqdm#state_of_functional_system>	<http://www.w3.org/2000/01/rdf-schema#subClassOf>	<https://hqdmtop.github.io/hqdm#state_of_system>
<https://hqdmtop.github.io/hqdm#state_of_functional_system_component>	<http://www.w3.org/1999/02/22-rdf-syntax-ns#type>	<http://www.w3.org/2000/01/rdf-schema#Class>
<https://hqdmtop.github.io/hqdm#state_of_functional_system_component>	<http://www.w3.org/2000/01/rdf-schema#subClassOf>	<https://hqdmtop.github.io/hqdm#state_of_functional_object>
<https://hqdmtop.github.io/hqdm#state_of_functional_system_component>	<http://www.w3.org/2000/01/rdf-schema#subClassOf>	<https://hqdmtop.github.io/hqdm#state_of_system_component>
<https://hqdmtop.github.io/hqdm#state_of_functional_system_component_member_of>	<http://www.w3.org/2000/01/rdf-schema#domain>	<https://hqdmtop.github.io/hqdm#state_of_functional_system_component>
<https://hqdmtop.github.io/hqdm#state_of_functional_system_component_member_of>	<http://www.w3.org/2000/01/rdf-schema#range>	<https://hqdmtop.github.io/hqdm#class_of_state_of_functional_system_component>
<https://hqdmtop.github.io/hqdm#state_of_functional_system_component_temporal_part_of>	<http://www.w3.org/2000/01/rdf-schema#domain>	<https://hqdmtop.github.io/hqdm#state_of_functional_system_component>
<https://hqdmtop.github.io/hqdm#state_of_functional_system_component_temporal_part_of>	<http://www.w3.org/2000/01/rdf-schema#range>	<https://hqdmtop.github.io/hqdm#functional_system_component>
<https://hqdmtop.github.io/hqdm#state_of_functional_system_member_of>	<http://www.w3.org/2000/01/rdf-schema#domain>	<https://hqdmtop.github.io/hqdm#state_of_functional_system>
<https://hqdmtop.github.io/hqdm#state_of_functional_system_member_of>	<http://www.w3.org/2000/01/rdf-schema#range>	<https://hqdmtop.github.io/hqdm#class_of_state_of_functional_system>
<https://hqdmtop.github.io/hqdm#state_of_functional_system_temporal_part_of>	<http://www.w3.org/2000/01/rdf-schema#domain>	<https://hqdmtop.github.io/hqdm#state_of_functional_system>
<https://hqdmtop.github.io/hqdm#state_of_functional_system_temporal_part_of>	<http://www.w3.org/2000/01/rdf-schema#range>	<https://hqdmtop.github.io/hqdm#functional_system>
<https://hqdmtop.github.io/hqdm#state_of_intentionally_constructed_object>	<http://www.w3.org/1999/02/22-rdf-syntax-ns#type>	<http://www.w3.org/2000/01/rdf-schema#Class>
<https://hqdmtop.github.io/hqdm#state_of_intentionally_constructed_object>	<http://www.w3.org/2000/01/rdf-schema#subClassOf>	<https://hqdmtop.github.io/hqdm#state>
<https://hqdmtop.github.io/hqdm#state_of_intentionally_constructed_object_member_of>	<http://www.w3.org/2000/01/rdf-schema#domain>	<https://hqdmtop.github.io/hqdm#state_of_intentionally_constructed_object>
<https://hqdmtop.github.io/hqdm#state_of_intentionally_constructed_object_member_of>	<http://www.w3.org/2000/01/rdf-schema#range>	<https://hqdmtop.github.io/hqdm#class_of_state_of_intentionally_constructed_object>
<https://hqdmtop.github.io/hqdm#state_of_intentionally_constructed_object_temporal_part_of>	<http://www.w3.org/2000/01/rdf-schema#domain>	<https://hqdmtop.github.io/hqdm#state_of_intentionally_constructed_object>
<https://hqdmtop.github.io/hqdm#state_of_intentionally_constructed_object_temporal_part_of>	<http://www.w3.org/2000/01/rdf-schema#range>	<https://hqdmtop.github.io/hqdm#intentionally_constructed_object>
<https://hqdmtop.github.io/hqdm#state_of_language_community>	<http://www.w3.org/1999/02/22-rdf-syntax-ns#type>	<http://www.w3.org/2000/01/rdf-schema#Class>
<https://hqdmtop.github.io/hqdm#state_of_language_community>	<http://www.w3.org/2000/01/rdf-schema#subClassOf>	<https://hqdmtop.github.io/hqdm#state_of_organization>
<https://hqdmtop.github.io/hqdm#state_of_language_community_temporal_part_of>	<http://www.w3.org/2000/01/rdf-schema#domain>	<https://hqdmtop.github.io/hqdm#state_of_language_community>
<https://hqdmtop.github.io/hqdm#state_of_language_community_temporal_part_of>	<http://www.w3.org/2000/01/rdf-schema#range>	<https://hqdmtop.github.io/hqdm#language_community>
<https://hqdmtop.github.io/hqdm#state_of_ordinary_biological_object>	<http://www.w3.org/1999/02/22-rdf-syntax-ns#type>	<http://www.w3.org/2000/01/rdf-schema#Class>
<https://hqdmtop.github.io/hqdm#state_of_ordinary_biological_object>	<http://www.w3.org/2000/01/rdf-schema#subClassOf>	<https://hqdmtop.github.io/hqdm#state_of_biological_object>
<https://hqdmtop.github.io/hqdm#state_of_ordinary_biological_object>	<http://www.w3.org/2000/01/rdf-schema#subClassOf>	<https://hqdmtop.github.io/hqdm#state_of_ordinary_physical_object>
<https://hqdmtop.github.io/hqdm#state_of_ordinary_biological_object_member_of>	<http://www.w3.org/2000/01/rdf-schema#domain>	<https://hqdmtop.github.io/hqdm#state_of_ordinary_biological_object>
<https://hqdmtop.github.io/hqdm#state_of_ordinary_biological_object_member_of>	<http://www.w3.org/2000/01/rdf-schema#range>	<https://hqdmtop.github.io/hqdm#class_of_state_of_ordinary_biological_object>
<https://hqdmtop.github.io/hqdm#state_of_ordinary_biological_object_temporal_part_of>	<http://www.w3.org/2000/01/rdf-schema#domain>	<https://hqdmtop.github.io/hqdm#state_of_ordinary_biological_object>
<https://hqdmtop.github.io/hqdm#state_of_ordinary_biological_object_temporal_part_of>	<http://www.w3.org/2000/01/rdf-schema#range>	<https://hqdmtop.github.io/hqdm#ordinary_biological_object>
<https://hqdmtop.github.io/hqdm#state_of_ordinary_functional_object>	<http://www.w3.org/1999/02/22-rdf-syntax-ns#type>	<http://www.w3.org/2000/01/rdf-schema#Class>
<https://hqdmtop.github.io/hqdm#state_of_ordinary_functional_object>	<http://www.w3.org/2000/01/rdf-schema#subClassOf>	<https://hqdmtop.github.io/hqdm#state_of_functional_object>
<https://hqdmtop.github.io/hqdm#state_of_ordinary_functional_object>	<http://www.w3.org/2000/01/rdf-schema#subClassOf>	<https://hqdmtop.github.io/hqdm#state_of_ordinary_physical_object>
<https://hqdmtop.github.io/hqdm#state_of_ordinary_functional_object_member_of>	<http://www.w3.org/2000/01/rdf-schema#domain>	<https://hqdmtop.github.io/hqdm#state_of_ordinary_functional_object>
<https://hqdmtop.github.io/hqdm#state_of_ordinary_functional_object_member_of>	<http://www.w3.org/2000/01/rdf-schema#range>	<https://hqdmtop.github.io/hqdm#class_of_state_of_ordinary_functional_object>
<https://hqdmtop.github.io/hqdm#state_of_ordinary_functional_object_temporal_part_of>	<http://www.w3.org/2000/01/rdf-schema#domain>	<https://hqdmtop.github.io/hqdm#state_of_ordinary_functional_object>
<https://hqdmtop.github.io/hqdm#state_of_ordinary_functional_object_temporal_part_of>	<http://www.w3.org/2000/01/rdf-schema#range>	<https://hqdmtop.github.io/hqdm#ordinary_functional_object>
<https://hqdmtop.github.io/hqdm#state_of_ordinary_physical_object>	<http://www.w3.org/1999/02/22-rdf-syntax-ns#type>	<http://www.w3.org/2000/01/rdf-schema#Class>
<https://hqdmtop.github.io/hqdm#state_of_ordinary_physical_object>	<http://www.w3.org/2000/01/rdf-schema#subClassOf>	<https://hqdmtop.github.io/hqdm#state_of_physical_object>
<https://hqdmtop.github.io/hqdm#state_of_ordinary_physical_object_member_of>	<http://www.w3.org/2000/01/rdf-schema#domain>	<https://hqdmtop.github.io/hqdm#state_of_ordinary_physical_object>
<https://hqdmtop.github.io/hqdm#state_of_ordinary_physical_object_member_of>	<http://www.w3.org/2000/01/rdf-schema#range>	<https://hqdmtop.github.io/hqdm#class_of_state_of_ordinary_physical_object>
<https://hqdmtop.github.io/hqdm#state_of_ordinary_physical_object_temporal_part_of>	<http://www.w3.org/2000/01/rdf-schema#domain>	<https://hqdmtop.github.io/hqdm#state_of_ordinary_physical_object>
<https://hqdmtop.github.io/hqdm#state_of_ordinary_physical_object_temporal_part_of>	<http://www.w3.org/2000/01/rdf-schema#range>	<https://hqdmtop.github.io/hqdm#ordinary_physical_object>
<https://hqdmtop.github.io/hqdm#state_of_organization>	<http://www.w3.org/1999/02/22-rdf-syntax-ns#type>	<http://www.w3.org/2000/01/rdf-schema#Class>
<https://hqdmtop.github.io/hqdm#state_of_organization>	<http://www.w3.org/2000/01/rdf-schema#subClassOf>	<https://hqdmtop.github.io/hqdm#state_of_party>
<https://hqdmtop.github.io/hqdm#state_of_organization>	<http://www.w3.org/2000/01/rdf-schema#subClassOf>	<https://hqdmtop.github.io/hqdm#state_of_socially_constructed_object>
<https://hqdmtop.github.io/hqdm#state_of_organization_component>	<http://www.w3.org/1999/02/22-rdf-syntax-ns#type>	<http://www.w3.org/2000/01/rdf-schema#Class>
<https://hqdmtop.github.io/hqdm#state_of_organization_component>	<http://www.w3.org/2000/01/rdf-schema#subClassOf>	<https://hqdmtop.github.io/hqdm#state_of_socially_constructed_object>
<https://hqdmtop.github.io/hqdm#state_of_organization_component>	<http://www.w3.org/2000/01/rdf-schema#subClassOf>	<https://hqdmtop.github.io/hqdm#state_of_system_component>
<https://hqdmtop.github.io/hqdm#state_of_organization_component_member_of>	<http://www.w3.org/2000/01/rdf-schema#domain>	<https://hqdmtop.github.io/hqdm#state_of_organization_component>
<https://hqdmtop.github.io/hqdm#state_of_organization_component_member_of>	<http://www.w3.org/2000/01/rdf-schema#range>	<https://hqdmtop.github.io/hqdm#class_of_state_of_organization_component>
<https://hqdmtop.github.io/hqdm#state_of_organization_component_temporal_part_of>	<http://www.w3.org/2000/01/rdf-schema#domain>	<https://hqdmtop.github.io/hqdm#state_of_organization_component>
<https://hqdmtop.github.io/hqdm#state_of_organization_component_temporal_part_of>	<http://www.w3.org/2000/01/rdf-schema#range>	<https://hqdmtop.github.io/hqdm#organization_component>
<https://hqdmtop.github.io/hqdm#state_of_organization_member_of>	<http://www.w3.org/2000/01/rdf-schema#domain>	<https://hqdmtop.github.io/hqdm#state_of_organization>
<https://hqdmtop.github.io/hqdm#state_of_organization_member_of>	<http://www.w3.org/2000/01/rdf-schema#range>	<https://hqdmtop.github.io/hqdm#class_of_state_of_organization>
<https://hqdmtop.github.io/hqdm#state_of_organization_temporal_part_of>	<http://www.w3.org/2000/01/rdf-schema#domain>	<https://hqdmtop.github.io/hqdm#state_of_organization>
<https://hqdmtop.github.io/hqdm#state_of_organization_temporal_part_of>	<http://www.w3.org/2000/01/rdf-schema#range>	<https://hqdmtop.github.io/hqdm#organization>
<https://hqdmtop.github.io/hqdm#state_of_party>	<http://www.w3.org/1999/02/22-rdf-syntax-ns#type>	<http://www.w3.org/2000/01/rdf-schema#Class>
<https://hqdmtop.github.io/hqdm#state_of_party>	<http://www.w3.org/2000/01/rdf-schema#subClassOf>	<https://hqdmtop.github.io/hqdm#state_of_system>
<https://hqdmtop.github.io/hqdm#state_of_party_member_of>	<http://www.w3.org/2000/01/rdf-schema#domain>	<https://hqdmtop.github.io/hqdm#state_of_party>
<https://hqdmtop.github.io/hqdm#state_of_party_member_of>	<http://www.w3.org/2000/01/rdf-schema#range>	<https://hqdmtop.github.io/hqdm#class_of_state_of_party>
<https://hqdmtop.github.io/hqdm#state_of_party_temporal_part_of>	<http://www.w3.org/2000/01/rdf-schema#domain>	<https://hqdmtop.github.io/hqdm#state_of_party>
<https://hqdmtop.github.io/hqdm#state_of_party_temporal_part_of>	<http://www.w3.org/2000/01/rdf-schema#range>	<https://hqdmtop.github.io/hqdm#party>
<https://hqdmtop.github.io/hqdm#state_of_person>	<http://www.w3.org/1999/02/22-rdf-syntax-ns#type>	<http://www.w3.org/2000/01/rdf-schema#Class>
<https://hqdmtop.github.io/hqdm#state_of_person>	<http://www.w3.org/2000/01/rdf-schema#subClassOf>	<https://hqdmtop.github.io/hqdm#state_of_biological_system>
<https://hqdmtop.github.io/hqdm#state_of_person>	<http://www.w3.org/2000/01/rdf-schema#subClassOf>	<https://hqdmtop.github.io/hqdm#state_of_party>
<https://hqdmtop.github.io/hqdm#state_of_person_member_of>	<http://www.w3.org/2000/01/rdf-schema#domain>	<https://hqdmtop.github.io/hqdm#state_of_person>
<https://hqdmtop.github.io/hqdm#state_of_person_member_of>	<http://www.w3.org/2000/01/rdf-schema#range>	<https://hqdmtop.github.io/hqdm#class_of_state_of_person>
<https://hqdmtop.github.io/hqdm#state_of_person_temporal_part_of>	<http://www.w3.org/2000/01/rdf-schema#domain>	<https://hqdmtop.github.io/hqdm#state_of_person>
<https://hqdmtop.github.io/hqdm#state_of_person_temporal_part_of>	<http://www.w3.org/2000/01/rdf-schema#range>	<https://hqdmtop.github.io/hqdm#person>
<https://hqdmtop.github.io/hqdm#state_of_physical_object>	<http://www.w3.org/1999/02/22-rdf-syntax-ns#type>	<http://www.w3.org/2000/01/rdf-schema#Class>
<https://hqdmtop.github.io/hqdm#state_of_physical_object>	<http://www.w3.org/2000/01/rdf-schema#subClassOf>	<https://hqdmtop.github.io/hqdm#state>
<https://hqdmtop.github.io/hqdm#state_of_physical_object_member_of>	<http://www.w3.org/2000/01/rdf-schema#domain>	<https://hqdmtop.github.io/hqdm#state_of_physical_object>
<https://hqdmtop.github.io/hqdm#state_of_physical_object_member_of>	<http://www.w3.org/2000/01/rdf-schema#range>	<https://hqdmtop.github.io/hqdm#class_of_state_of_physical_object>
<https://hqdmtop.github.io/hqdm#state_of_physical_object_temporal_part_of>	<http://www.w3.org/2000/01/rdf-schema#domain>	<https://hqdmtop.github.io/hqdm#state_of_physical_object>
<https://hqdmtop.github.io/hqdm#state_of_physical_object_temporal_part_of>	<http://www.w3.org/2000/01/rdf-schema#range>	<https://hqdmtop.github.io/hqdm#physical_object>
<https://hqdmtop.github.io/hqdm#state_of_position>	<http://www.w3.org/1999/02/22-rdf-syntax-ns#type>	<http://www.w3.org/2000/01/rdf-schema#Class>
<https://hqdmtop.github.io/hqdm#state_of_position>	<http://www.w3.org/2000/01/rdf-schema#subClassOf>	<https://hqdmtop.github.io/hqdm#state_of_organization_component>
<https://hqdmtop.github.io/hqdm#state_of_position_member_of>	<http://www.w3.org/2000/01/rdf-schema#domain>	<https://hqdmtop.github.io/hqdm#state_of_position>
<https://hqdmtop.github.io/hqdm#state_of_position_member_of>	<http://www.w3.org/2000/01/rdf-schema#range>	<https://hqdmtop.github.io/hqdm#class_of_state_of_position>
<https://hqdmtop.github.io/hqdm#state_of_position_temporal_part_of>	<http://www.w3.org/2000/01/rdf-schema#domain>	<https://hqdmtop.github.io/hqdm#state_of_position>
<https://hqdmtop.github.io/hqdm#state_of_position_temporal_part_of>	<http://www.w3.org/2000/01/rdf-schema#range>	<https://hqdmtop.github.io/hqdm#position>
<https://hqdmtop.github.io/hqdm#state_of_sales_product_instance>	<http://www.w3.org/1999/02/22-rdf-syntax-ns#type>	<http://www.w3.org/2000/01/rdf-schema#Class>
<https://hqdmtop.github.io/hqdm#state_of_sales_product_instance>	<http://www.w3.org/2000/01/rdf-schema#subClassOf>	<https://hqdmtop.github.io/hqdm#state_of_ordinary_functional_object>
<https://hqdmtop.github.io/hqdm#state_of_sales_product_instance_member_of>	<http://www.w3.org/2000/01/rdf-schema#domain>	<https://hqdmtop.github.io/hqdm#state_of_sales_product_instance>
<https://hqdmtop.github.io/hqdm#state_of_sales_product_instance_member_of>	<http://www.w3.org/2000/01/rdf-schema#range>	<https://hqdmtop.github.io/hqdm#class_of_state_of_sales_product_instance>
<https://hqdmtop.github.io/hqdm#state_of_sales_product_instance_temporal_part_of>	<http://www.w3.org/2000/01/rdf-schema#domain>	<https://hqdmtop.github.io/hqdm#state_of_sales_product_instance>
<https://hqdmtop.github.io/hqdm#state_of_sales_product_instance_temporal_part_of>	<http://www.w3.org/2000/01/rdf-schema#range>	<https://hqdmtop.github.io/hqdm#sales_product_instance>
<https://hqdmtop.github.io/hqdm#state_of_sign>	<http://www.w3.org/1999/02/22-rdf-syntax-ns#type>	<http://www.w3.org/2000/01/rdf-schema#Class>
<https://hqdmtop.github.io/hqdm#state_of_sign>	<http://www.w3.org/2000/01/rdf-schema#subClassOf>	<https://hqdmtop.github.io/hqdm#state_of_socially_constructed_object>
<https://hqdmtop.github.io/hqdm#state_of_sign_member_of>	<http://www.w3.org/2000/01/rdf-schema#domain>	<https://hqdmtop.github.io/hqdm#state_of_sign>
<https://hqdmtop.github.io/hqdm#state_of_sign_member_of>	<http://www.w3.org/2000/01/rdf-schema#range>	<https://hqdmtop.github.io/hqdm#class_of_state_of_sign>
<https://hqdmtop.github.io/hqdm#state_of_sign_temporal_part_of>	<http://www.w3.org/2000/01/rdf-schema#domain>	<https://hqdmtop.github.io/hqdm#state_of_sign>
<https://hqdmtop.github.io/hqdm#state_of_sign_temporal_part_of>	<http://www.w3.org/2000/01/rdf-schema#range>	<https://hqdmtop.github.io/hqdm#sign>
<https://hqdmtop.github.io/hqdm#state_of_socially_constructed_activity>	<http://www.w3.org/1999/02/22-rdf-syntax-ns#type>	<http://www.w3.org/2000/01/rdf-schema#Class>
<https://hqdmtop.github.io/hqdm#state_of_socially_constructed_activity>	<http://www.w3.org/2000/01/rdf-schema#subClassOf>	<https://hqdmtop.github.io/hqdm#state_of_activity>
<https://hqdmtop.github.io/hqdm#state_of_socially_constructed_activity>	<http://www.w3.org/2000/01/rdf-schema#subClassOf>	<https://hqdmtop.github.io/hqdm#state_of_socially_constructed_object>
<https://hqdmtop.github.io/hqdm#state_of_socially_constructed_object>	<http://www.w3.org/1999/02/22-rdf-syntax-ns#type>	<http://www.w3.org/2000/01/rdf-schema#Class>
<https://hqdmtop.github.io/hqdm#state_of_socially_constructed_object>	<http://www.w3.org/2000/01/rdf-schema#subClassOf>	<https://hqdmtop.github.io/hqdm#state_of_intentionally_constructed_object>
<https://hqdmtop.github.io/hqdm#state_of_socially_constructed_object_member_of>	<http://www.w3.org/2000/01/rdf-schema#domain>	<https://hqdmtop.github.io/hqdm#state_of_socially_constructed_object>
<https://hqdmtop.github.io/hqdm#state_of_socially_constructed_object_member_of>	<http://www.w3.org/2000/01/rdf-schema#range>	<https://hqdmtop.github.io/hqdm#class_of_state_of_socially_constructed_object>
<https://hqdmtop.github.io/hqdm#state_of_socially_constructed_object_temporal_part_of>	<http://www.w3.org/2000/01/rdf-schema#domain>	<https://hqdmtop.github.io/hqdm#state_of_socially_constructed_object>
<https://hqdmtop.github.io/hqdm#state_of_socially_constructed_object_temporal_part_of>	<http://www.w3.org/2000/01/rdf-schema#range>	<https://hqdmtop.github.io/hqdm#socially_constructed_object>
<https://hqdmtop.github.io/hqdm#state_of_system>	<http://www.w3.org/1999/02/22-rdf-syntax-ns#type>	<http://www.w3.org/2000/01/rdf-schema#Class>
<https://hqdmtop.github.io/hqdm#state_of_system>	<http://www.w3.org/2000/01/rdf-schema#subClassOf>	<https://hqdmtop.github.io/hqdm#state_of_ordinary_physical_object>
<https://hqdmtop.github.io/hqdm#state_of_system_component>	<http://www.w3.org/1999/02/22-rdf-syntax-ns#type>	<http://www.w3.org/2000/01/rdf-schema#Class>
<https://hqdmtop.github.io/hqdm#state_of_system_component>	<http://www.w3.org/2000/01/rdf-schema#subClassOf>	<https://hqdmtop.github.io/hqdm#state_of_physical_object>
<https://hqdmtop.github.io/hqdm#state_of_system_component_member_of>	<http://www.w3.org/2000/01/rdf-schema#domain>	<https://hqdmtop.github.io/hqdm#state_of_system_component>
<https://hqdmtop.github.io/hqdm#state_of_system_component_member_of>	<http://www.w3.org/2000/01/rdf-schema#range>	<https://hqdmtop.github.io/hqdm#class_of_state_of_system_component>
<https://hqdmtop.github.io/hqdm#state_of_system_component_temporal_part_of>	<http://www.w3.org/2000/01/rdf-schema#domain>	<https://hqdmtop.github.io/hqdm#state_of_system_component>
<https://hqdmtop.github.io/hqdm#state_of_system_component_temporal_part_of>	<http://www.w3.org/2000/01/rdf-schema#range>	<https://hqdmtop.github.io/hqdm#system_component>
<https://hqdmtop.github.io/hqdm#state_of_system_member_of>	<http://www.w3.org/2000/01/rdf-schema#domain>	<https://hqdmtop.github.io/hqdm#state_of_system>
<https://hqdmtop.github.io/hqdm#state_of_system_member_of>	<http://www.w3.org/2000/01/rdf-schema#range>	<https://hqdmtop.github.io/hqdm#class_of_state_of_system>
<https://hqdmtop.github.io/hqdm#state_of_system_temporal_part_of>	<http://www.w3.org/2000/01/rdf-schema#domain>	<https://hqdmtop.github.io/hqdm#state_of_system>
<https://hqdmtop.github.io/hqdm#state_of_system_temporal_part_of>	<http://www.w3.org/2000/01/rdf-schema#range>	<https://hqdmtop.github.io/hqdm#system>
<https://hqdmtop.github.io/hqdm#state_temporal_part_of>	<http://www.w3.org/2000/01/rdf-schema#domain>	<https://hqdmtop.github.io/hqdm#state>
<https://hqdmtop.github.io/hqdm#state_temporal_part_of>	<http://www.w3.org/2000/01/rdf-schema#range>	<https://hqdmtop.github.io/hqdm#individual>
<https://hqdmtop.github.io/hqdm#system>	<http://www.w3.org/1999/02/22-rdf-syntax-ns#type>	<http://www.w3.org/2000/01/rdf-schema#Class>
<https://hqdmtop.github.io/hqdm#system>	<http://www.w3.org/2000/01/rdf-schema#subClassOf>	<https://hqdmtop.github.io/hqdm#ordinary_physical_object>
<https://hqdmtop.github.io/hqdm#system>	<http://www.w3.org/2000/01/rdf-schema#subClassOf>	<https://hqdmtop.github.io/hqdm#state_of_system>
<https://hqdmtop.github.io/hqdm#system_component>	<http://www.w3.org/1999/02/22-rdf-syntax-ns#type>	<http://www.w3.org/2000/01/rdf-schema#Class>
<https://hqdmtop.github.io/hqdm#system_component>	<http://www.w3.org/2000/01/rdf-schema#subClassOf>	<https://hqdmtop.github.io/hqdm#physical_object>
<https://hqdmtop.github.io/hqdm#system_component>	<http://www.w3.org/2000/01/rdf-schema#subClassOf>	<https://hqdmtop.github.io/hqdm#state_of_system_component>
<https://hqdmtop.github.io/hqdm#system_component_component_of>	<http://www.w3.org/2000/01/rdf-schema#domain>	<https://hqdmtop.github.io/hqdm#system_component>
<https://hqdmtop.github.io/hqdm#system_component_component_of>	<http://www.w3.org/2000/01/rdf-schema#range>	<https://hqdmtop.github.io/hqdm#system>
<https://hqdmtop.github.io/hqdm#system_component_member_of>	<http://www.w3.org/2000/01/rdf-schema#domain>	<https://hqdmtop.github.io/hqdm#system_component>
<https://hqdmtop.github.io/hqdm#system_component_member_of>	<http://www.w3.org/2000/01/rdf-schema#range>	<https://hqdmtop.github.io/hqdm#class_of_system_component>
<https://hqdmtop.github.io/hqdm#system_member_of>	<http://www.w3.org/2000/01/rdf-schema#domain>	<https://hqdmtop.github.io/hqdm#system>
<https://hqdmtop.github.io/hqdm#system_member_of>	<http://www.w3.org/2000/01/rdf-schema#range>	<https://hqdmtop.github.io/hqdm#class_of_system>
<https://hqdmtop.github.io/hqdm#system_member_of_kind>	<http://www.w3.org/2000/01/rdf-schema#domain>	<https://hqdmtop.github.io/hqdm#system>
<https://hqdmtop.github.io/hqdm#system_member_of_kind>	<http://www.w3.org/2000/01/rdf-schema#range>	<https://hqdmtop.github.io/hqdm#kind_of_system>
<https://hqdmtop.github.io/hqdm#temporal_composition>	<http://www.w3.org/2000/01/rdf-schema#subClassOf>	<https://hqdmtop.github.io/hqdm#composition>
<https://hqdmtop.github.io/hqdm#thing>	<http://www.w3.org/1999/02/22-rdf-syntax-ns#type>	<http://www.w3.org/2000/01/rdf-schema#Class>
<https://hqdmtop.github.io/hqdm#thing_member__of>	<http://www.w3.org/2000/01/rdf-schema#domain>	<https://hqdmtop.github.io/hqdm#thing>
<https://hqdmtop.github.io/hqdm#thing_member__of>	<http://www.w3.org/2000/01/rdf-schema#range>	<https://hqdmtop.github.io/hqdm#class>
<https://hqdmtop.github.io/hqdm#transfer_of_ownership>	<http://www.w3.org/1999/02/22-rdf-syntax-ns#type>	<http://www.w3.org/2000/01/rdf-schema#Class>
<https://hqdmtop.github.io/hqdm#transfer_of_ownership>	<http://www.w3.org/2000/01/rdf-schema#subClassOf>	<https://hqdmtop.github.io/hqdm#socially_constructed_activity>
<https://hqdmtop.github.io/hqdm#transfer_of_ownership_causes_beginning>	<http://www.w3.org/2000/01/rdf-schema#domain>	<https://hqdmtop.github.io/hqdm#transfer_of_ownership>
<https://hqdmtop.github.io/hqdm#transfer_of_ownership_causes_beginning>	<http://www.w3.org/2000/01/rdf-schema#range>	<https://hqdmtop.github.io/hqdm#beginning_of_ownership>
<https://hqdmtop.github.io/hqdm#transfer_of_ownership_causes_ending>	<http://www.w3.org/2000/01/rdf-schema#domain>	<https://hqdmtop.github.io/hqdm#transfer_of_ownership>
<https://hqdmtop.github.io/hqdm#transfer_of_ownership_causes_ending>	<http://www.w3.org/2000/01/rdf-schema#range>	<https://hqdmtop.github.io/hqdm#ending_of_ownership>
<https://hqdmtop.github.io/hqdm#transfer_of_ownership_consists_of_participant>	<http://www.w3.org/2000/01/rdf-schema#domain>	<https://hqdmtop.github.io/hqdm#transfer_of_ownership>
<https://hqdmtop.github.io/hqdm#transfer_of_ownership_consists_of_participant>	<http://www.w3.org/2000/01/rdf-schema#range>	<https://hqdmtop.github.io/hqdm#participant_in>
<https://hqdmtop.github.io/hqdm#transfer_of_ownership_of_money>	<http://www.w3.org/1999/02/22-rdf-syntax-ns#type>	<http://www.w3.org/2000/01/rdf-schema#Class>
<https://hqdmtop.github.io/hqdm#transfer_of_ownership_of_money>	<http://www.w3.org/2000/01/rdf-schema#subClassOf>	<https://hqdmtop.github.io/hqdm#transfer_of_ownership>
<https://hqdmtop.github.io/hqdm#transfer_of_ownership_of_money_part_of>	<http://www.w3.org/2000/01/rdf-schema#domain>	<https://hqdmtop.github.io/hqdm#transfer_of_ownership_of_money>
<https://hqdmtop.github.io/hqdm#transfer_of_ownership_of_money_part_of>	<http://www.w3.org/2000/01/rdf-schema#range>	<https://hqdmtop.github.io/hqdm#exchange_of_goods_and_money>
<https://hqdmtop.github.io/hqdm#transfer_of_ownership_of_money_references>	<http://www.w3.org/2000/01/rdf-schema#domain>	<https://hqdmtop.github.io/hqdm#transfer_of_ownership_of_money>
<https://hqdmtop.github.io/hqdm#transfer_of_ownership_of_money_references>	<http://www.w3.org/2000/01/rdf-schema#range>	<https://hqdmtop.github.io/hqdm#money_asset>
<https://hqdmtop.github.io/hqdm#transfer_of_ownership_references>	<http://www.w3.org/2000/01/rdf-schema#domain>	<https://hqdmtop.github.io/hqdm#transfer_of_ownership>
<https://hqdmtop.github.io/hqdm#transfer_of_ownership_references>	<http://www.w3.org/2000/01/rdf-schema#range>	<https://hqdmtop.github.io/hqdm#asset>
<https://hqdmtop.github.io/hqdm#transfer_of_ownership_transfer_of_ownership_part_of>	<http://www.w3.org/2000/01/rdf-schema#domain>	<https://hqdmtop.github.io/hqdm#transfer_of_ownership>
<https://hqdmtop.github.io/hqdm#transfer_of_ownership_transfer_of_ownership_part_of>	<http://www.w3.org/2000/01/rdf-schema#range>	<https://hqdmtop.github.io/hqdm#exchange_of_goods_and_money>
<https://hqdmtop.github.io/hqdm#transferee>	<http://www.w3.org/2000/01/rdf-schema#subClassOf>	<https://hqdmtop.github.io/hqdm#participant>
<https://hqdmtop.github.io/hqdm#transferee>	<http://www.w3.org/2000/01/rdf-schema#subClassOf>	<https://hqdmtop.github.io/hqdm#state_of_party>
<https://hqdmtop.github.io/hqdm#transferee_participant_in>	<http://www.w3.org/2000/01/rdf-schema#domain>	<https://hqdmtop.github.io/hqdm#transferee>
<https://hqdmtop.github.io/hqdm#transferee_participant_in>	<http://www.w3.org/2000/01/rdf-schema#range>	<https://hqdmtop.github.io/hqdm#transfer_of_ownership>
<https://hqdmtop.github.io/hqdm#transferor>	<http://www.w3.org/1999/02/22-rdf-syntax-ns#type>	<http://www.w3.org/2000/01/rdf-schema#Class>
<https://hqdmtop.github.io/hqdm#transferor>	<http://www.w3.org/2000/01/rdf-schema#subClassOf>	<https://hqdmtop.github.io/hqdm#participant>
<https://hqdmtop.github.io/hqdm#transferor>	<http://www.w3.org/2000/01/rdf-schema#subClassOf>	<https://hqdmtop.github.io/hqdm#state_of_party>
<https://hqdmtop.github.io/hqdm#transferor_participant_in>	<http://www.w3.org/2000/01/rdf-schema#domain>	<https://hqdmtop.github.io/hqdm#transferor>
<https://hqdmtop.github.io/hqdm#transferor_participant_in>	<http://www.w3.org/2000/01/rdf-schema#range>	<https://hqdmtop.github.io/hqdm#transfer_of_ownership>
<https://hqdmtop.github.io/hqdm#transferor_temporal_part_of>	<http://www.w3.org/2000/01/rdf-schema#domain>	<https://hqdmtop.github.io/hqdm#transferor>
<https://hqdmtop.github.io/hqdm#transferor_temporal_part_of>	<http://www.w3.org/2000/01/rdf-schema#range>	<https://hqdmtop.github.io/hqdm#owner>
<https://hqdmtop.github.io/hqdm#unit_of_measure>	<http://www.w3.org/1999/02/22-rdf-syntax-ns#type>	<http://www.w3.org/2000/01/rdf-schema#Class>
<https://hqdmtop.github.io/hqdm#unit_of_measure>	<http://www.w3.org/2000/01/rdf-schema#subClassOf>	<https://hqdmtop.github.io/hqdm#function_>
