<http://www.semanticweb.org/magma-core/ontologies/hqdm#abstract_object>	<http://www.w3.org/1999/02/22-rdf-syntax-ns#type>	<http://www.w3.org/2002/07/owl#Class>
<http://www.semanticweb.org/magma-core/ontologies/hqdm#abstract_object>	<http://www.w3.org/2000/01/rdf-schema#comment>	"An abstract_object may be either a class or a relationship , but a relationship may not also be a class."
<http://www.semanticweb.org/magma-core/ontologies/hqdm#abstract_object>	<http://www.w3.org/2000/01/rdf-schema#subClassOf>	<http://www.semanticweb.org/magma-core/ontologies/hqdm#thing>
<http://www.semanticweb.org/magma-core/ontologies/hqdm#abstract_object>	<http://www.w3.org/2002/07/owl#disjointWith>	<http://www.semanticweb.org/magma-core/ontologies/hqdm#spatio_temporal_extent>
<http://www.semanticweb.org/magma-core/ontologies/hqdm#abstract_object>	<http://www.w3.org/2002/07/owl#equivalentClass>	_:Ne5d6c271ad0a4aa1807b9be2414b8220
<http://www.semanticweb.org/magma-core/ontologies/hqdm#acceptance_of_offer>	<http://www.w3.org/1999/02/22-rdf-syntax-ns#type>	<http://www.w3.org/2002/07/owl#Class>
<http://www.semanticweb.org/magma-core/ontologies/hqdm#acceptance_of_offer>	<http://www.w3.org/2000/01/rdf-schema#subClassOf>	<http://www.semanticweb.org/magma-core/ontologies/hqdm#socially_constructed_activity>
<http://www.semanticweb.org/magma-core/ontologies/hqdm#acceptance_of_offer>	<http://www.w3.org/2000/01/rdf-schema#subClassOf>	_:N16964cc5faff489b97fcfad62e2f6284
<http://www.semanticweb.org/magma-core/ontologies/hqdm#acceptance_of_offer>	<http://www.w3.org/2000/01/rdf-schema#subClassOf>	_:N456a256ae83c4b2482a2f1d6e8163a17
<http://www.semanticweb.org/magma-core/ontologies/hqdm#acceptance_of_offer>	<http://www.w3.org/2000/01/rdf-schema#subClassOf>	_:N83c8923d3d6c4a588d3fb54d4f38894e
<http://www.semanticweb.org/magma-core/ontologies/hqdm#acceptance_of_offer>	<http://www.w3.org/2000/01/rdf-schema#subClassOf>	_:Necc2d526253f47e4b6a07593aa06a307
<http://www.semanticweb.org/magma-core/ontologies/hqdm#acceptance_of_offer_for_goods>	<http://www.w3.org/1999/02/22-rdf-syntax-ns#type>	<http://www.w3.org/2002/07/owl#Class>
<http://www.semanticweb.org/magma-core/ontologies/hqdm#acceptance_of_offer_for_goods>	<http://www.w3.org/2000/01/rdf-schema#subClassOf>	<http://www.semanticweb.org/magma-core/ontologies/hqdm#acceptance_of_offer>
<http://www.semanticweb.org/magma-core/ontologies/hqdm#acceptance_of_offer_for_goods>	<http://www.w3.org/2000/01/rdf-schema#subClassOf>	_:N4171a91230a64af490a1dff0676591f7
<http://www.semanticweb.org/magma-core/ontologies/hqdm#acceptance_of_offer_for_goods>	<http://www.w3.org/2000/01/rdf-schema#subClassOf>	_:N533d82a880254cb9b1ca63f892a06e4a
<http://www.semanticweb.org/magma-core/ontologies/hqdm#acceptance_of_offer_for_goods>	<http://www.w3.org/2000/01/rdf-schema#subClassOf>	_:N8b809c5a2a1e4fa7afe6098ee783404b
<http://www.semanticweb.org/magma-core/ontologies/hqdm#acceptance_of_offer_for_goods>	<http://www.w3.org/2000/01/rdf-schema#subClassOf>	_:Ne7ac73c23c1a4a5fa60390c4f5629794
<http://www.semanticweb.org/magma-core/ontologies/hqdm#activity>	<http://www.w3.org/1999/02/22-rdf-syntax-ns#type>	<http://www.w3.org/2002/07/owl#Class>
<http://www.semanticweb.org/magma-core/ontologies/hqdm#activity>	<http://www.w3.org/2000/01/rdf-schema#subClassOf>	<http://www.semanticweb.org/magma-core/ontologies/hqdm#individual>
<http://www.semanticweb.org/magma-core/ontologies/hqdm#activity>	<http://www.w3.org/2000/01/rdf-schema#subClassOf>	<http://www.semanticweb.org/magma-core/ontologies/hqdm#state_of_activity>
<http://www.semanticweb.org/magma-core/ontologies/hqdm#activity>	<http://www.w3.org/2000/01/rdf-schema#subClassOf>	_:N0a774a44ffbc4c368590596ee5f43c93
<http://www.semanticweb.org/magma-core/ontologies/hqdm#activity>	<http://www.w3.org/2000/01/rdf-schema#subClassOf>	_:N1424ebac798e49b99d14876e4e3a32ec
<http://www.semanticweb.org/magma-core/ontologies/hqdm#activity>	<http://www.w3.org/2000/01/rdf-schema#subClassOf>	_:N396df5d384e24ced8d797629844f688e
<http://www.semanticweb.org/magma-core/ontologies/hqdm#activity>	<http://www.w3.org/2000/01/rdf-schema#subClassOf>	_:N4ea97e2de1fe48109d34684467c93a80
<http://www.semanticweb.org/magma-core/ontologies/hqdm#activity>	<http://www.w3.org/2000/01/rdf-schema#subClassOf>	_:N9db5d46eb10e44349eaecec36daba2e5
<http://www.semanticweb.org/magma-core/ontologies/hqdm#activity>	<http://www.w3.org/2000/01/rdf-schema#subClassOf>	_:Nc3804afd6f4042e2b7182c791b55b370
<http://www.semanticweb.org/magma-core/ontologies/hqdm#activity>	<http://www.w3.org/2000/01/rdf-schema#subClassOf>	_:Nd30671ceecf949f1838e7bc70f8d88ac
<http://www.semanticweb.org/magma-core/ontologies/hqdm#activity>	<http://www.w3.org/2000/01/rdf-schema#subClassOf>	_:Nd9ce8fe899a549f095289c56cbde6e31
<http://www.semanticweb.org/magma-core/ontologies/hqdm#aggregated_into>	<http://www.w3.org/1999/02/22-rdf-syntax-ns#type>	<http://www.w3.org/2002/07/owl#ObjectProperty>
<http://www.semanticweb.org/magma-core/ontologies/hqdm#aggregated_into>	<http://www.w3.org/2000/01/rdf-schema#domain>	<http://www.semanticweb.org/magma-core/ontologies/hqdm#spatio_temporal_extent>
<http://www.semanticweb.org/magma-core/ontologies/hqdm#aggregated_into>	<http://www.w3.org/2000/01/rdf-schema#range>	<http://www.semanticweb.org/magma-core/ontologies/hqdm#spatio_temporal_extent>
<http://www.semanticweb.org/magma-core/ontologies/hqdm#aggregation>	<http://www.w3.org/1999/02/22-rdf-syntax-ns#type>	<http://www.w3.org/2002/07/owl#Class>
<http://www.semanticweb.org/magma-core/ontologies/hqdm#aggregation>	<http://www.w3.org/2000/01/rdf-schema#comment>	" A relationship where the whole is at least the sum of the parts."
<http://www.semanticweb.org/magma-core/ontologies/hqdm#aggregation>	<http://www.w3.org/2000/01/rdf-schema#subClassOf>	<http://www.semanticweb.org/magma-core/ontologies/hqdm#relationship>
<http://www.semanticweb.org/magma-core/ontologies/hqdm#aggregation>	<http://www.w3.org/2000/01/rdf-schema#subClassOf>	_:N354299e68c73472abdf4d1ef45977993
<http://www.semanticweb.org/magma-core/ontologies/hqdm#aggregation>	<http://www.w3.org/2000/01/rdf-schema#subClassOf>	_:N5bc8090365764628b7e2a9307a9a33ac
<http://www.semanticweb.org/magma-core/ontologies/hqdm#aggregation>	<http://www.w3.org/2000/01/rdf-schema#subClassOf>	_:N6446c58fff83400c9509bbe22958023d
<http://www.semanticweb.org/magma-core/ontologies/hqdm#aggregation>	<http://www.w3.org/2000/01/rdf-schema#subClassOf>	_:Nae04d7d59db74eb9b25a549b23690a5f
<http://www.semanticweb.org/magma-core/ontologies/hqdm#aggregation>	<http://www.w3.org/2002/07/owl#disjointWith>	<http://www.semanticweb.org/magma-core/ontologies/hqdm#classification>
<http://www.semanticweb.org/magma-core/ontologies/hqdm#aggregation>	<http://www.w3.org/2002/07/owl#disjointWith>	<http://www.semanticweb.org/magma-core/ontologies/hqdm#defined_relationship>
<http://www.semanticweb.org/magma-core/ontologies/hqdm#aggregation>	<http://www.w3.org/2002/07/owl#disjointWith>	<http://www.semanticweb.org/magma-core/ontologies/hqdm#function_>
<http://www.semanticweb.org/magma-core/ontologies/hqdm#aggregation>	<http://www.w3.org/2002/07/owl#disjointWith>	<http://www.semanticweb.org/magma-core/ontologies/hqdm#specialization>
<http://www.semanticweb.org/magma-core/ontologies/hqdm#agree_contract>	<http://www.w3.org/1999/02/22-rdf-syntax-ns#type>	<http://www.w3.org/2002/07/owl#Class>
<http://www.semanticweb.org/magma-core/ontologies/hqdm#agree_contract>	<http://www.w3.org/2000/01/rdf-schema#subClassOf>	<http://www.semanticweb.org/magma-core/ontologies/hqdm#reaching_agreement>
<http://www.semanticweb.org/magma-core/ontologies/hqdm#agree_contract>	<http://www.w3.org/2000/01/rdf-schema#subClassOf>	_:N2d9bef426f364fc6a795e12f4f6cd2b0
<http://www.semanticweb.org/magma-core/ontologies/hqdm#agree_contract>	<http://www.w3.org/2000/01/rdf-schema#subClassOf>	_:N30bb0c560829419a936d74d9fd1529e1
<http://www.semanticweb.org/magma-core/ontologies/hqdm#agree_contract>	<http://www.w3.org/2000/01/rdf-schema#subClassOf>	_:N7a578b63969443a19d07f38965eca9b8
<http://www.semanticweb.org/magma-core/ontologies/hqdm#agree_contract>	<http://www.w3.org/2000/01/rdf-schema#subClassOf>	_:N8d0b8ab6e8a84914b19f37786dff6433
<http://www.semanticweb.org/magma-core/ontologies/hqdm#agree_contract>	<http://www.w3.org/2000/01/rdf-schema#subClassOf>	_:N914eaa6d522441e2b0bc66d342574099
<http://www.semanticweb.org/magma-core/ontologies/hqdm#agree_contract>	<http://www.w3.org/2000/01/rdf-schema#subClassOf>	_:Nb7d22a66e75540b4b6aebbc96f383f6f
<http://www.semanticweb.org/magma-core/ontologies/hqdm#agree_contract>	<http://www.w3.org/2000/01/rdf-schema#subClassOf>	_:Nbbf3d109036c44e492c87054fe74b9b9
<http://www.semanticweb.org/magma-core/ontologies/hqdm#agreement_execution>	<http://www.w3.org/1999/02/22-rdf-syntax-ns#type>	<http://www.w3.org/2002/07/owl#Class>
<http://www.semanticweb.org/magma-core/ontologies/hqdm#agreement_execution>	<http://www.w3.org/2000/01/rdf-schema#subClassOf>	<http://www.semanticweb.org/magma-core/ontologies/hqdm#socially_constructed_activity>
<http://www.semanticweb.org/magma-core/ontologies/hqdm#agreement_execution>	<http://www.w3.org/2000/01/rdf-schema#subClassOf>	_:N44b0c7eddde74752b0aaa439fb72fd43
<http://www.semanticweb.org/magma-core/ontologies/hqdm#agreement_execution>	<http://www.w3.org/2000/01/rdf-schema#subClassOf>	_:N6f8e4040070549d2ab2ba59cba3ceb7d
<http://www.semanticweb.org/magma-core/ontologies/hqdm#agreement_execution>	<http://www.w3.org/2000/01/rdf-schema#subClassOf>	_:N7851c48e6d734fdba2c41ce2ac049b6b
<http://www.semanticweb.org/magma-core/ontologies/hqdm#agreement_process>	<http://www.w3.org/1999/02/22-rdf-syntax-ns#type>	<http://www.w3.org/2002/07/owl#Class>
<http://www.semanticweb.org/magma-core/ontologies/hqdm#agreement_process>	<http://www.w3.org/2000/01/rdf-schema#subClassOf>	<http://www.semanticweb.org/magma-core/ontologies/hqdm#socially_constructed_activity>
<http://www.semanticweb.org/magma-core/ontologies/hqdm#agreement_process>	<http://www.w3.org/2000/01/rdf-schema#subClassOf>	_:N39aee1c2ad75406987c124370f87997e
<http://www.semanticweb.org/magma-core/ontologies/hqdm#agreement_process>	<http://www.w3.org/2000/01/rdf-schema#subClassOf>	_:N628b7c4e5089432a9722104fb675f6f9
<http://www.semanticweb.org/magma-core/ontologies/hqdm#agreement_process>	<http://www.w3.org/2000/01/rdf-schema#subClassOf>	_:Nb16cdcd99cd1488f835ed4c6658aa6e0
<http://www.semanticweb.org/magma-core/ontologies/hqdm#agreement_process>	<http://www.w3.org/2000/01/rdf-schema#subClassOf>	_:Nce0acee85024409c99f8cee0035bf86d
<http://www.semanticweb.org/magma-core/ontologies/hqdm#amount_of_money>	<http://www.w3.org/1999/02/22-rdf-syntax-ns#type>	<http://www.w3.org/2002/07/owl#Class>
<http://www.semanticweb.org/magma-core/ontologies/hqdm#amount_of_money>	<http://www.w3.org/2000/01/rdf-schema#subClassOf>	<http://www.semanticweb.org/magma-core/ontologies/hqdm#physical_object>
<http://www.semanticweb.org/magma-core/ontologies/hqdm#amount_of_money>	<http://www.w3.org/2000/01/rdf-schema#subClassOf>	<http://www.semanticweb.org/magma-core/ontologies/hqdm#socially_constructed_object>
<http://www.semanticweb.org/magma-core/ontologies/hqdm#amount_of_money>	<http://www.w3.org/2000/01/rdf-schema#subClassOf>	_:N472db6d48cd849d19cee7ad660f02f4f
<http://www.semanticweb.org/magma-core/ontologies/hqdm#amount_of_money>	<http://www.w3.org/2000/01/rdf-schema#subClassOf>	_:N5b7b039d5ba04e809e6f43d8fecaf818
<http://www.semanticweb.org/magma-core/ontologies/hqdm#amount_of_money>	<http://www.w3.org/2000/01/rdf-schema#subClassOf>	_:N6070a467e7cb4c6f95f6789485091126
<http://www.semanticweb.org/magma-core/ontologies/hqdm#asset>	<http://www.w3.org/1999/02/22-rdf-syntax-ns#type>	<http://www.w3.org/2002/07/owl#Class>
<http://www.semanticweb.org/magma-core/ontologies/hqdm#asset>	<http://www.w3.org/2000/01/rdf-schema#subClassOf>	<http://www.semanticweb.org/magma-core/ontologies/hqdm#participant>
<http://www.semanticweb.org/magma-core/ontologies/hqdm#asset>	<http://www.w3.org/2000/01/rdf-schema#subClassOf>	_:N390e00107ba14bc8b388e843f783380b
<http://www.semanticweb.org/magma-core/ontologies/hqdm#asset>	<http://www.w3.org/2000/01/rdf-schema#subClassOf>	_:Nc14ef4c57450417abccba38a3ee0cb0f
<http://www.semanticweb.org/magma-core/ontologies/hqdm#association>	<http://www.w3.org/1999/02/22-rdf-syntax-ns#type>	<http://www.w3.org/2002/07/owl#Class>
<http://www.semanticweb.org/magma-core/ontologies/hqdm#association>	<http://www.w3.org/2000/01/rdf-schema#subClassOf>	<http://www.semanticweb.org/magma-core/ontologies/hqdm#individual>
<http://www.semanticweb.org/magma-core/ontologies/hqdm#association>	<http://www.w3.org/2000/01/rdf-schema#subClassOf>	<http://www.semanticweb.org/magma-core/ontologies/hqdm#state_of_association>
<http://www.semanticweb.org/magma-core/ontologies/hqdm#association>	<http://www.w3.org/2000/01/rdf-schema#subClassOf>	_:N9ef9440db525400ba045520909ec1a02
<http://www.semanticweb.org/magma-core/ontologies/hqdm#association>	<http://www.w3.org/2000/01/rdf-schema#subClassOf>	_:Nc940ea3b00d24910adeef456a129d515
<http://www.semanticweb.org/magma-core/ontologies/hqdm#association>	<http://www.w3.org/2000/01/rdf-schema#subClassOf>	_:Nf9cc8556e3e145db972a9c6c3325ff11
<http://www.semanticweb.org/magma-core/ontologies/hqdm#beginning>	<http://www.w3.org/1999/02/22-rdf-syntax-ns#type>	<http://www.w3.org/2002/07/owl#ObjectProperty>
<http://www.semanticweb.org/magma-core/ontologies/hqdm#beginning>	<http://www.w3.org/2000/01/rdf-schema#domain>	<http://www.semanticweb.org/magma-core/ontologies/hqdm#spatio_temporal_extent>
<http://www.semanticweb.org/magma-core/ontologies/hqdm#beginning>	<http://www.w3.org/2000/01/rdf-schema#range>	<http://www.semanticweb.org/magma-core/ontologies/hqdm#event>
<http://www.semanticweb.org/magma-core/ontologies/hqdm#beginning_of_ownership>	<http://www.w3.org/1999/02/22-rdf-syntax-ns#type>	<http://www.w3.org/2002/07/owl#Class>
<http://www.semanticweb.org/magma-core/ontologies/hqdm#beginning_of_ownership>	<http://www.w3.org/2000/01/rdf-schema#subClassOf>	<http://www.semanticweb.org/magma-core/ontologies/hqdm#event>
<http://www.semanticweb.org/magma-core/ontologies/hqdm#biological_object>	<http://www.w3.org/1999/02/22-rdf-syntax-ns#type>	<http://www.w3.org/2002/07/owl#Class>
<http://www.semanticweb.org/magma-core/ontologies/hqdm#biological_object>	<http://www.w3.org/2000/01/rdf-schema#subClassOf>	<http://www.semanticweb.org/magma-core/ontologies/hqdm#physical_object>
<http://www.semanticweb.org/magma-core/ontologies/hqdm#biological_object>	<http://www.w3.org/2000/01/rdf-schema#subClassOf>	<http://www.semanticweb.org/magma-core/ontologies/hqdm#state_of_biological_object>
<http://www.semanticweb.org/magma-core/ontologies/hqdm#biological_object>	<http://www.w3.org/2000/01/rdf-schema#subClassOf>	_:N427889d87e9440d19872db98df026f86
<http://www.semanticweb.org/magma-core/ontologies/hqdm#biological_object>	<http://www.w3.org/2000/01/rdf-schema#subClassOf>	_:Nbc41e79e47fd48a79371c681511858a9
<http://www.semanticweb.org/magma-core/ontologies/hqdm#biological_system>	<http://www.w3.org/1999/02/22-rdf-syntax-ns#type>	<http://www.w3.org/2002/07/owl#Class>
<http://www.semanticweb.org/magma-core/ontologies/hqdm#biological_system>	<http://www.w3.org/2000/01/rdf-schema#subClassOf>	<http://www.semanticweb.org/magma-core/ontologies/hqdm#ordinary_biological_object>
<http://www.semanticweb.org/magma-core/ontologies/hqdm#biological_system>	<http://www.w3.org/2000/01/rdf-schema#subClassOf>	<http://www.semanticweb.org/magma-core/ontologies/hqdm#state_of_biological_system>
<http://www.semanticweb.org/magma-core/ontologies/hqdm#biological_system>	<http://www.w3.org/2000/01/rdf-schema#subClassOf>	<http://www.semanticweb.org/magma-core/ontologies/hqdm#system>
<http://www.semanticweb.org/magma-core/ontologies/hqdm#biological_system>	<http://www.w3.org/2000/01/rdf-schema#subClassOf>	_:N252b8e2e053f4d4cace65d38c26c9df6
<http://www.semanticweb.org/magma-core/ontologies/hqdm#biological_system>	<http://www.w3.org/2000/01/rdf-schema#subClassOf>	_:N4a91258cb5f347609bed6c0bd7cd3314
<http://www.semanticweb.org/magma-core/ontologies/hqdm#biological_system>	<http://www.w3.org/2000/01/rdf-schema#subClassOf>	_:N73b16e1587f748e3af116ce0a5ca7a4e
<http://www.semanticweb.org/magma-core/ontologies/hqdm#biological_system>	<http://www.w3.org/2000/01/rdf-schema#subClassOf>	_:Nf7a7d67df02e40bca06fefa0d2192a3d
<http://www.semanticweb.org/magma-core/ontologies/hqdm#biological_system_component>	<http://www.w3.org/1999/02/22-rdf-syntax-ns#type>	<http://www.w3.org/2002/07/owl#Class>
<http://www.semanticweb.org/magma-core/ontologies/hqdm#biological_system_component>	<http://www.w3.org/2000/01/rdf-schema#subClassOf>	<http://www.semanticweb.org/magma-core/ontologies/hqdm#biological_object>
<http://www.semanticweb.org/magma-core/ontologies/hqdm#biological_system_component>	<http://www.w3.org/2000/01/rdf-schema#subClassOf>	<http://www.semanticweb.org/magma-core/ontologies/hqdm#state_of_biological_system_component>
<http://www.semanticweb.org/magma-core/ontologies/hqdm#biological_system_component>	<http://www.w3.org/2000/01/rdf-schema#subClassOf>	<http://www.semanticweb.org/magma-core/ontologies/hqdm#system_component>
<http://www.semanticweb.org/magma-core/ontologies/hqdm#biological_system_component>	<http://www.w3.org/2000/01/rdf-schema#subClassOf>	_:N1e464ff5026548ada1b277cd126319fa
<http://www.semanticweb.org/magma-core/ontologies/hqdm#biological_system_component>	<http://www.w3.org/2000/01/rdf-schema#subClassOf>	_:Ncb95bce32fa04694bfa6540836299aeb
<http://www.semanticweb.org/magma-core/ontologies/hqdm#biological_system_component>	<http://www.w3.org/2000/01/rdf-schema#subClassOf>	_:Ne7a660426e814293a35791ab3de70976
<http://www.semanticweb.org/magma-core/ontologies/hqdm#causes>	<http://www.w3.org/1999/02/22-rdf-syntax-ns#type>	<http://www.w3.org/2002/07/owl#ObjectProperty>
<http://www.semanticweb.org/magma-core/ontologies/hqdm#causes>	<http://www.w3.org/2000/01/rdf-schema#domain>	<http://www.semanticweb.org/magma-core/ontologies/hqdm#activity>
<http://www.semanticweb.org/magma-core/ontologies/hqdm#causes>	<http://www.w3.org/2000/01/rdf-schema#range>	<http://www.semanticweb.org/magma-core/ontologies/hqdm#event>
<http://www.semanticweb.org/magma-core/ontologies/hqdm#causes>	<http://www.w3.org/2000/01/rdf-schema#subPropertyOf>	<http://www.semanticweb.org/magma-core/ontologies/hqdm#causes_set>
<http://www.semanticweb.org/magma-core/ontologies/hqdm#causes_beginning>	<http://www.w3.org/1999/02/22-rdf-syntax-ns#type>	<http://www.w3.org/2002/07/owl#ObjectProperty>
<http://www.semanticweb.org/magma-core/ontologies/hqdm#causes_beginning>	<http://www.w3.org/2000/01/rdf-schema#domain>	<http://www.semanticweb.org/magma-core/ontologies/hqdm#transfer_of_ownership>
<http://www.semanticweb.org/magma-core/ontologies/hqdm#causes_beginning>	<http://www.w3.org/2000/01/rdf-schema#range>	<http://www.semanticweb.org/magma-core/ontologies/hqdm#beginning_of_ownership>
<http://www.semanticweb.org/magma-core/ontologies/hqdm#causes_beginning>	<http://www.w3.org/2000/01/rdf-schema#subPropertyOf>	<http://www.semanticweb.org/magma-core/ontologies/hqdm#causes_set>
<http://www.semanticweb.org/magma-core/ontologies/hqdm#causes_by_class>	<http://www.w3.org/1999/02/22-rdf-syntax-ns#type>	<http://www.w3.org/2002/07/owl#ObjectProperty>
<http://www.semanticweb.org/magma-core/ontologies/hqdm#causes_by_class>	<http://www.w3.org/2000/01/rdf-schema#domain>	<http://www.semanticweb.org/magma-core/ontologies/hqdm#kind_of_activity>
<http://www.semanticweb.org/magma-core/ontologies/hqdm#causes_by_class>	<http://www.w3.org/2000/01/rdf-schema#range>	<http://www.semanticweb.org/magma-core/ontologies/hqdm#class_of_event>
<http://www.semanticweb.org/magma-core/ontologies/hqdm#causes_by_class>	<http://www.w3.org/2000/01/rdf-schema#subPropertyOf>	<http://www.semanticweb.org/magma-core/ontologies/hqdm#causes_set>
<http://www.semanticweb.org/magma-core/ontologies/hqdm#causes_ending>	<http://www.w3.org/1999/02/22-rdf-syntax-ns#type>	<http://www.w3.org/2002/07/owl#ObjectProperty>
<http://www.semanticweb.org/magma-core/ontologies/hqdm#causes_ending>	<http://www.w3.org/2000/01/rdf-schema#domain>	<http://www.semanticweb.org/magma-core/ontologies/hqdm#transfer_of_ownership>
<http://www.semanticweb.org/magma-core/ontologies/hqdm#causes_ending>	<http://www.w3.org/2000/01/rdf-schema#range>	<http://www.semanticweb.org/magma-core/ontologies/hqdm#ending_of_ownership>
<http://www.semanticweb.org/magma-core/ontologies/hqdm#causes_ending>	<http://www.w3.org/2000/01/rdf-schema#subPropertyOf>	<http://www.semanticweb.org/magma-core/ontologies/hqdm#causes_set>
<http://www.semanticweb.org/magma-core/ontologies/hqdm#causes_set>	<http://www.w3.org/1999/02/22-rdf-syntax-ns#type>	<http://www.w3.org/2002/07/owl#ObjectProperty>
<http://www.semanticweb.org/magma-core/ontologies/hqdm#class>	<http://www.w3.org/1999/02/22-rdf-syntax-ns#type>	<http://www.w3.org/2002/07/owl#Class>
<http://www.semanticweb.org/magma-core/ontologies/hqdm#class>	<http://www.w3.org/2000/01/rdf-schema#comment>	"An abstract_object that has members and whose identity is defined by its membership."
<http://www.semanticweb.org/magma-core/ontologies/hqdm#class>	<http://www.w3.org/2000/01/rdf-schema#subClassOf>	<http://www.semanticweb.org/magma-core/ontologies/hqdm#abstract_object>
<http://www.semanticweb.org/magma-core/ontologies/hqdm#class>	<http://www.w3.org/2000/01/rdf-schema#subClassOf>	_:N471d620c99cc4682b5a9a587fc77696c
<http://www.semanticweb.org/magma-core/ontologies/hqdm#class>	<http://www.w3.org/2000/01/rdf-schema#subClassOf>	_:Nbef0fceff2654a67972dbb084e732fb5
<http://www.semanticweb.org/magma-core/ontologies/hqdm#class>	<http://www.w3.org/2002/07/owl#disjointWith>	<http://www.semanticweb.org/magma-core/ontologies/hqdm#relationship>
<http://www.semanticweb.org/magma-core/ontologies/hqdm#class>	<http://www.w3.org/2002/07/owl#equivalentClass>	_:Nd63be651994c4e228b3e0064a811ff1d
<http://www.semanticweb.org/magma-core/ontologies/hqdm#class_of_abstract_object>	<http://www.w3.org/1999/02/22-rdf-syntax-ns#type>	<http://www.w3.org/2002/07/owl#Class>
<http://www.semanticweb.org/magma-core/ontologies/hqdm#class_of_abstract_object>	<http://www.w3.org/2000/01/rdf-schema#comment>	"A class that is abstract_object or any of its subsets"
<http://www.semanticweb.org/magma-core/ontologies/hqdm#class_of_abstract_object>	<http://www.w3.org/2000/01/rdf-schema#subClassOf>	<http://www.semanticweb.org/magma-core/ontologies/hqdm#class>
<http://www.semanticweb.org/magma-core/ontologies/hqdm#class_of_abstract_object>	<http://www.w3.org/2002/07/owl#disjointWith>	<http://www.semanticweb.org/magma-core/ontologies/hqdm#class_of_spatio_temporal_extent>
<http://www.semanticweb.org/magma-core/ontologies/hqdm#class_of_abstract_object>	<http://www.w3.org/2002/07/owl#equivalentClass>	_:Ndae161356b774f45a26cc8d0590ac66f
<http://www.semanticweb.org/magma-core/ontologies/hqdm#class_of_activity>	<http://www.w3.org/1999/02/22-rdf-syntax-ns#type>	<http://www.w3.org/2002/07/owl#Class>
<http://www.semanticweb.org/magma-core/ontologies/hqdm#class_of_activity>	<http://www.w3.org/2000/01/rdf-schema#subClassOf>	<http://www.semanticweb.org/magma-core/ontologies/hqdm#class_of_individual>
<http://www.semanticweb.org/magma-core/ontologies/hqdm#class_of_activity>	<http://www.w3.org/2000/01/rdf-schema#subClassOf>	<http://www.semanticweb.org/magma-core/ontologies/hqdm#class_of_state_of_activity>
<http://www.semanticweb.org/magma-core/ontologies/hqdm#class_of_activity>	<http://www.w3.org/2000/01/rdf-schema#subClassOf>	_:N6c89adb76779437e959500241a0850f6
<http://www.semanticweb.org/magma-core/ontologies/hqdm#class_of_activity>	<http://www.w3.org/2000/01/rdf-schema#subClassOf>	_:Nabd40f65c5cb4738bbe84d6627ea06e2
<http://www.semanticweb.org/magma-core/ontologies/hqdm#class_of_activity>	<http://www.w3.org/2000/01/rdf-schema#subClassOf>	_:Nbf1211097f334837a74f5c9e0f8b793c
<http://www.semanticweb.org/magma-core/ontologies/hqdm#class_of_agree_contract>	<http://www.w3.org/1999/02/22-rdf-syntax-ns#type>	<http://www.w3.org/2002/07/owl#Class>
<http://www.semanticweb.org/magma-core/ontologies/hqdm#class_of_agree_contract>	<http://www.w3.org/2000/01/rdf-schema#subClassOf>	<http://www.semanticweb.org/magma-core/ontologies/hqdm#class_of_reaching_agreement>
<http://www.semanticweb.org/magma-core/ontologies/hqdm#class_of_agree_contract>	<http://www.w3.org/2000/01/rdf-schema#subClassOf>	_:N962a7e177c1e434e9b6874fdc7b17cbf
<http://www.semanticweb.org/magma-core/ontologies/hqdm#class_of_agreement_execution>	<http://www.w3.org/1999/02/22-rdf-syntax-ns#type>	<http://www.w3.org/2002/07/owl#Class>
<http://www.semanticweb.org/magma-core/ontologies/hqdm#class_of_agreement_execution>	<http://www.w3.org/2000/01/rdf-schema#subClassOf>	<http://www.semanticweb.org/magma-core/ontologies/hqdm#class_of_socially_constructed_activity>
<http://www.semanticweb.org/magma-core/ontologies/hqdm#class_of_agreement_execution>	<http://www.w3.org/2000/01/rdf-schema#subClassOf>	_:N62c0ccb8da794b63a07a08e5b83cfd9a
<http://www.semanticweb.org/magma-core/ontologies/hqdm#class_of_agreement_process>	<http://www.w3.org/1999/02/22-rdf-syntax-ns#type>	<http://www.w3.org/2002/07/owl#Class>
<http://www.semanticweb.org/magma-core/ontologies/hqdm#class_of_agreement_process>	<http://www.w3.org/2000/01/rdf-schema#subClassOf>	<http://www.semanticweb.org/magma-core/ontologies/hqdm#class_of_socially_constructed_activity>
<http://www.semanticweb.org/magma-core/ontologies/hqdm#class_of_amount_of_money>	<http://www.w3.org/1999/02/22-rdf-syntax-ns#type>	<http://www.w3.org/2002/07/owl#Class>
<http://www.semanticweb.org/magma-core/ontologies/hqdm#class_of_amount_of_money>	<http://www.w3.org/2000/01/rdf-schema#subClassOf>	<http://www.semanticweb.org/magma-core/ontologies/hqdm#class_of_physical_object>
<http://www.semanticweb.org/magma-core/ontologies/hqdm#class_of_amount_of_money>	<http://www.w3.org/2000/01/rdf-schema#subClassOf>	<http://www.semanticweb.org/magma-core/ontologies/hqdm#class_of_socially_constructed_object>
<http://www.semanticweb.org/magma-core/ontologies/hqdm#class_of_amount_of_money>	<http://www.w3.org/2000/01/rdf-schema#subClassOf>	<http://www.semanticweb.org/magma-core/ontologies/hqdm#class_of_state_of_amount_of_money>
<http://www.semanticweb.org/magma-core/ontologies/hqdm#class_of_association>	<http://www.w3.org/1999/02/22-rdf-syntax-ns#type>	<http://www.w3.org/2002/07/owl#Class>
<http://www.semanticweb.org/magma-core/ontologies/hqdm#class_of_association>	<http://www.w3.org/2000/01/rdf-schema#subClassOf>	<http://www.semanticweb.org/magma-core/ontologies/hqdm#class_of_individual>
<http://www.semanticweb.org/magma-core/ontologies/hqdm#class_of_association>	<http://www.w3.org/2000/01/rdf-schema#subClassOf>	<http://www.semanticweb.org/magma-core/ontologies/hqdm#class_of_state_of_association>
<http://www.semanticweb.org/magma-core/ontologies/hqdm#class_of_biological_object>	<http://www.w3.org/1999/02/22-rdf-syntax-ns#type>	<http://www.w3.org/2002/07/owl#Class>
<http://www.semanticweb.org/magma-core/ontologies/hqdm#class_of_biological_object>	<http://www.w3.org/2000/01/rdf-schema#subClassOf>	<http://www.semanticweb.org/magma-core/ontologies/hqdm#class_of_physical_object>
<http://www.semanticweb.org/magma-core/ontologies/hqdm#class_of_biological_object>	<http://www.w3.org/2000/01/rdf-schema#subClassOf>	<http://www.semanticweb.org/magma-core/ontologies/hqdm#class_of_state_of_biological_object>
<http://www.semanticweb.org/magma-core/ontologies/hqdm#class_of_biological_system>	<http://www.w3.org/1999/02/22-rdf-syntax-ns#type>	<http://www.w3.org/2002/07/owl#Class>
<http://www.semanticweb.org/magma-core/ontologies/hqdm#class_of_biological_system>	<http://www.w3.org/2000/01/rdf-schema#subClassOf>	<http://www.semanticweb.org/magma-core/ontologies/hqdm#class_of_ordinary_biological_object>
<http://www.semanticweb.org/magma-core/ontologies/hqdm#class_of_biological_system>	<http://www.w3.org/2000/01/rdf-schema#subClassOf>	<http://www.semanticweb.org/magma-core/ontologies/hqdm#class_of_system>
<http://www.semanticweb.org/magma-core/ontologies/hqdm#class_of_biological_system_component>	<http://www.w3.org/1999/02/22-rdf-syntax-ns#type>	<http://www.w3.org/2002/07/owl#Class>
<http://www.semanticweb.org/magma-core/ontologies/hqdm#class_of_biological_system_component>	<http://www.w3.org/2000/01/rdf-schema#subClassOf>	<http://www.semanticweb.org/magma-core/ontologies/hqdm#class_of_biological_object>
<http://www.semanticweb.org/magma-core/ontologies/hqdm#class_of_biological_system_component>	<http://www.w3.org/2000/01/rdf-schema#subClassOf>	<http://www.semanticweb.org/magma-core/ontologies/hqdm#class_of_state_of_biological_system_component>
<http://www.semanticweb.org/magma-core/ontologies/hqdm#class_of_biological_system_component>	<http://www.w3.org/2000/01/rdf-schema#subClassOf>	<http://www.semanticweb.org/magma-core/ontologies/hqdm#class_of_system_component>
<http://www.semanticweb.org/magma-core/ontologies/hqdm#class_of_class>	<http://www.w3.org/1999/02/22-rdf-syntax-ns#type>	<http://www.w3.org/2002/07/owl#Class>
<http://www.semanticweb.org/magma-core/ontologies/hqdm#class_of_class>	<http://www.w3.org/2000/01/rdf-schema#comment>	"A class that is a class of any of its subsets"
<http://www.semanticweb.org/magma-core/ontologies/hqdm#class_of_class>	<http://www.w3.org/2000/01/rdf-schema#subClassOf>	<http://www.semanticweb.org/magma-core/ontologies/hqdm#class_of_abstract_object>
<http://www.semanticweb.org/magma-core/ontologies/hqdm#class_of_class>	<http://www.w3.org/2002/07/owl#disjointWith>	<http://www.semanticweb.org/magma-core/ontologies/hqdm#class_of_relationship>
<http://www.semanticweb.org/magma-core/ontologies/hqdm#class_of_class_of_spatio_temporal_extent>	<http://www.w3.org/1999/02/22-rdf-syntax-ns#type>	<http://www.w3.org/2002/07/owl#Class>
<http://www.semanticweb.org/magma-core/ontologies/hqdm#class_of_class_of_spatio_temporal_extent>	<http://www.w3.org/2000/01/rdf-schema#subClassOf>	<http://www.semanticweb.org/magma-core/ontologies/hqdm#class_of_class>
<http://www.semanticweb.org/magma-core/ontologies/hqdm#class_of_contract_execution>	<http://www.w3.org/1999/02/22-rdf-syntax-ns#type>	<http://www.w3.org/2002/07/owl#Class>
<http://www.semanticweb.org/magma-core/ontologies/hqdm#class_of_contract_execution>	<http://www.w3.org/2000/01/rdf-schema#subClassOf>	<http://www.semanticweb.org/magma-core/ontologies/hqdm#class_of_agreement_execution>
<http://www.semanticweb.org/magma-core/ontologies/hqdm#class_of_contract_execution>	<http://www.w3.org/2000/01/rdf-schema#subClassOf>	_:N4afbf2ab4d52483090c2f6dde00f6f70
<http://www.semanticweb.org/magma-core/ontologies/hqdm#class_of_contract_process>	<http://www.w3.org/1999/02/22-rdf-syntax-ns#type>	<http://www.w3.org/2002/07/owl#Class>
<http://www.semanticweb.org/magma-core/ontologies/hqdm#class_of_contract_process>	<http://www.w3.org/2000/01/rdf-schema#subClassOf>	<http://www.semanticweb.org/magma-core/ontologies/hqdm#class_of_agreement_process>
<http://www.semanticweb.org/magma-core/ontologies/hqdm#class_of_event>	<http://www.w3.org/1999/02/22-rdf-syntax-ns#type>	<http://www.w3.org/2002/07/owl#Class>
<http://www.semanticweb.org/magma-core/ontologies/hqdm#class_of_event>	<http://www.w3.org/2000/01/rdf-schema#subClassOf>	<http://www.semanticweb.org/magma-core/ontologies/hqdm#class_of_spatio_temporal_extent>
<http://www.semanticweb.org/magma-core/ontologies/hqdm#class_of_functional_object>	<http://www.w3.org/1999/02/22-rdf-syntax-ns#type>	<http://www.w3.org/2002/07/owl#Class>
<http://www.semanticweb.org/magma-core/ontologies/hqdm#class_of_functional_object>	<http://www.w3.org/2000/01/rdf-schema#subClassOf>	<http://www.semanticweb.org/magma-core/ontologies/hqdm#class_of_intentionally_constructed_object>
<http://www.semanticweb.org/magma-core/ontologies/hqdm#class_of_functional_object>	<http://www.w3.org/2000/01/rdf-schema#subClassOf>	<http://www.semanticweb.org/magma-core/ontologies/hqdm#class_of_physical_object>
<http://www.semanticweb.org/magma-core/ontologies/hqdm#class_of_functional_system>	<http://www.w3.org/1999/02/22-rdf-syntax-ns#type>	<http://www.w3.org/2002/07/owl#Class>
<http://www.semanticweb.org/magma-core/ontologies/hqdm#class_of_functional_system>	<http://www.w3.org/2000/01/rdf-schema#subClassOf>	<http://www.semanticweb.org/magma-core/ontologies/hqdm#class_of_ordinary_functional_object>
<http://www.semanticweb.org/magma-core/ontologies/hqdm#class_of_functional_system>	<http://www.w3.org/2000/01/rdf-schema#subClassOf>	<http://www.semanticweb.org/magma-core/ontologies/hqdm#class_of_state_of_functional_system>
<http://www.semanticweb.org/magma-core/ontologies/hqdm#class_of_functional_system>	<http://www.w3.org/2000/01/rdf-schema#subClassOf>	<http://www.semanticweb.org/magma-core/ontologies/hqdm#class_of_system>
<http://www.semanticweb.org/magma-core/ontologies/hqdm#class_of_functional_system_component>	<http://www.w3.org/1999/02/22-rdf-syntax-ns#type>	<http://www.w3.org/2002/07/owl#Class>
<http://www.semanticweb.org/magma-core/ontologies/hqdm#class_of_functional_system_component>	<http://www.w3.org/2000/01/rdf-schema#subClassOf>	<http://www.semanticweb.org/magma-core/ontologies/hqdm#class_of_state_of_functional_system_component>
<http://www.semanticweb.org/magma-core/ontologies/hqdm#class_of_functional_system_component>	<http://www.w3.org/2000/01/rdf-schema#subClassOf>	<http://www.semanticweb.org/magma-core/ontologies/hqdm#class_of_system_component>
<http://www.semanticweb.org/magma-core/ontologies/hqdm#class_of_in_place_biological_component>	<http://www.w3.org/1999/02/22-rdf-syntax-ns#type>	<http://www.w3.org/2002/07/owl#Class>
<http://www.semanticweb.org/magma-core/ontologies/hqdm#class_of_in_place_biological_component>	<http://www.w3.org/2000/01/rdf-schema#subClassOf>	<http://www.semanticweb.org/magma-core/ontologies/hqdm#class_of_biological_system_component>
<http://www.semanticweb.org/magma-core/ontologies/hqdm#class_of_in_place_biological_component>	<http://www.w3.org/2000/01/rdf-schema#subClassOf>	<http://www.semanticweb.org/magma-core/ontologies/hqdm#class_of_installed_object>
<http://www.semanticweb.org/magma-core/ontologies/hqdm#class_of_in_place_biological_component>	<http://www.w3.org/2000/01/rdf-schema#subClassOf>	<http://www.semanticweb.org/magma-core/ontologies/hqdm#class_of_state_of_ordinary_biological_object>
<http://www.semanticweb.org/magma-core/ontologies/hqdm#class_of_individual>	<http://www.w3.org/1999/02/22-rdf-syntax-ns#type>	<http://www.w3.org/2002/07/owl#Class>
<http://www.semanticweb.org/magma-core/ontologies/hqdm#class_of_individual>	<http://www.w3.org/2000/01/rdf-schema#subClassOf>	<http://www.semanticweb.org/magma-core/ontologies/hqdm#class_of_period_of_time>
<http://www.semanticweb.org/magma-core/ontologies/hqdm#class_of_individual>	<http://www.w3.org/2000/01/rdf-schema#subClassOf>	<http://www.semanticweb.org/magma-core/ontologies/hqdm#class_of_state>
<http://www.semanticweb.org/magma-core/ontologies/hqdm#class_of_individual>	<http://www.w3.org/2000/01/rdf-schema#subClassOf>	<http://www.semanticweb.org/magma-core/ontologies/hqdm#class_of_state_of_socially_constructed_activity>
<http://www.semanticweb.org/magma-core/ontologies/hqdm#class_of_installed_functional_system_component>	<http://www.w3.org/1999/02/22-rdf-syntax-ns#type>	<http://www.w3.org/2002/07/owl#Class>
<http://www.semanticweb.org/magma-core/ontologies/hqdm#class_of_installed_functional_system_component>	<http://www.w3.org/2000/01/rdf-schema#subClassOf>	<http://www.semanticweb.org/magma-core/ontologies/hqdm#class_of_installed_object>
<http://www.semanticweb.org/magma-core/ontologies/hqdm#class_of_installed_functional_system_component>	<http://www.w3.org/2000/01/rdf-schema#subClassOf>	<http://www.semanticweb.org/magma-core/ontologies/hqdm#class_of_state_of_functional_system_component>
<http://www.semanticweb.org/magma-core/ontologies/hqdm#class_of_installed_object>	<http://www.w3.org/1999/02/22-rdf-syntax-ns#type>	<http://www.w3.org/2002/07/owl#Class>
<http://www.semanticweb.org/magma-core/ontologies/hqdm#class_of_installed_object>	<http://www.w3.org/2000/01/rdf-schema#subClassOf>	<http://www.semanticweb.org/magma-core/ontologies/hqdm#class_of_state_of_ordinary_physical_object>
<http://www.semanticweb.org/magma-core/ontologies/hqdm#class_of_installed_object>	<http://www.w3.org/2000/01/rdf-schema#subClassOf>	<http://www.semanticweb.org/magma-core/ontologies/hqdm#class_of_state_of_system_component>
<http://www.semanticweb.org/magma-core/ontologies/hqdm#class_of_intentionally_constructed_object>	<http://www.w3.org/1999/02/22-rdf-syntax-ns#type>	<http://www.w3.org/2002/07/owl#Class>
<http://www.semanticweb.org/magma-core/ontologies/hqdm#class_of_intentionally_constructed_object>	<http://www.w3.org/2000/01/rdf-schema#subClassOf>	<http://www.semanticweb.org/magma-core/ontologies/hqdm#class_of_individual>
<http://www.semanticweb.org/magma-core/ontologies/hqdm#class_of_intentionally_constructed_object>	<http://www.w3.org/2000/01/rdf-schema#subClassOf>	<http://www.semanticweb.org/magma-core/ontologies/hqdm#class_of_state_of_intentionally_constructed_object>
<http://www.semanticweb.org/magma-core/ontologies/hqdm#class_of_offer>	<http://www.w3.org/1999/02/22-rdf-syntax-ns#type>	<http://www.w3.org/2002/07/owl#Class>
<http://www.semanticweb.org/magma-core/ontologies/hqdm#class_of_offer>	<http://www.w3.org/2000/01/rdf-schema#subClassOf>	<http://www.semanticweb.org/magma-core/ontologies/hqdm#class_of_socially_constructed_activity>
<http://www.semanticweb.org/magma-core/ontologies/hqdm#class_of_offered>	<http://www.w3.org/1999/02/22-rdf-syntax-ns#type>	<http://www.w3.org/2002/07/owl#ObjectProperty>
<http://www.semanticweb.org/magma-core/ontologies/hqdm#class_of_offered>	<http://www.w3.org/2000/01/rdf-schema#domain>	<http://www.semanticweb.org/magma-core/ontologies/hqdm#offering>
<http://www.semanticweb.org/magma-core/ontologies/hqdm#class_of_offered>	<http://www.w3.org/2000/01/rdf-schema#domain>	<http://www.semanticweb.org/magma-core/ontologies/hqdm#product_offering>
<http://www.semanticweb.org/magma-core/ontologies/hqdm#class_of_offered>	<http://www.w3.org/2000/01/rdf-schema#range>	<http://www.semanticweb.org/magma-core/ontologies/hqdm#class_of_individual>
<http://www.semanticweb.org/magma-core/ontologies/hqdm#class_of_offered>	<http://www.w3.org/2000/01/rdf-schema#range>	<http://www.semanticweb.org/magma-core/ontologies/hqdm#sales_product>
<http://www.semanticweb.org/magma-core/ontologies/hqdm#class_of_ordinary_biological_object>	<http://www.w3.org/1999/02/22-rdf-syntax-ns#type>	<http://www.w3.org/2002/07/owl#Class>
<http://www.semanticweb.org/magma-core/ontologies/hqdm#class_of_ordinary_biological_object>	<http://www.w3.org/2000/01/rdf-schema#subClassOf>	<http://www.semanticweb.org/magma-core/ontologies/hqdm#class_of_biological_object>
<http://www.semanticweb.org/magma-core/ontologies/hqdm#class_of_ordinary_biological_object>	<http://www.w3.org/2000/01/rdf-schema#subClassOf>	<http://www.semanticweb.org/magma-core/ontologies/hqdm#class_of_ordinary_physical_object>
<http://www.semanticweb.org/magma-core/ontologies/hqdm#class_of_ordinary_biological_object>	<http://www.w3.org/2000/01/rdf-schema#subClassOf>	<http://www.semanticweb.org/magma-core/ontologies/hqdm#class_of_state_of_ordinary_biological_object>
<http://www.semanticweb.org/magma-core/ontologies/hqdm#class_of_ordinary_functional_object>	<http://www.w3.org/1999/02/22-rdf-syntax-ns#type>	<http://www.w3.org/2002/07/owl#Class>
<http://www.semanticweb.org/magma-core/ontologies/hqdm#class_of_ordinary_functional_object>	<http://www.w3.org/2000/01/rdf-schema#subClassOf>	<http://www.semanticweb.org/magma-core/ontologies/hqdm#class_of_functional_object>
<http://www.semanticweb.org/magma-core/ontologies/hqdm#class_of_ordinary_functional_object>	<http://www.w3.org/2000/01/rdf-schema#subClassOf>	<http://www.semanticweb.org/magma-core/ontologies/hqdm#class_of_ordinary_physical_object>
<http://www.semanticweb.org/magma-core/ontologies/hqdm#class_of_ordinary_functional_object>	<http://www.w3.org/2000/01/rdf-schema#subClassOf>	<http://www.semanticweb.org/magma-core/ontologies/hqdm#class_of_state_of_ordinary_functional_object>
<http://www.semanticweb.org/magma-core/ontologies/hqdm#class_of_ordinary_physical_object>	<http://www.w3.org/1999/02/22-rdf-syntax-ns#type>	<http://www.w3.org/2002/07/owl#Class>
<http://www.semanticweb.org/magma-core/ontologies/hqdm#class_of_ordinary_physical_object>	<http://www.w3.org/2000/01/rdf-schema#subClassOf>	<http://www.semanticweb.org/magma-core/ontologies/hqdm#class_of_physical_object>
<http://www.semanticweb.org/magma-core/ontologies/hqdm#class_of_ordinary_physical_object>	<http://www.w3.org/2000/01/rdf-schema#subClassOf>	<http://www.semanticweb.org/magma-core/ontologies/hqdm#class_of_state_of_ordinary_biological_object>
<http://www.semanticweb.org/magma-core/ontologies/hqdm#class_of_organization>	<http://www.w3.org/1999/02/22-rdf-syntax-ns#type>	<http://www.w3.org/2002/07/owl#Class>
<http://www.semanticweb.org/magma-core/ontologies/hqdm#class_of_organization>	<http://www.w3.org/2000/01/rdf-schema#subClassOf>	<http://www.semanticweb.org/magma-core/ontologies/hqdm#class_of_party>
<http://www.semanticweb.org/magma-core/ontologies/hqdm#class_of_organization>	<http://www.w3.org/2000/01/rdf-schema#subClassOf>	<http://www.semanticweb.org/magma-core/ontologies/hqdm#class_of_socially_constructed_object>
<http://www.semanticweb.org/magma-core/ontologies/hqdm#class_of_organization>	<http://www.w3.org/2000/01/rdf-schema#subClassOf>	<http://www.semanticweb.org/magma-core/ontologies/hqdm#class_of_state_of_organization>
<http://www.semanticweb.org/magma-core/ontologies/hqdm#class_of_organization_component>	<http://www.w3.org/1999/02/22-rdf-syntax-ns#type>	<http://www.w3.org/2002/07/owl#Class>
<http://www.semanticweb.org/magma-core/ontologies/hqdm#class_of_organization_component>	<http://www.w3.org/2000/01/rdf-schema#subClassOf>	<http://www.semanticweb.org/magma-core/ontologies/hqdm#class_of_socially_constructed_object>
<http://www.semanticweb.org/magma-core/ontologies/hqdm#class_of_organization_component>	<http://www.w3.org/2000/01/rdf-schema#subClassOf>	<http://www.semanticweb.org/magma-core/ontologies/hqdm#class_of_system_component>
<http://www.semanticweb.org/magma-core/ontologies/hqdm#class_of_participant>	<http://www.w3.org/1999/02/22-rdf-syntax-ns#type>	<http://www.w3.org/2002/07/owl#Class>
<http://www.semanticweb.org/magma-core/ontologies/hqdm#class_of_participant>	<http://www.w3.org/2000/01/rdf-schema#subClassOf>	<http://www.semanticweb.org/magma-core/ontologies/hqdm#class_of_state>
<http://www.semanticweb.org/magma-core/ontologies/hqdm#class_of_participant>	<http://www.w3.org/2000/01/rdf-schema#subClassOf>	_:N1b55c43aaeb3490b819499b39c90b6db
<http://www.semanticweb.org/magma-core/ontologies/hqdm#class_of_participant>	<http://www.w3.org/2000/01/rdf-schema#subClassOf>	_:Nb4e8a74e1c13404bb5dac369e788c18c
<http://www.semanticweb.org/magma-core/ontologies/hqdm#class_of_party>	<http://www.w3.org/1999/02/22-rdf-syntax-ns#type>	<http://www.w3.org/2002/07/owl#Class>
<http://www.semanticweb.org/magma-core/ontologies/hqdm#class_of_party>	<http://www.w3.org/2000/01/rdf-schema#subClassOf>	<http://www.semanticweb.org/magma-core/ontologies/hqdm#class_of_state_of_party>
<http://www.semanticweb.org/magma-core/ontologies/hqdm#class_of_party>	<http://www.w3.org/2000/01/rdf-schema#subClassOf>	<http://www.semanticweb.org/magma-core/ontologies/hqdm#class_of_system>
<http://www.semanticweb.org/magma-core/ontologies/hqdm#class_of_period_of_time>	<http://www.w3.org/1999/02/22-rdf-syntax-ns#type>	<http://www.w3.org/2002/07/owl#Class>
<http://www.semanticweb.org/magma-core/ontologies/hqdm#class_of_period_of_time>	<http://www.w3.org/2000/01/rdf-schema#subClassOf>	<http://www.semanticweb.org/magma-core/ontologies/hqdm#class_of_state>
<http://www.semanticweb.org/magma-core/ontologies/hqdm#class_of_person>	<http://www.w3.org/1999/02/22-rdf-syntax-ns#type>	<http://www.w3.org/2002/07/owl#Class>
<http://www.semanticweb.org/magma-core/ontologies/hqdm#class_of_person>	<http://www.w3.org/2000/01/rdf-schema#subClassOf>	<http://www.semanticweb.org/magma-core/ontologies/hqdm#class_of_biological_system>
<http://www.semanticweb.org/magma-core/ontologies/hqdm#class_of_person>	<http://www.w3.org/2000/01/rdf-schema#subClassOf>	<http://www.semanticweb.org/magma-core/ontologies/hqdm#class_of_party>
<http://www.semanticweb.org/magma-core/ontologies/hqdm#class_of_person>	<http://www.w3.org/2000/01/rdf-schema#subClassOf>	<http://www.semanticweb.org/magma-core/ontologies/hqdm#class_of_state_of_person>
<http://www.semanticweb.org/magma-core/ontologies/hqdm#class_of_person_in_position>	<http://www.w3.org/1999/02/22-rdf-syntax-ns#type>	<http://www.w3.org/2002/07/owl#Class>
<http://www.semanticweb.org/magma-core/ontologies/hqdm#class_of_person_in_position>	<http://www.w3.org/2000/01/rdf-schema#subClassOf>	<http://www.semanticweb.org/magma-core/ontologies/hqdm#class_of_installed_object>
<http://www.semanticweb.org/magma-core/ontologies/hqdm#class_of_person_in_position>	<http://www.w3.org/2000/01/rdf-schema#subClassOf>	<http://www.semanticweb.org/magma-core/ontologies/hqdm#class_of_state_of_position>
<http://www.semanticweb.org/magma-core/ontologies/hqdm#class_of_physical_object>	<http://www.w3.org/1999/02/22-rdf-syntax-ns#type>	<http://www.w3.org/2002/07/owl#Class>
<http://www.semanticweb.org/magma-core/ontologies/hqdm#class_of_physical_object>	<http://www.w3.org/2000/01/rdf-schema#subClassOf>	<http://www.semanticweb.org/magma-core/ontologies/hqdm#class_of_individual>
<http://www.semanticweb.org/magma-core/ontologies/hqdm#class_of_physical_property>	<http://www.w3.org/1999/02/22-rdf-syntax-ns#type>	<http://www.w3.org/2002/07/owl#Class>
<http://www.semanticweb.org/magma-core/ontologies/hqdm#class_of_physical_property>	<http://www.w3.org/2000/01/rdf-schema#subClassOf>	<http://www.semanticweb.org/magma-core/ontologies/hqdm#class_of_class_of_spatio_temporal_extent>
<http://www.semanticweb.org/magma-core/ontologies/hqdm#class_of_physical_quantity>	<http://www.w3.org/1999/02/22-rdf-syntax-ns#type>	<http://www.w3.org/2002/07/owl#Class>
<http://www.semanticweb.org/magma-core/ontologies/hqdm#class_of_physical_quantity>	<http://www.w3.org/2000/01/rdf-schema#subClassOf>	<http://www.semanticweb.org/magma-core/ontologies/hqdm#class_of_physical_property>
<http://www.semanticweb.org/magma-core/ontologies/hqdm#class_of_point_in_time>	<http://www.w3.org/1999/02/22-rdf-syntax-ns#type>	<http://www.w3.org/2002/07/owl#Class>
<http://www.semanticweb.org/magma-core/ontologies/hqdm#class_of_point_in_time>	<http://www.w3.org/2000/01/rdf-schema#subClassOf>	<http://www.semanticweb.org/magma-core/ontologies/hqdm#class_of_event>
<http://www.semanticweb.org/magma-core/ontologies/hqdm#class_of_position>	<http://www.w3.org/1999/02/22-rdf-syntax-ns#type>	<http://www.w3.org/2002/07/owl#Class>
<http://www.semanticweb.org/magma-core/ontologies/hqdm#class_of_position>	<http://www.w3.org/2000/01/rdf-schema#subClassOf>	<http://www.semanticweb.org/magma-core/ontologies/hqdm#class_of_organization_component>
<http://www.semanticweb.org/magma-core/ontologies/hqdm#class_of_position>	<http://www.w3.org/2000/01/rdf-schema#subClassOf>	<http://www.semanticweb.org/magma-core/ontologies/hqdm#class_of_state_of_position>
<http://www.semanticweb.org/magma-core/ontologies/hqdm#class_of_possible_world>	<http://www.w3.org/1999/02/22-rdf-syntax-ns#type>	<http://www.w3.org/2002/07/owl#Class>
<http://www.semanticweb.org/magma-core/ontologies/hqdm#class_of_possible_world>	<http://www.w3.org/2000/01/rdf-schema#subClassOf>	<http://www.semanticweb.org/magma-core/ontologies/hqdm#class_of_individual>
<http://www.semanticweb.org/magma-core/ontologies/hqdm#class_of_reaching_agreement>	<http://www.w3.org/1999/02/22-rdf-syntax-ns#type>	<http://www.w3.org/2002/07/owl#Class>
<http://www.semanticweb.org/magma-core/ontologies/hqdm#class_of_reaching_agreement>	<http://www.w3.org/2000/01/rdf-schema#subClassOf>	<http://www.semanticweb.org/magma-core/ontologies/hqdm#class_of_socially_constructed_activity>
<http://www.semanticweb.org/magma-core/ontologies/hqdm#class_of_reaching_agreement>	<http://www.w3.org/2000/01/rdf-schema#subClassOf>	_:N1d76b1527e034fd5b90b305d1078c931
<http://www.semanticweb.org/magma-core/ontologies/hqdm#class_of_relationship>	<http://www.w3.org/1999/02/22-rdf-syntax-ns#type>	<http://www.w3.org/2002/07/owl#Class>
<http://www.semanticweb.org/magma-core/ontologies/hqdm#class_of_relationship>	<http://www.w3.org/2000/01/rdf-schema#comment>	"A class that is relationship or any of its subsets."
<http://www.semanticweb.org/magma-core/ontologies/hqdm#class_of_relationship>	<http://www.w3.org/2000/01/rdf-schema#subClassOf>	<http://www.semanticweb.org/magma-core/ontologies/hqdm#class_of_abstract_object>
<http://www.semanticweb.org/magma-core/ontologies/hqdm#class_of_relationship>	<http://www.w3.org/2000/01/rdf-schema#subClassOf>	_:N6379ca0659b04f2e860631cc7c764ba5
<http://www.semanticweb.org/magma-core/ontologies/hqdm#class_of_relationship>	<http://www.w3.org/2000/01/rdf-schema#subClassOf>	_:Ncea1b675a0a64571959cd8fcc8b1be48
<http://www.semanticweb.org/magma-core/ontologies/hqdm#class_of_representation>	<http://www.w3.org/1999/02/22-rdf-syntax-ns#type>	<http://www.w3.org/2002/07/owl#Class>
<http://www.semanticweb.org/magma-core/ontologies/hqdm#class_of_representation>	<http://www.w3.org/2000/01/rdf-schema#subClassOf>	<http://www.semanticweb.org/magma-core/ontologies/hqdm#class_of_association>
<http://www.semanticweb.org/magma-core/ontologies/hqdm#class_of_sales_product_instance>	<http://www.w3.org/1999/02/22-rdf-syntax-ns#type>	<http://www.w3.org/2002/07/owl#Class>
<http://www.semanticweb.org/magma-core/ontologies/hqdm#class_of_sales_product_instance>	<http://www.w3.org/2000/01/rdf-schema#subClassOf>	<http://www.semanticweb.org/magma-core/ontologies/hqdm#class_of_ordinary_functional_object>
<http://www.semanticweb.org/magma-core/ontologies/hqdm#class_of_sales_product_instance>	<http://www.w3.org/2000/01/rdf-schema#subClassOf>	<http://www.semanticweb.org/magma-core/ontologies/hqdm#class_of_state_of_sales_product_instance>
<http://www.semanticweb.org/magma-core/ontologies/hqdm#class_of_sign>	<http://www.w3.org/1999/02/22-rdf-syntax-ns#type>	<http://www.w3.org/2002/07/owl#Class>
<http://www.semanticweb.org/magma-core/ontologies/hqdm#class_of_sign>	<http://www.w3.org/2000/01/rdf-schema#subClassOf>	<http://www.semanticweb.org/magma-core/ontologies/hqdm#class_of_socially_constructed_object>
<http://www.semanticweb.org/magma-core/ontologies/hqdm#class_of_sign>	<http://www.w3.org/2000/01/rdf-schema#subClassOf>	<http://www.semanticweb.org/magma-core/ontologies/hqdm#class_of_state_of_sign>
<http://www.semanticweb.org/magma-core/ontologies/hqdm#class_of_socially_constructed_activity>	<http://www.w3.org/1999/02/22-rdf-syntax-ns#type>	<http://www.w3.org/2002/07/owl#Class>
<http://www.semanticweb.org/magma-core/ontologies/hqdm#class_of_socially_constructed_activity>	<http://www.w3.org/2000/01/rdf-schema#subClassOf>	<http://www.semanticweb.org/magma-core/ontologies/hqdm#class_of_activity>
<http://www.semanticweb.org/magma-core/ontologies/hqdm#class_of_socially_constructed_activity>	<http://www.w3.org/2000/01/rdf-schema#subClassOf>	<http://www.semanticweb.org/magma-core/ontologies/hqdm#class_of_socially_constructed_object>
<http://www.semanticweb.org/magma-core/ontologies/hqdm#class_of_socially_constructed_activity>	<http://www.w3.org/2000/01/rdf-schema#subClassOf>	_:N81d9a1cf6c464239b2eea49873564da9
<http://www.semanticweb.org/magma-core/ontologies/hqdm#class_of_socially_constructed_activity>	<http://www.w3.org/2000/01/rdf-schema#subClassOf>	_:N9c357b2a84ed42a7abc8f1b4a64e2fbd
<http://www.semanticweb.org/magma-core/ontologies/hqdm#class_of_socially_constructed_object>	<http://www.w3.org/1999/02/22-rdf-syntax-ns#type>	<http://www.w3.org/2002/07/owl#Class>
<http://www.semanticweb.org/magma-core/ontologies/hqdm#class_of_socially_constructed_object>	<http://www.w3.org/2000/01/rdf-schema#subClassOf>	<http://www.semanticweb.org/magma-core/ontologies/hqdm#class_of_intentionally_constructed_object>
<http://www.semanticweb.org/magma-core/ontologies/hqdm#class_of_socially_constructed_object>	<http://www.w3.org/2000/01/rdf-schema#subClassOf>	<http://www.semanticweb.org/magma-core/ontologies/hqdm#class_of_state_of_socially_constructed_object>
<http://www.semanticweb.org/magma-core/ontologies/hqdm#class_of_spatio_temporal_extent>	<http://www.w3.org/1999/02/22-rdf-syntax-ns#type>	<http://www.w3.org/2002/07/owl#Class>
<http://www.semanticweb.org/magma-core/ontologies/hqdm#class_of_spatio_temporal_extent>	<http://www.w3.org/2000/01/rdf-schema#comment>	"A class that is spatio_temporal_extent or any of its subsets."
<http://www.semanticweb.org/magma-core/ontologies/hqdm#class_of_spatio_temporal_extent>	<http://www.w3.org/2000/01/rdf-schema#subClassOf>	<http://www.semanticweb.org/magma-core/ontologies/hqdm#class>
<http://www.semanticweb.org/magma-core/ontologies/hqdm#class_of_spatio_temporal_extent>	<http://www.w3.org/2000/01/rdf-schema#subClassOf>	_:N42e305c4b13a43c293ea4cd852aa88f0
<http://www.semanticweb.org/magma-core/ontologies/hqdm#class_of_spatio_temporal_extent>	<http://www.w3.org/2000/01/rdf-schema#subClassOf>	_:N78706389ccad436a9d000d5cd01e4a0f
<http://www.semanticweb.org/magma-core/ontologies/hqdm#class_of_spatio_temporal_extent>	<http://www.w3.org/2000/01/rdf-schema#subClassOf>	_:Nf2610cf245c84f228282ac678056e05b
<http://www.semanticweb.org/magma-core/ontologies/hqdm#class_of_state>	<http://www.w3.org/1999/02/22-rdf-syntax-ns#type>	<http://www.w3.org/2002/07/owl#Class>
<http://www.semanticweb.org/magma-core/ontologies/hqdm#class_of_state>	<http://www.w3.org/2000/01/rdf-schema#subClassOf>	<http://www.semanticweb.org/magma-core/ontologies/hqdm#class_of_spatio_temporal_extent>
<http://www.semanticweb.org/magma-core/ontologies/hqdm#class_of_state_of_activity>	<http://www.w3.org/1999/02/22-rdf-syntax-ns#type>	<http://www.w3.org/2002/07/owl#Class>
<http://www.semanticweb.org/magma-core/ontologies/hqdm#class_of_state_of_activity>	<http://www.w3.org/2000/01/rdf-schema#subClassOf>	<http://www.semanticweb.org/magma-core/ontologies/hqdm#class_of_state>
<http://www.semanticweb.org/magma-core/ontologies/hqdm#class_of_state_of_amount_of_money>	<http://www.w3.org/1999/02/22-rdf-syntax-ns#type>	<http://www.w3.org/2002/07/owl#Class>
<http://www.semanticweb.org/magma-core/ontologies/hqdm#class_of_state_of_amount_of_money>	<http://www.w3.org/2000/01/rdf-schema#subClassOf>	<http://www.semanticweb.org/magma-core/ontologies/hqdm#class_of_state_of_physical_object>
<http://www.semanticweb.org/magma-core/ontologies/hqdm#class_of_state_of_amount_of_money>	<http://www.w3.org/2000/01/rdf-schema#subClassOf>	<http://www.semanticweb.org/magma-core/ontologies/hqdm#class_of_state_of_socially_constructed_object>
<http://www.semanticweb.org/magma-core/ontologies/hqdm#class_of_state_of_association>	<http://www.w3.org/1999/02/22-rdf-syntax-ns#type>	<http://www.w3.org/2002/07/owl#Class>
<http://www.semanticweb.org/magma-core/ontologies/hqdm#class_of_state_of_association>	<http://www.w3.org/2000/01/rdf-schema#subClassOf>	<http://www.semanticweb.org/magma-core/ontologies/hqdm#class_of_state>
<http://www.semanticweb.org/magma-core/ontologies/hqdm#class_of_state_of_biological_object>	<http://www.w3.org/1999/02/22-rdf-syntax-ns#type>	<http://www.w3.org/2002/07/owl#Class>
<http://www.semanticweb.org/magma-core/ontologies/hqdm#class_of_state_of_biological_object>	<http://www.w3.org/2000/01/rdf-schema#subClassOf>	<http://www.semanticweb.org/magma-core/ontologies/hqdm#class_of_state_of_physical_object>
<http://www.semanticweb.org/magma-core/ontologies/hqdm#class_of_state_of_biological_system>	<http://www.w3.org/1999/02/22-rdf-syntax-ns#type>	<http://www.w3.org/2002/07/owl#Class>
<http://www.semanticweb.org/magma-core/ontologies/hqdm#class_of_state_of_biological_system>	<http://www.w3.org/2000/01/rdf-schema#subClassOf>	<http://www.semanticweb.org/magma-core/ontologies/hqdm#class_of_state_of_ordinary_biological_object>
<http://www.semanticweb.org/magma-core/ontologies/hqdm#class_of_state_of_biological_system>	<http://www.w3.org/2000/01/rdf-schema#subClassOf>	<http://www.semanticweb.org/magma-core/ontologies/hqdm#class_of_state_of_system>
<http://www.semanticweb.org/magma-core/ontologies/hqdm#class_of_state_of_biological_system_component>	<http://www.w3.org/1999/02/22-rdf-syntax-ns#type>	<http://www.w3.org/2002/07/owl#Class>
<http://www.semanticweb.org/magma-core/ontologies/hqdm#class_of_state_of_biological_system_component>	<http://www.w3.org/2000/01/rdf-schema#subClassOf>	<http://www.semanticweb.org/magma-core/ontologies/hqdm#class_of_state_of_biological_object>
<http://www.semanticweb.org/magma-core/ontologies/hqdm#class_of_state_of_biological_system_component>	<http://www.w3.org/2000/01/rdf-schema#subClassOf>	<http://www.semanticweb.org/magma-core/ontologies/hqdm#class_of_state_of_system_component>
<http://www.semanticweb.org/magma-core/ontologies/hqdm#class_of_state_of_functional_object>	<http://www.w3.org/1999/02/22-rdf-syntax-ns#type>	<http://www.w3.org/2002/07/owl#Class>
<http://www.semanticweb.org/magma-core/ontologies/hqdm#class_of_state_of_functional_object>	<http://www.w3.org/2000/01/rdf-schema#subClassOf>	<http://www.semanticweb.org/magma-core/ontologies/hqdm#class_of_state_of_intentionally_constructed_object>
<http://www.semanticweb.org/magma-core/ontologies/hqdm#class_of_state_of_functional_object>	<http://www.w3.org/2000/01/rdf-schema#subClassOf>	<http://www.semanticweb.org/magma-core/ontologies/hqdm#class_of_state_of_physical_object>
<http://www.semanticweb.org/magma-core/ontologies/hqdm#class_of_state_of_functional_system>	<http://www.w3.org/1999/02/22-rdf-syntax-ns#type>	<http://www.w3.org/2002/07/owl#Class>
<http://www.semanticweb.org/magma-core/ontologies/hqdm#class_of_state_of_functional_system>	<http://www.w3.org/2000/01/rdf-schema#subClassOf>	<http://www.semanticweb.org/magma-core/ontologies/hqdm#class_of_state_of_ordinary_functional_object>
<http://www.semanticweb.org/magma-core/ontologies/hqdm#class_of_state_of_functional_system>	<http://www.w3.org/2000/01/rdf-schema#subClassOf>	<http://www.semanticweb.org/magma-core/ontologies/hqdm#class_of_state_of_system>
<http://www.semanticweb.org/magma-core/ontologies/hqdm#class_of_state_of_functional_system_component>	<http://www.w3.org/1999/02/22-rdf-syntax-ns#type>	<http://www.w3.org/2002/07/owl#Class>
<http://www.semanticweb.org/magma-core/ontologies/hqdm#class_of_state_of_functional_system_component>	<http://www.w3.org/2000/01/rdf-schema#subClassOf>	<http://www.semanticweb.org/magma-core/ontologies/hqdm#class_of_state_of_system_component>
<http://www.semanticweb.org/magma-core/ontologies/hqdm#class_of_state_of_intentionally_constructed_object>	<http://www.w3.org/1999/02/22-rdf-syntax-ns#type>	<http://www.w3.org/2002/07/owl#Class>
<http://www.semanticweb.org/magma-core/ontologies/hqdm#class_of_state_of_intentionally_constructed_object>	<http://www.w3.org/2000/01/rdf-schema#subClassOf>	<http://www.semanticweb.org/magma-core/ontologies/hqdm#class_of_state>
<http://www.semanticweb.org/magma-core/ontologies/hqdm#class_of_state_of_ordinary_biological_object>	<http://www.w3.org/1999/02/22-rdf-syntax-ns#type>	<http://www.w3.org/2002/07/owl#Class>
<http://www.semanticweb.org/magma-core/ontologies/hqdm#class_of_state_of_ordinary_biological_object>	<http://www.w3.org/2000/01/rdf-schema#subClassOf>	<http://www.semanticweb.org/magma-core/ontologies/hqdm#class_of_state_of_biological_object>
<http://www.semanticweb.org/magma-core/ontologies/hqdm#class_of_state_of_ordinary_biological_object>	<http://www.w3.org/2000/01/rdf-schema#subClassOf>	<http://www.semanticweb.org/magma-core/ontologies/hqdm#class_of_state_of_ordinary_physical_object>
<http://www.semanticweb.org/magma-core/ontologies/hqdm#class_of_state_of_ordinary_functional_object>	<http://www.w3.org/1999/02/22-rdf-syntax-ns#type>	<http://www.w3.org/2002/07/owl#Class>
<http://www.semanticweb.org/magma-core/ontologies/hqdm#class_of_state_of_ordinary_functional_object>	<http://www.w3.org/2000/01/rdf-schema#subClassOf>	<http://www.semanticweb.org/magma-core/ontologies/hqdm#class_of_state_of_functional_object>
<http://www.semanticweb.org/magma-core/ontologies/hqdm#class_of_state_of_ordinary_functional_object>	<http://www.w3.org/2000/01/rdf-schema#subClassOf>	<http://www.semanticweb.org/magma-core/ontologies/hqdm#class_of_state_of_ordinary_physical_object>
<http://www.semanticweb.org/magma-core/ontologies/hqdm#class_of_state_of_ordinary_physical_object>	<http://www.w3.org/1999/02/22-rdf-syntax-ns#type>	<http://www.w3.org/2002/07/owl#Class>
<http://www.semanticweb.org/magma-core/ontologies/hqdm#class_of_state_of_ordinary_physical_object>	<http://www.w3.org/2000/01/rdf-schema#subClassOf>	<http://www.semanticweb.org/magma-core/ontologies/hqdm#class_of_state_of_physical_object>
<http://www.semanticweb.org/magma-core/ontologies/hqdm#class_of_state_of_organization>	<http://www.w3.org/1999/02/22-rdf-syntax-ns#type>	<http://www.w3.org/2002/07/owl#Class>
<http://www.semanticweb.org/magma-core/ontologies/hqdm#class_of_state_of_organization>	<http://www.w3.org/2000/01/rdf-schema#subClassOf>	<http://www.semanticweb.org/magma-core/ontologies/hqdm#class_of_state_of_party>
<http://www.semanticweb.org/magma-core/ontologies/hqdm#class_of_state_of_organization>	<http://www.w3.org/2000/01/rdf-schema#subClassOf>	<http://www.semanticweb.org/magma-core/ontologies/hqdm#class_of_state_of_socially_constructed_object>
<http://www.semanticweb.org/magma-core/ontologies/hqdm#class_of_state_of_organization_component>	<http://www.w3.org/1999/02/22-rdf-syntax-ns#type>	<http://www.w3.org/2002/07/owl#Class>
<http://www.semanticweb.org/magma-core/ontologies/hqdm#class_of_state_of_organization_component>	<http://www.w3.org/2000/01/rdf-schema#subClassOf>	<http://www.semanticweb.org/magma-core/ontologies/hqdm#class_of_state_of_socially_constructed_object>
<http://www.semanticweb.org/magma-core/ontologies/hqdm#class_of_state_of_organization_component>	<http://www.w3.org/2000/01/rdf-schema#subClassOf>	<http://www.semanticweb.org/magma-core/ontologies/hqdm#class_of_state_of_system_component>
<http://www.semanticweb.org/magma-core/ontologies/hqdm#class_of_state_of_party>	<http://www.w3.org/1999/02/22-rdf-syntax-ns#type>	<http://www.w3.org/2002/07/owl#Class>
<http://www.semanticweb.org/magma-core/ontologies/hqdm#class_of_state_of_party>	<http://www.w3.org/2000/01/rdf-schema#subClassOf>	<http://www.semanticweb.org/magma-core/ontologies/hqdm#class_of_state_of_system>
<http://www.semanticweb.org/magma-core/ontologies/hqdm#class_of_state_of_person>	<http://www.w3.org/1999/02/22-rdf-syntax-ns#type>	<http://www.w3.org/2002/07/owl#Class>
<http://www.semanticweb.org/magma-core/ontologies/hqdm#class_of_state_of_person>	<http://www.w3.org/2000/01/rdf-schema#subClassOf>	<http://www.semanticweb.org/magma-core/ontologies/hqdm#class_of_state_of_biological_system>
<http://www.semanticweb.org/magma-core/ontologies/hqdm#class_of_state_of_person>	<http://www.w3.org/2000/01/rdf-schema#subClassOf>	<http://www.semanticweb.org/magma-core/ontologies/hqdm#class_of_state_of_party>
<http://www.semanticweb.org/magma-core/ontologies/hqdm#class_of_state_of_physical_object>	<http://www.w3.org/1999/02/22-rdf-syntax-ns#type>	<http://www.w3.org/2002/07/owl#Class>
<http://www.semanticweb.org/magma-core/ontologies/hqdm#class_of_state_of_physical_object>	<http://www.w3.org/2000/01/rdf-schema#subClassOf>	<http://www.semanticweb.org/magma-core/ontologies/hqdm#class_of_state>
<http://www.semanticweb.org/magma-core/ontologies/hqdm#class_of_state_of_position>	<http://www.w3.org/1999/02/22-rdf-syntax-ns#type>	<http://www.w3.org/2002/07/owl#Class>
<http://www.semanticweb.org/magma-core/ontologies/hqdm#class_of_state_of_position>	<http://www.w3.org/2000/01/rdf-schema#subClassOf>	<http://www.semanticweb.org/magma-core/ontologies/hqdm#class_of_state_of_organization_component>
<http://www.semanticweb.org/magma-core/ontologies/hqdm#class_of_state_of_sales_product_instance>	<http://www.w3.org/1999/02/22-rdf-syntax-ns#type>	<http://www.w3.org/2002/07/owl#Class>
<http://www.semanticweb.org/magma-core/ontologies/hqdm#class_of_state_of_sales_product_instance>	<http://www.w3.org/2000/01/rdf-schema#subClassOf>	<http://www.semanticweb.org/magma-core/ontologies/hqdm#class_of_state_of_ordinary_functional_object>
<http://www.semanticweb.org/magma-core/ontologies/hqdm#class_of_state_of_sign>	<http://www.w3.org/1999/02/22-rdf-syntax-ns#type>	<http://www.w3.org/2002/07/owl#Class>
<http://www.semanticweb.org/magma-core/ontologies/hqdm#class_of_state_of_sign>	<http://www.w3.org/2000/01/rdf-schema#subClassOf>	<http://www.semanticweb.org/magma-core/ontologies/hqdm#class_of_state_of_socially_constructed_object>
<http://www.semanticweb.org/magma-core/ontologies/hqdm#class_of_state_of_socially_constructed_activity>	<http://www.w3.org/1999/02/22-rdf-syntax-ns#type>	<http://www.w3.org/2002/07/owl#Class>
<http://www.semanticweb.org/magma-core/ontologies/hqdm#class_of_state_of_socially_constructed_activity>	<http://www.w3.org/2000/01/rdf-schema#subClassOf>	<http://www.semanticweb.org/magma-core/ontologies/hqdm#class_of_state_of_activity>
<http://www.semanticweb.org/magma-core/ontologies/hqdm#class_of_state_of_socially_constructed_activity>	<http://www.w3.org/2000/01/rdf-schema#subClassOf>	<http://www.semanticweb.org/magma-core/ontologies/hqdm#class_of_state_of_socially_constructed_object>
<http://www.semanticweb.org/magma-core/ontologies/hqdm#class_of_state_of_socially_constructed_object>	<http://www.w3.org/1999/02/22-rdf-syntax-ns#type>	<http://www.w3.org/2002/07/owl#Class>
<http://www.semanticweb.org/magma-core/ontologies/hqdm#class_of_state_of_socially_constructed_object>	<http://www.w3.org/2000/01/rdf-schema#subClassOf>	<http://www.semanticweb.org/magma-core/ontologies/hqdm#class_of_state_of_intentionally_constructed_object>
<http://www.semanticweb.org/magma-core/ontologies/hqdm#class_of_state_of_system>	<http://www.w3.org/1999/02/22-rdf-syntax-ns#type>	<http://www.w3.org/2002/07/owl#Class>
<http://www.semanticweb.org/magma-core/ontologies/hqdm#class_of_state_of_system>	<http://www.w3.org/2000/01/rdf-schema#subClassOf>	<http://www.semanticweb.org/magma-core/ontologies/hqdm#class_of_state_of_ordinary_physical_object>
<http://www.semanticweb.org/magma-core/ontologies/hqdm#class_of_state_of_system_component>	<http://www.w3.org/1999/02/22-rdf-syntax-ns#type>	<http://www.w3.org/2002/07/owl#Class>
<http://www.semanticweb.org/magma-core/ontologies/hqdm#class_of_state_of_system_component>	<http://www.w3.org/2000/01/rdf-schema#subClassOf>	<http://www.semanticweb.org/magma-core/ontologies/hqdm#class_of_state_of_ordinary_functional_object>
<http://www.semanticweb.org/magma-core/ontologies/hqdm#class_of_state_of_system_component>	<http://www.w3.org/2000/01/rdf-schema#subClassOf>	<http://www.semanticweb.org/magma-core/ontologies/hqdm#class_of_state_of_physical_object>
<http://www.semanticweb.org/magma-core/ontologies/hqdm#class_of_system>	<http://www.w3.org/1999/02/22-rdf-syntax-ns#type>	<http://www.w3.org/2002/07/owl#Class>
<http://www.semanticweb.org/magma-core/ontologies/hqdm#class_of_system>	<http://www.w3.org/2000/01/rdf-schema#subClassOf>	<http://www.semanticweb.org/magma-core/ontologies/hqdm#class_of_ordinary_physical_object>
<http://www.semanticweb.org/magma-core/ontologies/hqdm#class_of_system>	<http://www.w3.org/2000/01/rdf-schema#subClassOf>	<http://www.semanticweb.org/magma-core/ontologies/hqdm#class_of_state_of_system>
<http://www.semanticweb.org/magma-core/ontologies/hqdm#class_of_system_component>	<http://www.w3.org/1999/02/22-rdf-syntax-ns#type>	<http://www.w3.org/2002/07/owl#Class>
<http://www.semanticweb.org/magma-core/ontologies/hqdm#class_of_system_component>	<http://www.w3.org/2000/01/rdf-schema#subClassOf>	<http://www.semanticweb.org/magma-core/ontologies/hqdm#class_of_physical_object>
<http://www.semanticweb.org/magma-core/ontologies/hqdm#class_of_system_component>	<http://www.w3.org/2000/01/rdf-schema#subClassOf>	<http://www.semanticweb.org/magma-core/ontologies/hqdm#class_of_state_of_system_component>
<http://www.semanticweb.org/magma-core/ontologies/hqdm#classification>	<http://www.w3.org/1999/02/22-rdf-syntax-ns#type>	<http://www.w3.org/2002/07/owl#Class>
<http://www.semanticweb.org/magma-core/ontologies/hqdm#classification>	<http://www.w3.org/2000/01/rdf-schema#comment>	"A relationship where a thing is a member of a class"
<http://www.semanticweb.org/magma-core/ontologies/hqdm#classification>	<http://www.w3.org/2000/01/rdf-schema#subClassOf>	<http://www.semanticweb.org/magma-core/ontologies/hqdm#relationship>
<http://www.semanticweb.org/magma-core/ontologies/hqdm#classification>	<http://www.w3.org/2000/01/rdf-schema#subClassOf>	_:N0ccb0cf6196244289768b12c380d97d2
<http://www.semanticweb.org/magma-core/ontologies/hqdm#classification>	<http://www.w3.org/2000/01/rdf-schema#subClassOf>	_:N228131f8acb74a0e8696ec433d93f5ce
<http://www.semanticweb.org/magma-core/ontologies/hqdm#classification>	<http://www.w3.org/2000/01/rdf-schema#subClassOf>	_:N530b4be1f89d432db243f0ef4601faab
<http://www.semanticweb.org/magma-core/ontologies/hqdm#classification>	<http://www.w3.org/2000/01/rdf-schema#subClassOf>	_:N93fd4465fd224efd91df970c53f545a7
<http://www.semanticweb.org/magma-core/ontologies/hqdm#classification>	<http://www.w3.org/2002/07/owl#disjointWith>	<http://www.semanticweb.org/magma-core/ontologies/hqdm#defined_relationship>
<http://www.semanticweb.org/magma-core/ontologies/hqdm#classification>	<http://www.w3.org/2002/07/owl#disjointWith>	<http://www.semanticweb.org/magma-core/ontologies/hqdm#function_>
<http://www.semanticweb.org/magma-core/ontologies/hqdm#classification>	<http://www.w3.org/2002/07/owl#disjointWith>	<http://www.semanticweb.org/magma-core/ontologies/hqdm#specialization>
<http://www.semanticweb.org/magma-core/ontologies/hqdm#classifier>	<http://www.w3.org/1999/02/22-rdf-syntax-ns#type>	<http://www.w3.org/2002/07/owl#ObjectProperty>
<http://www.semanticweb.org/magma-core/ontologies/hqdm#classifier>	<http://www.w3.org/2000/01/rdf-schema#comment>	"A relationship type where a classification has exactly one classifier"
<http://www.semanticweb.org/magma-core/ontologies/hqdm#classifier>	<http://www.w3.org/2000/01/rdf-schema#domain>	<http://www.semanticweb.org/magma-core/ontologies/hqdm#classification>
<http://www.semanticweb.org/magma-core/ontologies/hqdm#classifier>	<http://www.w3.org/2000/01/rdf-schema#range>	<http://www.semanticweb.org/magma-core/ontologies/hqdm#class>
<http://www.semanticweb.org/magma-core/ontologies/hqdm#component_by_class>	<http://www.w3.org/1999/02/22-rdf-syntax-ns#type>	<http://www.w3.org/2002/07/owl#ObjectProperty>
<http://www.semanticweb.org/magma-core/ontologies/hqdm#component_by_class>	<http://www.w3.org/2000/01/rdf-schema#domain>	<http://www.semanticweb.org/magma-core/ontologies/hqdm#kind_of_organization>
<http://www.semanticweb.org/magma-core/ontologies/hqdm#component_by_class>	<http://www.w3.org/2000/01/rdf-schema#range>	<http://www.semanticweb.org/magma-core/ontologies/hqdm#kind_of_organization_component>
<http://www.semanticweb.org/magma-core/ontologies/hqdm#component_of>	<http://www.w3.org/1999/02/22-rdf-syntax-ns#type>	<http://www.w3.org/2002/07/owl#ObjectProperty>
<http://www.semanticweb.org/magma-core/ontologies/hqdm#component_of>	<http://www.w3.org/2000/01/rdf-schema#domain>	<http://www.semanticweb.org/magma-core/ontologies/hqdm#biological_system_component>
<http://www.semanticweb.org/magma-core/ontologies/hqdm#component_of>	<http://www.w3.org/2000/01/rdf-schema#domain>	<http://www.semanticweb.org/magma-core/ontologies/hqdm#functional_system_component>
<http://www.semanticweb.org/magma-core/ontologies/hqdm#component_of>	<http://www.w3.org/2000/01/rdf-schema#domain>	<http://www.semanticweb.org/magma-core/ontologies/hqdm#organization_component>
<http://www.semanticweb.org/magma-core/ontologies/hqdm#component_of>	<http://www.w3.org/2000/01/rdf-schema#domain>	<http://www.semanticweb.org/magma-core/ontologies/hqdm#system_component>
<http://www.semanticweb.org/magma-core/ontologies/hqdm#component_of>	<http://www.w3.org/2000/01/rdf-schema#range>	<http://www.semanticweb.org/magma-core/ontologies/hqdm#biological_system>
<http://www.semanticweb.org/magma-core/ontologies/hqdm#component_of>	<http://www.w3.org/2000/01/rdf-schema#range>	<http://www.semanticweb.org/magma-core/ontologies/hqdm#functional_system>
<http://www.semanticweb.org/magma-core/ontologies/hqdm#component_of>	<http://www.w3.org/2000/01/rdf-schema#range>	<http://www.semanticweb.org/magma-core/ontologies/hqdm#organization>
<http://www.semanticweb.org/magma-core/ontologies/hqdm#component_of>	<http://www.w3.org/2000/01/rdf-schema#range>	<http://www.semanticweb.org/magma-core/ontologies/hqdm#system>
<http://www.semanticweb.org/magma-core/ontologies/hqdm#composition>	<http://www.w3.org/1999/02/22-rdf-syntax-ns#type>	<http://www.w3.org/2002/07/owl#Class>
<http://www.semanticweb.org/magma-core/ontologies/hqdm#composition>	<http://www.w3.org/2000/01/rdf-schema#subClassOf>	<http://www.semanticweb.org/magma-core/ontologies/hqdm#aggregation>
<http://www.semanticweb.org/magma-core/ontologies/hqdm#consideration_by_class>	<http://www.w3.org/1999/02/22-rdf-syntax-ns#type>	<http://www.w3.org/2002/07/owl#ObjectProperty>
<http://www.semanticweb.org/magma-core/ontologies/hqdm#consideration_by_class>	<http://www.w3.org/2000/01/rdf-schema#domain>	<http://www.semanticweb.org/magma-core/ontologies/hqdm#offering>
<http://www.semanticweb.org/magma-core/ontologies/hqdm#consideration_by_class>	<http://www.w3.org/2000/01/rdf-schema#range>	<http://www.semanticweb.org/magma-core/ontologies/hqdm#price>
<http://www.semanticweb.org/magma-core/ontologies/hqdm#consists__of_by_class>	<http://www.w3.org/1999/02/22-rdf-syntax-ns#type>	<http://www.w3.org/2002/07/owl#ObjectProperty>
<http://www.semanticweb.org/magma-core/ontologies/hqdm#consists__of_by_class>	<http://www.w3.org/2000/01/rdf-schema#domain>	<http://www.semanticweb.org/magma-core/ontologies/hqdm#class_of_spatio_temporal_extent>
<http://www.semanticweb.org/magma-core/ontologies/hqdm#consists__of_by_class>	<http://www.w3.org/2000/01/rdf-schema#range>	<http://www.semanticweb.org/magma-core/ontologies/hqdm#class_of_spatio_temporal_extent>
<http://www.semanticweb.org/magma-core/ontologies/hqdm#consists__of_by_class>	<http://www.w3.org/2000/01/rdf-schema#subPropertyOf>	<http://www.semanticweb.org/magma-core/ontologies/hqdm#consists_of_set>
<http://www.semanticweb.org/magma-core/ontologies/hqdm#consists_of>	<http://www.w3.org/1999/02/22-rdf-syntax-ns#type>	<http://www.w3.org/2002/07/owl#ObjectProperty>
<http://www.semanticweb.org/magma-core/ontologies/hqdm#consists_of>	<http://www.w3.org/2000/01/rdf-schema#domain>	<http://www.semanticweb.org/magma-core/ontologies/hqdm#activity>
<http://www.semanticweb.org/magma-core/ontologies/hqdm#consists_of>	<http://www.w3.org/2000/01/rdf-schema#domain>	<http://www.semanticweb.org/magma-core/ontologies/hqdm#agree_contract>
<http://www.semanticweb.org/magma-core/ontologies/hqdm#consists_of>	<http://www.w3.org/2000/01/rdf-schema#domain>	<http://www.semanticweb.org/magma-core/ontologies/hqdm#agreement_process>
<http://www.semanticweb.org/magma-core/ontologies/hqdm#consists_of>	<http://www.w3.org/2000/01/rdf-schema#domain>	<http://www.semanticweb.org/magma-core/ontologies/hqdm#contract_process>
<http://www.semanticweb.org/magma-core/ontologies/hqdm#consists_of>	<http://www.w3.org/2000/01/rdf-schema#domain>	<http://www.semanticweb.org/magma-core/ontologies/hqdm#exchange_of_goods_and_money>
<http://www.semanticweb.org/magma-core/ontologies/hqdm#consists_of>	<http://www.w3.org/2000/01/rdf-schema#domain>	<http://www.semanticweb.org/magma-core/ontologies/hqdm#offer_and_acceptance_for_goods>
<http://www.semanticweb.org/magma-core/ontologies/hqdm#consists_of>	<http://www.w3.org/2000/01/rdf-schema#domain>	<http://www.semanticweb.org/magma-core/ontologies/hqdm#representation_by_sign>
<http://www.semanticweb.org/magma-core/ontologies/hqdm#consists_of>	<http://www.w3.org/2000/01/rdf-schema#domain>	<http://www.semanticweb.org/magma-core/ontologies/hqdm#sale_of_goods>
<http://www.semanticweb.org/magma-core/ontologies/hqdm#consists_of>	<http://www.w3.org/2000/01/rdf-schema#domain>	<http://www.semanticweb.org/magma-core/ontologies/hqdm#spatio_temporal_extent>
<http://www.semanticweb.org/magma-core/ontologies/hqdm#consists_of>	<http://www.w3.org/2000/01/rdf-schema#range>	<http://www.semanticweb.org/magma-core/ontologies/hqdm#acceptance_of_offer>
<http://www.semanticweb.org/magma-core/ontologies/hqdm#consists_of>	<http://www.w3.org/2000/01/rdf-schema#range>	<http://www.semanticweb.org/magma-core/ontologies/hqdm#acceptance_of_offer_for_goods>
<http://www.semanticweb.org/magma-core/ontologies/hqdm#consists_of>	<http://www.w3.org/2000/01/rdf-schema#range>	<http://www.semanticweb.org/magma-core/ontologies/hqdm#activity>
<http://www.semanticweb.org/magma-core/ontologies/hqdm#consists_of>	<http://www.w3.org/2000/01/rdf-schema#range>	<http://www.semanticweb.org/magma-core/ontologies/hqdm#agree_contract>
<http://www.semanticweb.org/magma-core/ontologies/hqdm#consists_of>	<http://www.w3.org/2000/01/rdf-schema#range>	<http://www.semanticweb.org/magma-core/ontologies/hqdm#offer_and_acceptance_for_goods>
<http://www.semanticweb.org/magma-core/ontologies/hqdm#consists_of>	<http://www.w3.org/2000/01/rdf-schema#range>	<http://www.semanticweb.org/magma-core/ontologies/hqdm#reaching_agreement>
<http://www.semanticweb.org/magma-core/ontologies/hqdm#consists_of>	<http://www.w3.org/2000/01/rdf-schema#range>	<http://www.semanticweb.org/magma-core/ontologies/hqdm#sign>
<http://www.semanticweb.org/magma-core/ontologies/hqdm#consists_of>	<http://www.w3.org/2000/01/rdf-schema#range>	<http://www.semanticweb.org/magma-core/ontologies/hqdm#spatio_temporal_extent>
<http://www.semanticweb.org/magma-core/ontologies/hqdm#consists_of>	<http://www.w3.org/2000/01/rdf-schema#range>	<http://www.semanticweb.org/magma-core/ontologies/hqdm#transfer_of_ownership>
<http://www.semanticweb.org/magma-core/ontologies/hqdm#consists_of>	<http://www.w3.org/2000/01/rdf-schema#subPropertyOf>	<http://www.semanticweb.org/magma-core/ontologies/hqdm#consists_of_set>
<http://www.semanticweb.org/magma-core/ontologies/hqdm#consists_of>	<http://www.w3.org/2002/07/owl#equivalentProperty>	_:Ne6620c9b46044f388a7aca6f4446c6e3
<http://www.semanticweb.org/magma-core/ontologies/hqdm#consists_of_>	<http://www.w3.org/1999/02/22-rdf-syntax-ns#type>	<http://www.w3.org/2002/07/owl#ObjectProperty>
<http://www.semanticweb.org/magma-core/ontologies/hqdm#consists_of_>	<http://www.w3.org/2000/01/rdf-schema#domain>	<http://www.semanticweb.org/magma-core/ontologies/hqdm#agree_contract>
<http://www.semanticweb.org/magma-core/ontologies/hqdm#consists_of_>	<http://www.w3.org/2000/01/rdf-schema#domain>	<http://www.semanticweb.org/magma-core/ontologies/hqdm#agreement_process>
<http://www.semanticweb.org/magma-core/ontologies/hqdm#consists_of_>	<http://www.w3.org/2000/01/rdf-schema#domain>	<http://www.semanticweb.org/magma-core/ontologies/hqdm#contract_process>
<http://www.semanticweb.org/magma-core/ontologies/hqdm#consists_of_>	<http://www.w3.org/2000/01/rdf-schema#domain>	<http://www.semanticweb.org/magma-core/ontologies/hqdm#exchange_of_goods_and_money>
<http://www.semanticweb.org/magma-core/ontologies/hqdm#consists_of_>	<http://www.w3.org/2000/01/rdf-schema#domain>	<http://www.semanticweb.org/magma-core/ontologies/hqdm#offer_and_acceptance_for_goods>
<http://www.semanticweb.org/magma-core/ontologies/hqdm#consists_of_>	<http://www.w3.org/2000/01/rdf-schema#domain>	<http://www.semanticweb.org/magma-core/ontologies/hqdm#representation_by_sign>
<http://www.semanticweb.org/magma-core/ontologies/hqdm#consists_of_>	<http://www.w3.org/2000/01/rdf-schema#domain>	<http://www.semanticweb.org/magma-core/ontologies/hqdm#sale_of_goods>
<http://www.semanticweb.org/magma-core/ontologies/hqdm#consists_of_>	<http://www.w3.org/2000/01/rdf-schema#range>	<http://www.semanticweb.org/magma-core/ontologies/hqdm#agreement_execution>
<http://www.semanticweb.org/magma-core/ontologies/hqdm#consists_of_>	<http://www.w3.org/2000/01/rdf-schema#range>	<http://www.semanticweb.org/magma-core/ontologies/hqdm#contract_execution>
<http://www.semanticweb.org/magma-core/ontologies/hqdm#consists_of_>	<http://www.w3.org/2000/01/rdf-schema#range>	<http://www.semanticweb.org/magma-core/ontologies/hqdm#exchange_of_goods_and_money>
<http://www.semanticweb.org/magma-core/ontologies/hqdm#consists_of_>	<http://www.w3.org/2000/01/rdf-schema#range>	<http://www.semanticweb.org/magma-core/ontologies/hqdm#offer>
<http://www.semanticweb.org/magma-core/ontologies/hqdm#consists_of_>	<http://www.w3.org/2000/01/rdf-schema#range>	<http://www.semanticweb.org/magma-core/ontologies/hqdm#offer_for_goods>
<http://www.semanticweb.org/magma-core/ontologies/hqdm#consists_of_>	<http://www.w3.org/2000/01/rdf-schema#range>	<http://www.semanticweb.org/magma-core/ontologies/hqdm#recognizing_language_community>
<http://www.semanticweb.org/magma-core/ontologies/hqdm#consists_of_>	<http://www.w3.org/2000/01/rdf-schema#range>	<http://www.semanticweb.org/magma-core/ontologies/hqdm#transfer_of_ownership_of_money>
<http://www.semanticweb.org/magma-core/ontologies/hqdm#consists_of_>	<http://www.w3.org/2000/01/rdf-schema#subPropertyOf>	<http://www.semanticweb.org/magma-core/ontologies/hqdm#consists_of_set>
<http://www.semanticweb.org/magma-core/ontologies/hqdm#consists_of_>	<http://www.w3.org/2002/07/owl#equivalentProperty>	_:N3fa61d7d87dc4ee1a15832577241cd87
<http://www.semanticweb.org/magma-core/ontologies/hqdm#consists_of_by_class>	<http://www.w3.org/1999/02/22-rdf-syntax-ns#type>	<http://www.w3.org/2002/07/owl#ObjectProperty>
<http://www.semanticweb.org/magma-core/ontologies/hqdm#consists_of_by_class>	<http://www.w3.org/2000/01/rdf-schema#domain>	<http://www.semanticweb.org/magma-core/ontologies/hqdm#kind_of_activity>
<http://www.semanticweb.org/magma-core/ontologies/hqdm#consists_of_by_class>	<http://www.w3.org/2000/01/rdf-schema#domain>	<http://www.semanticweb.org/magma-core/ontologies/hqdm#kind_of_association>
<http://www.semanticweb.org/magma-core/ontologies/hqdm#consists_of_by_class>	<http://www.w3.org/2000/01/rdf-schema#range>	<http://www.semanticweb.org/magma-core/ontologies/hqdm#role>
<http://www.semanticweb.org/magma-core/ontologies/hqdm#consists_of_by_class>	<http://www.w3.org/2000/01/rdf-schema#range>	_:N100e6dcb9d1e4c61b87b85439b3c7352
<http://www.semanticweb.org/magma-core/ontologies/hqdm#consists_of_by_class>	<http://www.w3.org/2000/01/rdf-schema#range>	_:N9de088db03a948858f03b8c02a71953f
<http://www.semanticweb.org/magma-core/ontologies/hqdm#consists_of_by_class>	<http://www.w3.org/2000/01/rdf-schema#subPropertyOf>	<http://www.semanticweb.org/magma-core/ontologies/hqdm#consists_of_set>
<http://www.semanticweb.org/magma-core/ontologies/hqdm#consists_of_by_class>	<http://www.w3.org/2002/07/owl#equivalentProperty>	_:N35c067c544624687b85912191241c4f8
<http://www.semanticweb.org/magma-core/ontologies/hqdm#consists_of_in_members>	<http://www.w3.org/1999/02/22-rdf-syntax-ns#type>	<http://www.w3.org/2002/07/owl#ObjectProperty>
<http://www.semanticweb.org/magma-core/ontologies/hqdm#consists_of_in_members>	<http://www.w3.org/2000/01/rdf-schema#domain>	<http://www.semanticweb.org/magma-core/ontologies/hqdm#representation_by_pattern>
<http://www.semanticweb.org/magma-core/ontologies/hqdm#consists_of_in_members>	<http://www.w3.org/2000/01/rdf-schema#range>	<http://www.semanticweb.org/magma-core/ontologies/hqdm#recognizing_language_community>
<http://www.semanticweb.org/magma-core/ontologies/hqdm#consists_of_in_members>	<http://www.w3.org/2000/01/rdf-schema#subPropertyOf>	<http://www.semanticweb.org/magma-core/ontologies/hqdm#consists_of_set>
<http://www.semanticweb.org/magma-core/ontologies/hqdm#consists_of_participant>	<http://www.w3.org/1999/02/22-rdf-syntax-ns#type>	<http://www.w3.org/2002/07/owl#ObjectProperty>
<http://www.semanticweb.org/magma-core/ontologies/hqdm#consists_of_participant>	<http://www.w3.org/2000/01/rdf-schema#domain>	<http://www.semanticweb.org/magma-core/ontologies/hqdm#activity>
<http://www.semanticweb.org/magma-core/ontologies/hqdm#consists_of_participant>	<http://www.w3.org/2000/01/rdf-schema#domain>	<http://www.semanticweb.org/magma-core/ontologies/hqdm#association>
<http://www.semanticweb.org/magma-core/ontologies/hqdm#consists_of_participant>	<http://www.w3.org/2000/01/rdf-schema#domain>	<http://www.semanticweb.org/magma-core/ontologies/hqdm#employment>
<http://www.semanticweb.org/magma-core/ontologies/hqdm#consists_of_participant>	<http://www.w3.org/2000/01/rdf-schema#domain>	<http://www.semanticweb.org/magma-core/ontologies/hqdm#ownership>
<http://www.semanticweb.org/magma-core/ontologies/hqdm#consists_of_participant>	<http://www.w3.org/2000/01/rdf-schema#domain>	<http://www.semanticweb.org/magma-core/ontologies/hqdm#transfer_of_ownership>
<http://www.semanticweb.org/magma-core/ontologies/hqdm#consists_of_participant>	<http://www.w3.org/2000/01/rdf-schema#range>	<http://www.semanticweb.org/magma-core/ontologies/hqdm#employer>
<http://www.semanticweb.org/magma-core/ontologies/hqdm#consists_of_participant>	<http://www.w3.org/2000/01/rdf-schema#range>	<http://www.semanticweb.org/magma-core/ontologies/hqdm#owner>
<http://www.semanticweb.org/magma-core/ontologies/hqdm#consists_of_participant>	<http://www.w3.org/2000/01/rdf-schema#range>	<http://www.semanticweb.org/magma-core/ontologies/hqdm#participant>
<http://www.semanticweb.org/magma-core/ontologies/hqdm#consists_of_participant>	<http://www.w3.org/2000/01/rdf-schema#range>	<http://www.semanticweb.org/magma-core/ontologies/hqdm#transferor>
<http://www.semanticweb.org/magma-core/ontologies/hqdm#consists_of_participant>	<http://www.w3.org/2000/01/rdf-schema#subPropertyOf>	<http://www.semanticweb.org/magma-core/ontologies/hqdm#consists_of_set>
<http://www.semanticweb.org/magma-core/ontologies/hqdm#consists_of_participant>	<http://www.w3.org/2002/07/owl#equivalentProperty>	_:Nef7447cc41894219835ab9d5cab75ad0
<http://www.semanticweb.org/magma-core/ontologies/hqdm#consists_of_participant_>	<http://www.w3.org/1999/02/22-rdf-syntax-ns#type>	<http://www.w3.org/2002/07/owl#ObjectProperty>
<http://www.semanticweb.org/magma-core/ontologies/hqdm#consists_of_participant_>	<http://www.w3.org/2000/01/rdf-schema#domain>	<http://www.semanticweb.org/magma-core/ontologies/hqdm#employment>
<http://www.semanticweb.org/magma-core/ontologies/hqdm#consists_of_participant_>	<http://www.w3.org/2000/01/rdf-schema#domain>	<http://www.semanticweb.org/magma-core/ontologies/hqdm#ownership>
<http://www.semanticweb.org/magma-core/ontologies/hqdm#consists_of_participant_>	<http://www.w3.org/2000/01/rdf-schema#domain>	<http://www.semanticweb.org/magma-core/ontologies/hqdm#transfer_of_ownership>
<http://www.semanticweb.org/magma-core/ontologies/hqdm#consists_of_participant_>	<http://www.w3.org/2000/01/rdf-schema#range>	<http://www.semanticweb.org/magma-core/ontologies/hqdm#asset>
<http://www.semanticweb.org/magma-core/ontologies/hqdm#consists_of_participant_>	<http://www.w3.org/2000/01/rdf-schema#range>	<http://www.semanticweb.org/magma-core/ontologies/hqdm#employee>
<http://www.semanticweb.org/magma-core/ontologies/hqdm#consists_of_participant_>	<http://www.w3.org/2000/01/rdf-schema#range>	<http://www.semanticweb.org/magma-core/ontologies/hqdm#transferee>
<http://www.semanticweb.org/magma-core/ontologies/hqdm#consists_of_participant_>	<http://www.w3.org/2000/01/rdf-schema#subPropertyOf>	<http://www.semanticweb.org/magma-core/ontologies/hqdm#consists_of_set>
<http://www.semanticweb.org/magma-core/ontologies/hqdm#consists_of_participant_>	<http://www.w3.org/2002/07/owl#equivalentProperty>	_:N0adac09b612c4139a09b225149d4358a
<http://www.semanticweb.org/magma-core/ontologies/hqdm#consists_of_set>	<http://www.w3.org/1999/02/22-rdf-syntax-ns#type>	<http://www.w3.org/2002/07/owl#ObjectProperty>
<http://www.semanticweb.org/magma-core/ontologies/hqdm#consists_of_set>	<http://www.w3.org/2000/01/rdf-schema#domain>	<http://www.semanticweb.org/magma-core/ontologies/hqdm#offer_and_acceptance_for_goods>
<http://www.semanticweb.org/magma-core/ontologies/hqdm#consists_of_set>	<http://www.w3.org/2000/01/rdf-schema#range>	<http://www.semanticweb.org/magma-core/ontologies/hqdm#acceptance_of_offer_for_goods>
<http://www.semanticweb.org/magma-core/ontologies/hqdm#contract_execution>	<http://www.w3.org/1999/02/22-rdf-syntax-ns#type>	<http://www.w3.org/2002/07/owl#Class>
<http://www.semanticweb.org/magma-core/ontologies/hqdm#contract_execution>	<http://www.w3.org/2000/01/rdf-schema#subClassOf>	<http://www.semanticweb.org/magma-core/ontologies/hqdm#agreement_execution>
<http://www.semanticweb.org/magma-core/ontologies/hqdm#contract_execution>	<http://www.w3.org/2000/01/rdf-schema#subClassOf>	_:N043d35b543414ea9ace1de918fb3b1f8
<http://www.semanticweb.org/magma-core/ontologies/hqdm#contract_execution>	<http://www.w3.org/2000/01/rdf-schema#subClassOf>	_:N155f9ff0a9e14577957d6c4b5ad34f09
<http://www.semanticweb.org/magma-core/ontologies/hqdm#contract_execution>	<http://www.w3.org/2000/01/rdf-schema#subClassOf>	_:N4d3706ab79784d70b8876ba4ab1c33bb
<http://www.semanticweb.org/magma-core/ontologies/hqdm#contract_process>	<http://www.w3.org/1999/02/22-rdf-syntax-ns#type>	<http://www.w3.org/2002/07/owl#Class>
<http://www.semanticweb.org/magma-core/ontologies/hqdm#contract_process>	<http://www.w3.org/2000/01/rdf-schema#subClassOf>	<http://www.semanticweb.org/magma-core/ontologies/hqdm#agreement_process>
<http://www.semanticweb.org/magma-core/ontologies/hqdm#contract_process>	<http://www.w3.org/2000/01/rdf-schema#subClassOf>	_:N074c521a0f5848ada133c5346cb15ac9
<http://www.semanticweb.org/magma-core/ontologies/hqdm#contract_process>	<http://www.w3.org/2000/01/rdf-schema#subClassOf>	_:N201d23ec39de4798ba59cba573d399dd
<http://www.semanticweb.org/magma-core/ontologies/hqdm#contract_process>	<http://www.w3.org/2000/01/rdf-schema#subClassOf>	_:N4eae547ba28c4793b87bb94a31ab7f29
<http://www.semanticweb.org/magma-core/ontologies/hqdm#contract_process>	<http://www.w3.org/2000/01/rdf-schema#subClassOf>	_:Nb5a1838215e74571a6224643ddd5bc17
<http://www.semanticweb.org/magma-core/ontologies/hqdm#contract_process>	<http://www.w3.org/2000/01/rdf-schema#subClassOf>	_:Nff3b430be294415aa1bbb753d8e675ca
<http://www.semanticweb.org/magma-core/ontologies/hqdm#currency>	<http://www.w3.org/1999/02/22-rdf-syntax-ns#type>	<http://www.w3.org/2002/07/owl#Class>
<http://www.semanticweb.org/magma-core/ontologies/hqdm#currency>	<http://www.w3.org/2000/01/rdf-schema#subClassOf>	<http://www.semanticweb.org/magma-core/ontologies/hqdm#class_of_amount_of_money>
<http://www.semanticweb.org/magma-core/ontologies/hqdm#data_Comment>	<http://www.w3.org/1999/02/22-rdf-syntax-ns#type>	<http://www.w3.org/2002/07/owl#DatatypeProperty>
<http://www.semanticweb.org/magma-core/ontologies/hqdm#data_Comment>	<http://www.w3.org/2000/01/rdf-schema#comment>	"A property to allow human readable text to aid interpretation of the thing being represented.  This is only to be used for development purposes or where there is a genuine comment that should be preserved with the object."
<http://www.semanticweb.org/magma-core/ontologies/hqdm#data_Comment>	<http://www.w3.org/2000/01/rdf-schema#domain>	<http://www.semanticweb.org/magma-core/ontologies/hqdm#thing>
<http://www.semanticweb.org/magma-core/ontologies/hqdm#data_Comment>	<http://www.w3.org/2000/01/rdf-schema#range>	<http://www.w3.org/2000/01/rdf-schema#Literal>
<http://www.semanticweb.org/magma-core/ontologies/hqdm#data_EntityName>	<http://www.w3.org/1999/02/22-rdf-syntax-ns#type>	<http://www.w3.org/2002/07/owl#DatatypeProperty>
<http://www.semanticweb.org/magma-core/ontologies/hqdm#data_EntityName>	<http://www.w3.org/2000/01/rdf-schema#comment>	"A well-formed name for the individuals that conform to this ontology.  It should conform to the defined policy of the originating system."
<http://www.semanticweb.org/magma-core/ontologies/hqdm#data_EntityName>	<http://www.w3.org/2000/01/rdf-schema#domain>	<http://www.semanticweb.org/magma-core/ontologies/hqdm#thing>
<http://www.semanticweb.org/magma-core/ontologies/hqdm#data_EntityName>	<http://www.w3.org/2000/01/rdf-schema#range>	<http://www.w3.org/2000/01/rdf-schema#Literal>
<http://www.semanticweb.org/magma-core/ontologies/hqdm#data_date_record_created>	<http://www.w3.org/1999/02/22-rdf-syntax-ns#type>	<http://www.w3.org/2002/07/owl#DatatypeProperty>
<http://www.semanticweb.org/magma-core/ontologies/hqdm#data_date_record_created>	<http://www.w3.org/2000/01/rdf-schema#comment>	"The date and time when this record was first created in its originating system. Ensuring time consistency within and between systems is the users' responsibility."
<http://www.semanticweb.org/magma-core/ontologies/hqdm#data_date_record_created>	<http://www.w3.org/2000/01/rdf-schema#domain>	<http://www.semanticweb.org/magma-core/ontologies/hqdm#thing>
<http://www.semanticweb.org/magma-core/ontologies/hqdm#data_date_record_created>	<http://www.w3.org/2000/01/rdf-schema#range>	<http://www.w3.org/2001/XMLSchema#dateTime>
<http://www.semanticweb.org/magma-core/ontologies/hqdm#data_record_copy_created>	<http://www.w3.org/1999/02/22-rdf-syntax-ns#type>	<http://www.w3.org/2002/07/owl#DatatypeProperty>
<http://www.semanticweb.org/magma-core/ontologies/hqdm#data_record_copy_created>	<http://www.w3.org/2000/01/rdf-schema#comment>	"The date and time that the record was created in the current system.  It should only have a value if it was imported from another (originating) system."
<http://www.semanticweb.org/magma-core/ontologies/hqdm#data_record_copy_created>	<http://www.w3.org/2000/01/rdf-schema#domain>	<http://www.semanticweb.org/magma-core/ontologies/hqdm#thing>
<http://www.semanticweb.org/magma-core/ontologies/hqdm#data_record_copy_created>	<http://www.w3.org/2000/01/rdf-schema#range>	<http://www.w3.org/2001/XMLSchema#dateTime>
<http://www.semanticweb.org/magma-core/ontologies/hqdm#data_record_creator>	<http://www.w3.org/1999/02/22-rdf-syntax-ns#type>	<http://www.w3.org/2002/07/owl#DatatypeProperty>
<http://www.semanticweb.org/magma-core/ontologies/hqdm#data_record_creator>	<http://www.w3.org/2000/01/rdf-schema#comment>	"The text string that is the unique identifier of the individual that created the record."
<http://www.semanticweb.org/magma-core/ontologies/hqdm#data_record_creator>	<http://www.w3.org/2000/01/rdf-schema#domain>	<http://www.semanticweb.org/magma-core/ontologies/hqdm#thing>
<http://www.semanticweb.org/magma-core/ontologies/hqdm#data_record_creator>	<http://www.w3.org/2000/01/rdf-schema#range>	<http://www.w3.org/2000/01/rdf-schema#Literal>
<http://www.semanticweb.org/magma-core/ontologies/hqdm#data_record_logically_deleted>	<http://www.w3.org/1999/02/22-rdf-syntax-ns#type>	<http://www.w3.org/2002/07/owl#DatatypeProperty>
<http://www.semanticweb.org/magma-core/ontologies/hqdm#data_record_logically_deleted>	<http://www.w3.org/2000/01/rdf-schema#comment>	"The date and time that this record was logically deleted."
<http://www.semanticweb.org/magma-core/ontologies/hqdm#data_record_logically_deleted>	<http://www.w3.org/2000/01/rdf-schema#domain>	<http://www.semanticweb.org/magma-core/ontologies/hqdm#thing>
<http://www.semanticweb.org/magma-core/ontologies/hqdm#data_record_logically_deleted>	<http://www.w3.org/2000/01/rdf-schema#range>	<http://www.w3.org/2001/XMLSchema#dateTime>
<http://www.semanticweb.org/magma-core/ontologies/hqdm#data_uniqueID>	<http://www.w3.org/1999/02/22-rdf-syntax-ns#type>	<http://www.w3.org/2002/07/owl#DatatypeProperty>
<http://www.semanticweb.org/magma-core/ontologies/hqdm#data_uniqueID>	<http://www.w3.org/2000/01/rdf-schema#comment>	"A unique identifier for the record, currently defined as a \"long\" (i.e. a 32-bit integer).  This could be a de-duped random integer and should be unique within any particular triplestore.  The goal should be for this to be globally unique (GUID-like) but not part of the set of attributes that comprise the 4D equivalence test (i.e. coincident spatio-temporal extents)."
<http://www.semanticweb.org/magma-core/ontologies/hqdm#data_uniqueID>	<http://www.w3.org/2000/01/rdf-schema#domain>	<http://www.semanticweb.org/magma-core/ontologies/hqdm#thing>
<http://www.semanticweb.org/magma-core/ontologies/hqdm#data_uniqueID>	<http://www.w3.org/2000/01/rdf-schema#range>	<http://www.w3.org/2000/01/rdf-schema#Literal>
<http://www.semanticweb.org/magma-core/ontologies/hqdm#data_why_deleted>	<http://www.w3.org/1999/02/22-rdf-syntax-ns#type>	<http://www.w3.org/2002/07/owl#DatatypeProperty>
<http://www.semanticweb.org/magma-core/ontologies/hqdm#data_why_deleted>	<http://www.w3.org/2000/01/rdf-schema#comment>	"The reason why the record was logically deleted."
<http://www.semanticweb.org/magma-core/ontologies/hqdm#data_why_deleted>	<http://www.w3.org/2000/01/rdf-schema#domain>	<http://www.semanticweb.org/magma-core/ontologies/hqdm#thing>
<http://www.semanticweb.org/magma-core/ontologies/hqdm#data_why_deleted>	<http://www.w3.org/2000/01/rdf-schema#range>	<http://www.w3.org/2001/XMLSchema#string>
<http://www.semanticweb.org/magma-core/ontologies/hqdm#datetime>	<http://www.w3.org/1999/02/22-rdf-syntax-ns#type>	<http://www.w3.org/2002/07/owl#DatatypeProperty>
<http://www.semanticweb.org/magma-core/ontologies/hqdm#datetime>	<http://www.w3.org/2000/01/rdf-schema#domain>	<http://www.semanticweb.org/magma-core/ontologies/hqdm#point_in_time>
<http://www.semanticweb.org/magma-core/ontologies/hqdm#datetime>	<http://www.w3.org/2000/01/rdf-schema#range>	<http://www.w3.org/2001/XMLSchema#dateTime>
<http://www.semanticweb.org/magma-core/ontologies/hqdm#defined_by>	<http://www.w3.org/1999/02/22-rdf-syntax-ns#type>	<http://www.w3.org/2002/07/owl#ObjectProperty>
<http://www.semanticweb.org/magma-core/ontologies/hqdm#defined_by>	<http://www.w3.org/2000/01/rdf-schema#domain>	<http://www.semanticweb.org/magma-core/ontologies/hqdm#requirement>
<http://www.semanticweb.org/magma-core/ontologies/hqdm#defined_by>	<http://www.w3.org/2000/01/rdf-schema#range>	<http://www.semanticweb.org/magma-core/ontologies/hqdm#requirement_specification>
<http://www.semanticweb.org/magma-core/ontologies/hqdm#defined_relationship>	<http://www.w3.org/1999/02/22-rdf-syntax-ns#type>	<http://www.w3.org/2002/07/owl#Class>
<http://www.semanticweb.org/magma-core/ontologies/hqdm#defined_relationship>	<http://www.w3.org/2000/01/rdf-schema#comment>	"A defined_relationship involves at least two things with each in a particular role. These turn out to be classifications where the member is the thing playing the role, and the classifier is the role played. Notice the B[2:?] on the involves relationship type. This means that rather than a set of classifications , it is a bag of classifications , where in a bag the same element may appear more than once. This allows relationships that are reflexive and symmetric to be supported. A defined_relationship is a member_of exactly one kind_of_relationship_with_signature that provides the definition of the defined_relationship . A kind_of_relationship_with_signature has a bag of two or more class that are the roles played by the related objects where the class here is also the class in a classification that is involved in the defined_relationship ."
<http://www.semanticweb.org/magma-core/ontologies/hqdm#defined_relationship>	<http://www.w3.org/2000/01/rdf-schema#comment>	"Implementer note: The \"involves\" relationship is intended to be a Bag (as opposed to a Set).  We have implemented this as a Universally restricted property with a minimum cardinality of 2 but this is not a good implementation of a \"Bag\" as it will default to a \"Set\".  This may not matter, depending on the implementationand use of the data model but is a shortcoming of this approach to representing a Bag in OWL."
<http://www.semanticweb.org/magma-core/ontologies/hqdm#defined_relationship>	<http://www.w3.org/2000/01/rdf-schema#subClassOf>	<http://www.semanticweb.org/magma-core/ontologies/hqdm#relationship>
<http://www.semanticweb.org/magma-core/ontologies/hqdm#defined_relationship>	<http://www.w3.org/2000/01/rdf-schema#subClassOf>	_:N6a58d0583ca244c7859e83d7f941a30c
<http://www.semanticweb.org/magma-core/ontologies/hqdm#defined_relationship>	<http://www.w3.org/2000/01/rdf-schema#subClassOf>	_:N7079e5e90e424eb987448dcfc369819d
<http://www.semanticweb.org/magma-core/ontologies/hqdm#defined_relationship>	<http://www.w3.org/2002/07/owl#disjointWith>	<http://www.semanticweb.org/magma-core/ontologies/hqdm#function_>
<http://www.semanticweb.org/magma-core/ontologies/hqdm#defined_relationship>	<http://www.w3.org/2002/07/owl#disjointWith>	<http://www.semanticweb.org/magma-core/ontologies/hqdm#specialization>
<http://www.semanticweb.org/magma-core/ontologies/hqdm#definition>	<http://www.w3.org/1999/02/22-rdf-syntax-ns#type>	<http://www.w3.org/2002/07/owl#Class>
<http://www.semanticweb.org/magma-core/ontologies/hqdm#definition>	<http://www.w3.org/2000/01/rdf-schema#subClassOf>	<http://www.semanticweb.org/magma-core/ontologies/hqdm#representation_by_pattern>
<http://www.semanticweb.org/magma-core/ontologies/hqdm#definition>	<http://www.w3.org/2000/01/rdf-schema#subClassOf>	_:N0c87cefc73f74a81acfd8fb1faed0d80
<http://www.semanticweb.org/magma-core/ontologies/hqdm#definition>	<http://www.w3.org/2000/01/rdf-schema#subClassOf>	_:N1327fdbf882c48d6b8ee1b171f78f0bb
<http://www.semanticweb.org/magma-core/ontologies/hqdm#description>	<http://www.w3.org/1999/02/22-rdf-syntax-ns#type>	<http://www.w3.org/2002/07/owl#Class>
<http://www.semanticweb.org/magma-core/ontologies/hqdm#description>	<http://www.w3.org/2000/01/rdf-schema#subClassOf>	<http://www.semanticweb.org/magma-core/ontologies/hqdm#representation_by_pattern>
<http://www.semanticweb.org/magma-core/ontologies/hqdm#determines>	<http://www.w3.org/1999/02/22-rdf-syntax-ns#type>	<http://www.w3.org/2002/07/owl#ObjectProperty>
<http://www.semanticweb.org/magma-core/ontologies/hqdm#determines>	<http://www.w3.org/2000/01/rdf-schema#domain>	<http://www.semanticweb.org/magma-core/ontologies/hqdm#activity>
<http://www.semanticweb.org/magma-core/ontologies/hqdm#determines>	<http://www.w3.org/2000/01/rdf-schema#range>	<http://www.semanticweb.org/magma-core/ontologies/hqdm#thing>
<http://www.semanticweb.org/magma-core/ontologies/hqdm#determines_by_class>	<http://www.w3.org/1999/02/22-rdf-syntax-ns#type>	<http://www.w3.org/2002/07/owl#ObjectProperty>
<http://www.semanticweb.org/magma-core/ontologies/hqdm#determines_by_class>	<http://www.w3.org/2000/01/rdf-schema#domain>	<http://www.semanticweb.org/magma-core/ontologies/hqdm#kind_of_activity>
<http://www.semanticweb.org/magma-core/ontologies/hqdm#determines_by_class>	<http://www.w3.org/2000/01/rdf-schema#range>	<http://www.semanticweb.org/magma-core/ontologies/hqdm#class>
<http://www.semanticweb.org/magma-core/ontologies/hqdm#domain>	<http://www.w3.org/1999/02/22-rdf-syntax-ns#type>	<http://www.w3.org/2002/07/owl#ObjectProperty>
<http://www.semanticweb.org/magma-core/ontologies/hqdm#domain>	<http://www.w3.org/2000/01/rdf-schema#domain>	<http://www.semanticweb.org/magma-core/ontologies/hqdm#scale>
<http://www.semanticweb.org/magma-core/ontologies/hqdm#domain>	<http://www.w3.org/2000/01/rdf-schema#range>	<http://www.semanticweb.org/magma-core/ontologies/hqdm#kind_of_physical_quantity>
<http://www.semanticweb.org/magma-core/ontologies/hqdm#employee>	<http://www.w3.org/1999/02/22-rdf-syntax-ns#type>	<http://www.w3.org/2002/07/owl#Class>
<http://www.semanticweb.org/magma-core/ontologies/hqdm#employee>	<http://www.w3.org/2000/01/rdf-schema#subClassOf>	<http://www.semanticweb.org/magma-core/ontologies/hqdm#participant>
<http://www.semanticweb.org/magma-core/ontologies/hqdm#employee>	<http://www.w3.org/2000/01/rdf-schema#subClassOf>	<http://www.semanticweb.org/magma-core/ontologies/hqdm#state_of_person>
<http://www.semanticweb.org/magma-core/ontologies/hqdm#employee>	<http://www.w3.org/2000/01/rdf-schema#subClassOf>	_:N3d0c509c55704b5b981e383560f30a5d
<http://www.semanticweb.org/magma-core/ontologies/hqdm#employee>	<http://www.w3.org/2000/01/rdf-schema#subClassOf>	_:N9e9bf44fb08e4670b555edbede5f2095
<http://www.semanticweb.org/magma-core/ontologies/hqdm#employer>	<http://www.w3.org/1999/02/22-rdf-syntax-ns#type>	<http://www.w3.org/2002/07/owl#Class>
<http://www.semanticweb.org/magma-core/ontologies/hqdm#employer>	<http://www.w3.org/2000/01/rdf-schema#subClassOf>	<http://www.semanticweb.org/magma-core/ontologies/hqdm#participant>
<http://www.semanticweb.org/magma-core/ontologies/hqdm#employer>	<http://www.w3.org/2000/01/rdf-schema#subClassOf>	<http://www.semanticweb.org/magma-core/ontologies/hqdm#state_of_party>
<http://www.semanticweb.org/magma-core/ontologies/hqdm#employer>	<http://www.w3.org/2000/01/rdf-schema#subClassOf>	_:N51e44663a8504de29b85b51d6fc706a6
<http://www.semanticweb.org/magma-core/ontologies/hqdm#employer>	<http://www.w3.org/2000/01/rdf-schema#subClassOf>	_:Nef316cdd7ba744ec827a190ad5a2c38d
<http://www.semanticweb.org/magma-core/ontologies/hqdm#employment>	<http://www.w3.org/1999/02/22-rdf-syntax-ns#type>	<http://www.w3.org/2002/07/owl#Class>
<http://www.semanticweb.org/magma-core/ontologies/hqdm#employment>	<http://www.w3.org/2000/01/rdf-schema#subClassOf>	<http://www.semanticweb.org/magma-core/ontologies/hqdm#association>
<http://www.semanticweb.org/magma-core/ontologies/hqdm#employment>	<http://www.w3.org/2000/01/rdf-schema#subClassOf>	_:N2671eab9cba148d1b8fb86aff01e8b46
<http://www.semanticweb.org/magma-core/ontologies/hqdm#employment>	<http://www.w3.org/2000/01/rdf-schema#subClassOf>	_:N514172c09d264aad9701f36b442defb3
<http://www.semanticweb.org/magma-core/ontologies/hqdm#ending>	<http://www.w3.org/1999/02/22-rdf-syntax-ns#type>	<http://www.w3.org/2002/07/owl#ObjectProperty>
<http://www.semanticweb.org/magma-core/ontologies/hqdm#ending>	<http://www.w3.org/2000/01/rdf-schema#domain>	<http://www.semanticweb.org/magma-core/ontologies/hqdm#ownership>
<http://www.semanticweb.org/magma-core/ontologies/hqdm#ending>	<http://www.w3.org/2000/01/rdf-schema#domain>	<http://www.semanticweb.org/magma-core/ontologies/hqdm#spatio_temporal_extent>
<http://www.semanticweb.org/magma-core/ontologies/hqdm#ending>	<http://www.w3.org/2000/01/rdf-schema#range>	<http://www.semanticweb.org/magma-core/ontologies/hqdm#ending_of_ownership>
<http://www.semanticweb.org/magma-core/ontologies/hqdm#ending>	<http://www.w3.org/2000/01/rdf-schema#range>	<http://www.semanticweb.org/magma-core/ontologies/hqdm#event>
<http://www.semanticweb.org/magma-core/ontologies/hqdm#ending_of_ownership>	<http://www.w3.org/1999/02/22-rdf-syntax-ns#type>	<http://www.w3.org/2002/07/owl#Class>
<http://www.semanticweb.org/magma-core/ontologies/hqdm#ending_of_ownership>	<http://www.w3.org/2000/01/rdf-schema#subClassOf>	<http://www.semanticweb.org/magma-core/ontologies/hqdm#event>
<http://www.semanticweb.org/magma-core/ontologies/hqdm#enumerated_class>	<http://www.w3.org/1999/02/22-rdf-syntax-ns#type>	<http://www.w3.org/2002/07/owl#Class>
<http://www.semanticweb.org/magma-core/ontologies/hqdm#enumerated_class>	<http://www.w3.org/2000/01/rdf-schema#comment>	"A class where each member__of the class is known."
<http://www.semanticweb.org/magma-core/ontologies/hqdm#enumerated_class>	<http://www.w3.org/2000/01/rdf-schema#subClassOf>	<http://www.semanticweb.org/magma-core/ontologies/hqdm#class>
<http://www.semanticweb.org/magma-core/ontologies/hqdm#event>	<http://www.w3.org/1999/02/22-rdf-syntax-ns#type>	<http://www.w3.org/2002/07/owl#Class>
<http://www.semanticweb.org/magma-core/ontologies/hqdm#event>	<http://www.w3.org/2000/01/rdf-schema#subClassOf>	<http://www.semanticweb.org/magma-core/ontologies/hqdm#spatio_temporal_extent>
<http://www.semanticweb.org/magma-core/ontologies/hqdm#event>	<http://www.w3.org/2000/01/rdf-schema#subClassOf>	_:N6f2206bd47dd40d9b449c2dd3e506c4a
<http://www.semanticweb.org/magma-core/ontologies/hqdm#exchange_of_goods_and_money>	<http://www.w3.org/1999/02/22-rdf-syntax-ns#type>	<http://www.w3.org/2002/07/owl#Class>
<http://www.semanticweb.org/magma-core/ontologies/hqdm#exchange_of_goods_and_money>	<http://www.w3.org/2000/01/rdf-schema#subClassOf>	<http://www.semanticweb.org/magma-core/ontologies/hqdm#contract_execution>
<http://www.semanticweb.org/magma-core/ontologies/hqdm#exchange_of_goods_and_money>	<http://www.w3.org/2000/01/rdf-schema#subClassOf>	_:N89be5deb431c47f1b8ca6392eb262c1d
<http://www.semanticweb.org/magma-core/ontologies/hqdm#exchange_of_goods_and_money>	<http://www.w3.org/2000/01/rdf-schema#subClassOf>	_:N95862d0edd3542e9b0b07e0953be3d86
<http://www.semanticweb.org/magma-core/ontologies/hqdm#exchange_of_goods_and_money>	<http://www.w3.org/2000/01/rdf-schema#subClassOf>	_:Na8958f0791344d3cb8b9911a0198341b
<http://www.semanticweb.org/magma-core/ontologies/hqdm#exchange_of_goods_and_money>	<http://www.w3.org/2000/01/rdf-schema#subClassOf>	_:Nac4a9064283c460b92e650bc8cc1b40b
<http://www.semanticweb.org/magma-core/ontologies/hqdm#exchange_of_goods_and_money>	<http://www.w3.org/2000/01/rdf-schema#subClassOf>	_:Ndc58d3e2ade1438d91f4194af48c3296
<http://www.semanticweb.org/magma-core/ontologies/hqdm#exchange_of_goods_and_money>	<http://www.w3.org/2000/01/rdf-schema#subClassOf>	_:Nec93ed6cb43b4e7fb05696f4b2d62b31
<http://www.semanticweb.org/magma-core/ontologies/hqdm#function_>	<http://www.w3.org/1999/02/22-rdf-syntax-ns#type>	<http://www.w3.org/2002/07/owl#Class>
<http://www.semanticweb.org/magma-core/ontologies/hqdm#function_>	<http://www.w3.org/2000/01/rdf-schema#subClassOf>	<http://www.semanticweb.org/magma-core/ontologies/hqdm#relationship>
<http://www.semanticweb.org/magma-core/ontologies/hqdm#function_>	<http://www.w3.org/2002/07/owl#disjointWith>	<http://www.semanticweb.org/magma-core/ontologies/hqdm#specialization>
<http://www.semanticweb.org/magma-core/ontologies/hqdm#functional_object>	<http://www.w3.org/1999/02/22-rdf-syntax-ns#type>	<http://www.w3.org/2002/07/owl#Class>
<http://www.semanticweb.org/magma-core/ontologies/hqdm#functional_object>	<http://www.w3.org/2000/01/rdf-schema#subClassOf>	<http://www.semanticweb.org/magma-core/ontologies/hqdm#intentionally_constructed_object>
<http://www.semanticweb.org/magma-core/ontologies/hqdm#functional_object>	<http://www.w3.org/2000/01/rdf-schema#subClassOf>	<http://www.semanticweb.org/magma-core/ontologies/hqdm#physical_object>
<http://www.semanticweb.org/magma-core/ontologies/hqdm#functional_object>	<http://www.w3.org/2000/01/rdf-schema#subClassOf>	_:N1fdd52c1c1254777ade91b999b4efe36
<http://www.semanticweb.org/magma-core/ontologies/hqdm#functional_object>	<http://www.w3.org/2000/01/rdf-schema#subClassOf>	_:N2d31bdcd633142b99b307926015d1f58
<http://www.semanticweb.org/magma-core/ontologies/hqdm#functional_object>	<http://www.w3.org/2000/01/rdf-schema#subClassOf>	_:Nff0c23d9cdcd40dda8f54f4eb029451f
<http://www.semanticweb.org/magma-core/ontologies/hqdm#functional_system>	<http://www.w3.org/1999/02/22-rdf-syntax-ns#type>	<http://www.w3.org/2002/07/owl#Class>
<http://www.semanticweb.org/magma-core/ontologies/hqdm#functional_system>	<http://www.w3.org/2000/01/rdf-schema#subClassOf>	<http://www.semanticweb.org/magma-core/ontologies/hqdm#ordinary_functional_object>
<http://www.semanticweb.org/magma-core/ontologies/hqdm#functional_system>	<http://www.w3.org/2000/01/rdf-schema#subClassOf>	<http://www.semanticweb.org/magma-core/ontologies/hqdm#state_of_functional_system>
<http://www.semanticweb.org/magma-core/ontologies/hqdm#functional_system>	<http://www.w3.org/2000/01/rdf-schema#subClassOf>	<http://www.semanticweb.org/magma-core/ontologies/hqdm#system>
<http://www.semanticweb.org/magma-core/ontologies/hqdm#functional_system>	<http://www.w3.org/2000/01/rdf-schema#subClassOf>	_:N7e5804ef35f9433dbabea1af6861fc36
<http://www.semanticweb.org/magma-core/ontologies/hqdm#functional_system>	<http://www.w3.org/2000/01/rdf-schema#subClassOf>	_:Na69008e0c58f4126bcf18619f1cd06c4
<http://www.semanticweb.org/magma-core/ontologies/hqdm#functional_system_component>	<http://www.w3.org/1999/02/22-rdf-syntax-ns#type>	<http://www.w3.org/2002/07/owl#Class>
<http://www.semanticweb.org/magma-core/ontologies/hqdm#functional_system_component>	<http://www.w3.org/2000/01/rdf-schema#subClassOf>	<http://www.semanticweb.org/magma-core/ontologies/hqdm#functional_object>
<http://www.semanticweb.org/magma-core/ontologies/hqdm#functional_system_component>	<http://www.w3.org/2000/01/rdf-schema#subClassOf>	<http://www.semanticweb.org/magma-core/ontologies/hqdm#state_of_functional_system_component>
<http://www.semanticweb.org/magma-core/ontologies/hqdm#functional_system_component>	<http://www.w3.org/2000/01/rdf-schema#subClassOf>	<http://www.semanticweb.org/magma-core/ontologies/hqdm#system_component>
<http://www.semanticweb.org/magma-core/ontologies/hqdm#functional_system_component>	<http://www.w3.org/2000/01/rdf-schema#subClassOf>	_:N89a198456dab44d5b27433a27be961ea
<http://www.semanticweb.org/magma-core/ontologies/hqdm#functional_system_component>	<http://www.w3.org/2000/01/rdf-schema#subClassOf>	_:N9155ba8c03b944a6ad388d32dd9b9110
<http://www.semanticweb.org/magma-core/ontologies/hqdm#functional_system_component>	<http://www.w3.org/2000/01/rdf-schema#subClassOf>	_:Nf09a29926fd346fbae9acf3f6bce5131
<http://www.semanticweb.org/magma-core/ontologies/hqdm#functional_system_component>	<http://www.w3.org/2000/01/rdf-schema#subClassOf>	_:Nf475bec5670b4cd8a94e249c789ec6ea
<http://www.semanticweb.org/magma-core/ontologies/hqdm#hasPart>	<http://www.w3.org/1999/02/22-rdf-syntax-ns#type>	<http://www.w3.org/2002/07/owl#ObjectProperty>
<http://www.semanticweb.org/magma-core/ontologies/hqdm#hasPart>	<http://www.w3.org/2000/01/rdf-schema#comment>	"A relationship type where a aggregation has exactly one spatio_temporal_extent as the part."
<http://www.semanticweb.org/magma-core/ontologies/hqdm#hasPart>	<http://www.w3.org/2000/01/rdf-schema#domain>	<http://www.semanticweb.org/magma-core/ontologies/hqdm#aggregation>
<http://www.semanticweb.org/magma-core/ontologies/hqdm#hasPart>	<http://www.w3.org/2000/01/rdf-schema#range>	<http://www.semanticweb.org/magma-core/ontologies/hqdm#spatio_temporal_extent>
<http://www.semanticweb.org/magma-core/ontologies/hqdm#hasPart>	<http://www.w3.org/2000/01/rdf-schema#subPropertyOf>	<http://www.semanticweb.org/magma-core/ontologies/hqdm#part_set>
<http://www.semanticweb.org/magma-core/ontologies/hqdm#hasWhole>	<http://www.w3.org/1999/02/22-rdf-syntax-ns#type>	<http://www.w3.org/2002/07/owl#ObjectProperty>
<http://www.semanticweb.org/magma-core/ontologies/hqdm#hasWhole>	<http://www.w3.org/2000/01/rdf-schema#comment>	"A relationship type where a aggregation has exatly one spatio_temporal_extent as the whole."
<http://www.semanticweb.org/magma-core/ontologies/hqdm#hasWhole>	<http://www.w3.org/2000/01/rdf-schema#domain>	<http://www.semanticweb.org/magma-core/ontologies/hqdm#aggregation>
<http://www.semanticweb.org/magma-core/ontologies/hqdm#hasWhole>	<http://www.w3.org/2000/01/rdf-schema#range>	<http://www.semanticweb.org/magma-core/ontologies/hqdm#spatio_temporal_extent>
<http://www.semanticweb.org/magma-core/ontologies/hqdm#hasWhole>	<http://www.w3.org/2000/01/rdf-schema#subPropertyOf>	<http://www.semanticweb.org/magma-core/ontologies/hqdm#part_set>
<http://www.semanticweb.org/magma-core/ontologies/hqdm#has_component_by_class>	<http://www.w3.org/1999/02/22-rdf-syntax-ns#type>	<http://www.w3.org/2002/07/owl#ObjectProperty>
<http://www.semanticweb.org/magma-core/ontologies/hqdm#has_component_by_class>	<http://www.w3.org/2000/01/rdf-schema#domain>	<http://www.semanticweb.org/magma-core/ontologies/hqdm#kind_of_biological_system>
<http://www.semanticweb.org/magma-core/ontologies/hqdm#has_component_by_class>	<http://www.w3.org/2000/01/rdf-schema#domain>	<http://www.semanticweb.org/magma-core/ontologies/hqdm#kind_of_functional_system>
<http://www.semanticweb.org/magma-core/ontologies/hqdm#has_component_by_class>	<http://www.w3.org/2000/01/rdf-schema#domain>	<http://www.semanticweb.org/magma-core/ontologies/hqdm#kind_of_system>
<http://www.semanticweb.org/magma-core/ontologies/hqdm#has_component_by_class>	<http://www.w3.org/2000/01/rdf-schema#range>	<http://www.semanticweb.org/magma-core/ontologies/hqdm#kind_of_biological_system_component>
<http://www.semanticweb.org/magma-core/ontologies/hqdm#has_component_by_class>	<http://www.w3.org/2000/01/rdf-schema#range>	<http://www.semanticweb.org/magma-core/ontologies/hqdm#kind_of_functional_system_component>
<http://www.semanticweb.org/magma-core/ontologies/hqdm#has_component_by_class>	<http://www.w3.org/2000/01/rdf-schema#range>	<http://www.semanticweb.org/magma-core/ontologies/hqdm#kind_of_system_component>
<http://www.semanticweb.org/magma-core/ontologies/hqdm#has_superclass>	<http://www.w3.org/1999/02/22-rdf-syntax-ns#type>	<http://www.w3.org/2002/07/owl#ObjectProperty>
<http://www.semanticweb.org/magma-core/ontologies/hqdm#has_superclass>	<http://www.w3.org/2000/01/rdf-schema#domain>	<http://www.semanticweb.org/magma-core/ontologies/hqdm#class>
<http://www.semanticweb.org/magma-core/ontologies/hqdm#has_superclass>	<http://www.w3.org/2000/01/rdf-schema#range>	<http://www.semanticweb.org/magma-core/ontologies/hqdm#class>
<http://www.semanticweb.org/magma-core/ontologies/hqdm#identification>	<http://www.w3.org/1999/02/22-rdf-syntax-ns#type>	<http://www.w3.org/2002/07/owl#Class>
<http://www.semanticweb.org/magma-core/ontologies/hqdm#identification>	<http://www.w3.org/2000/01/rdf-schema#subClassOf>	<http://www.semanticweb.org/magma-core/ontologies/hqdm#representation_by_pattern>
<http://www.semanticweb.org/magma-core/ontologies/hqdm#identification_of_physical_quantity>	<http://www.w3.org/1999/02/22-rdf-syntax-ns#type>	<http://www.w3.org/2002/07/owl#Class>
<http://www.semanticweb.org/magma-core/ontologies/hqdm#identification_of_physical_quantity>	<http://www.w3.org/2000/01/rdf-schema#subClassOf>	<http://www.semanticweb.org/magma-core/ontologies/hqdm#identification>
<http://www.semanticweb.org/magma-core/ontologies/hqdm#identification_of_physical_quantity>	<http://www.w3.org/2000/01/rdf-schema#subClassOf>	_:N4b50e4ff148a4be1800dd09f8f652b07
<http://www.semanticweb.org/magma-core/ontologies/hqdm#identification_of_physical_quantity>	<http://www.w3.org/2000/01/rdf-schema#subClassOf>	_:N8c988dd0edf2454b870981448d1a6f33
<http://www.semanticweb.org/magma-core/ontologies/hqdm#identification_of_physical_quantity>	<http://www.w3.org/2000/01/rdf-schema#subClassOf>	_:N8c9c57e41dc64d17bdbe4164fecbab37
<http://www.semanticweb.org/magma-core/ontologies/hqdm#identification_of_physical_quantity>	<http://www.w3.org/2000/01/rdf-schema#subClassOf>	_:Na55b50837f47475cb83b99606e04b299
<http://www.semanticweb.org/magma-core/ontologies/hqdm#identification_of_physical_quantity>	<http://www.w3.org/2000/01/rdf-schema#subClassOf>	_:Nb3787d0cf0f946f9a0b30e23e01cbdfe
<http://www.semanticweb.org/magma-core/ontologies/hqdm#identification_of_physical_quantity>	<http://www.w3.org/2000/01/rdf-schema#subClassOf>	_:Nbf599f7f5352498fbf79cd5e45dc5881
<http://www.semanticweb.org/magma-core/ontologies/hqdm#in_place_biological_component>	<http://www.w3.org/1999/02/22-rdf-syntax-ns#type>	<http://www.w3.org/2002/07/owl#Class>
<http://www.semanticweb.org/magma-core/ontologies/hqdm#in_place_biological_component>	<http://www.w3.org/2000/01/rdf-schema#subClassOf>	<http://www.semanticweb.org/magma-core/ontologies/hqdm#installed_object>
<http://www.semanticweb.org/magma-core/ontologies/hqdm#in_place_biological_component>	<http://www.w3.org/2000/01/rdf-schema#subClassOf>	<http://www.semanticweb.org/magma-core/ontologies/hqdm#state_of_biological_system_component>
<http://www.semanticweb.org/magma-core/ontologies/hqdm#in_place_biological_component>	<http://www.w3.org/2000/01/rdf-schema#subClassOf>	<http://www.semanticweb.org/magma-core/ontologies/hqdm#state_of_ordinary_biological_object>
<http://www.semanticweb.org/magma-core/ontologies/hqdm#in_place_biological_component>	<http://www.w3.org/2000/01/rdf-schema#subClassOf>	_:N3a40d37c78b943368d4744803c57af11
<http://www.semanticweb.org/magma-core/ontologies/hqdm#individual>	<http://www.w3.org/1999/02/22-rdf-syntax-ns#type>	<http://www.w3.org/2002/07/owl#Class>
<http://www.semanticweb.org/magma-core/ontologies/hqdm#individual>	<http://www.w3.org/2000/01/rdf-schema#comment>	"Individuals are spatio-temporal-extents that represent the state of the whole of the life of a thing.  They are whole-life-individuals."
<http://www.semanticweb.org/magma-core/ontologies/hqdm#individual>	<http://www.w3.org/2000/01/rdf-schema#subClassOf>	<http://www.semanticweb.org/magma-core/ontologies/hqdm#state>
<http://www.semanticweb.org/magma-core/ontologies/hqdm#individual>	<http://www.w3.org/2000/01/rdf-schema#subClassOf>	_:N224d40574d8f41a5ab31004ec0a8f539
<http://www.semanticweb.org/magma-core/ontologies/hqdm#individual>	<http://www.w3.org/2000/01/rdf-schema#subClassOf>	_:N983e18bc4252427a8490ef5f80e494ab
<http://www.semanticweb.org/magma-core/ontologies/hqdm#installed_functional_system_component>	<http://www.w3.org/1999/02/22-rdf-syntax-ns#type>	<http://www.w3.org/2002/07/owl#Class>
<http://www.semanticweb.org/magma-core/ontologies/hqdm#installed_functional_system_component>	<http://www.w3.org/2000/01/rdf-schema#subClassOf>	<http://www.semanticweb.org/magma-core/ontologies/hqdm#installed_object>
<http://www.semanticweb.org/magma-core/ontologies/hqdm#installed_functional_system_component>	<http://www.w3.org/2000/01/rdf-schema#subClassOf>	<http://www.semanticweb.org/magma-core/ontologies/hqdm#state_of_functional_system_component>
<http://www.semanticweb.org/magma-core/ontologies/hqdm#installed_functional_system_component>	<http://www.w3.org/2000/01/rdf-schema#subClassOf>	<http://www.semanticweb.org/magma-core/ontologies/hqdm#state_of_ordinary_functional_object>
<http://www.semanticweb.org/magma-core/ontologies/hqdm#installed_functional_system_component>	<http://www.w3.org/2000/01/rdf-schema#subClassOf>	_:N453d40b789ff4ea0a017a979d6d0fd21
<http://www.semanticweb.org/magma-core/ontologies/hqdm#installed_object>	<http://www.w3.org/1999/02/22-rdf-syntax-ns#type>	<http://www.w3.org/2002/07/owl#Class>
<http://www.semanticweb.org/magma-core/ontologies/hqdm#installed_object>	<http://www.w3.org/2000/01/rdf-schema#subClassOf>	<http://www.semanticweb.org/magma-core/ontologies/hqdm#state_of_ordinary_physical_object>
<http://www.semanticweb.org/magma-core/ontologies/hqdm#installed_object>	<http://www.w3.org/2000/01/rdf-schema#subClassOf>	<http://www.semanticweb.org/magma-core/ontologies/hqdm#state_of_system_component>
<http://www.semanticweb.org/magma-core/ontologies/hqdm#installed_object>	<http://www.w3.org/2000/01/rdf-schema#subClassOf>	_:N8521497a841e4b31a2da8177525f916a
<http://www.semanticweb.org/magma-core/ontologies/hqdm#integer_value>	<http://www.w3.org/1999/02/22-rdf-syntax-ns#type>	<http://www.w3.org/2002/07/owl#DatatypeProperty>
<http://www.semanticweb.org/magma-core/ontologies/hqdm#integer_value>	<http://www.w3.org/2000/01/rdf-schema#range>	<http://www.w3.org/2001/XMLSchema#long>
<http://www.semanticweb.org/magma-core/ontologies/hqdm#integer_value>	<http://www.w3.org/2000/01/rdf-schema#subPropertyOf>	<http://www.semanticweb.org/magma-core/ontologies/hqdm#value_types>
<http://www.semanticweb.org/magma-core/ontologies/hqdm#intended_role>	<http://www.w3.org/1999/02/22-rdf-syntax-ns#type>	<http://www.w3.org/2002/07/owl#ObjectProperty>
<http://www.semanticweb.org/magma-core/ontologies/hqdm#intended_role>	<http://www.w3.org/2000/01/rdf-schema#domain>	<http://www.semanticweb.org/magma-core/ontologies/hqdm#functional_object>
<http://www.semanticweb.org/magma-core/ontologies/hqdm#intended_role>	<http://www.w3.org/2000/01/rdf-schema#range>	<http://www.semanticweb.org/magma-core/ontologies/hqdm#role>
<http://www.semanticweb.org/magma-core/ontologies/hqdm#intended_role_by_class>	<http://www.w3.org/1999/02/22-rdf-syntax-ns#type>	<http://www.w3.org/2002/07/owl#ObjectProperty>
<http://www.semanticweb.org/magma-core/ontologies/hqdm#intended_role_by_class>	<http://www.w3.org/2000/01/rdf-schema#domain>	<http://www.semanticweb.org/magma-core/ontologies/hqdm#kind_of_functional_object>
<http://www.semanticweb.org/magma-core/ontologies/hqdm#intended_role_by_class>	<http://www.w3.org/2000/01/rdf-schema#range>	<http://www.semanticweb.org/magma-core/ontologies/hqdm#role>
<http://www.semanticweb.org/magma-core/ontologies/hqdm#intentionally_constructed_object>	<http://www.w3.org/1999/02/22-rdf-syntax-ns#type>	<http://www.w3.org/2002/07/owl#Class>
<http://www.semanticweb.org/magma-core/ontologies/hqdm#intentionally_constructed_object>	<http://www.w3.org/2000/01/rdf-schema#subClassOf>	<http://www.semanticweb.org/magma-core/ontologies/hqdm#individual>
<http://www.semanticweb.org/magma-core/ontologies/hqdm#intentionally_constructed_object>	<http://www.w3.org/2000/01/rdf-schema#subClassOf>	<http://www.semanticweb.org/magma-core/ontologies/hqdm#state_of_intentionally_constructed_object>
<http://www.semanticweb.org/magma-core/ontologies/hqdm#intentionally_constructed_object>	<http://www.w3.org/2000/01/rdf-schema#subClassOf>	_:N39d54661cf894dcebd4ca7ced4bfe201
<http://www.semanticweb.org/magma-core/ontologies/hqdm#intentionally_constructed_object>	<http://www.w3.org/2000/01/rdf-schema#subClassOf>	_:N879160c8990f4c2ebd8776b977d18e5b
<http://www.semanticweb.org/magma-core/ontologies/hqdm#intersection_of>	<http://www.w3.org/1999/02/22-rdf-syntax-ns#type>	<http://www.w3.org/2002/07/owl#ObjectProperty>
<http://www.semanticweb.org/magma-core/ontologies/hqdm#intersection_of>	<http://www.w3.org/2000/01/rdf-schema#domain>	<http://www.semanticweb.org/magma-core/ontologies/hqdm#requirement_specification>
<http://www.semanticweb.org/magma-core/ontologies/hqdm#intersection_of>	<http://www.w3.org/2000/01/rdf-schema#range>	<http://www.semanticweb.org/magma-core/ontologies/hqdm#class_of_state>
<http://www.semanticweb.org/magma-core/ontologies/hqdm#involves>	<http://www.w3.org/1999/02/22-rdf-syntax-ns#type>	<http://www.w3.org/2002/07/owl#ObjectProperty>
<http://www.semanticweb.org/magma-core/ontologies/hqdm#involves>	<http://www.w3.org/2000/01/rdf-schema#comment>	"A meta-relationship type where the classification of some thing in a role is involved in a relationship."
<http://www.semanticweb.org/magma-core/ontologies/hqdm#involves>	<http://www.w3.org/2000/01/rdf-schema#domain>	<http://www.semanticweb.org/magma-core/ontologies/hqdm#defined_relationship>
<http://www.semanticweb.org/magma-core/ontologies/hqdm#involves>	<http://www.w3.org/2000/01/rdf-schema#range>	<http://www.semanticweb.org/magma-core/ontologies/hqdm#classification>
<http://www.semanticweb.org/magma-core/ontologies/hqdm#kind_of_activity>	<http://www.w3.org/1999/02/22-rdf-syntax-ns#type>	<http://www.w3.org/2002/07/owl#Class>
<http://www.semanticweb.org/magma-core/ontologies/hqdm#kind_of_activity>	<http://www.w3.org/2000/01/rdf-schema#subClassOf>	<http://www.semanticweb.org/magma-core/ontologies/hqdm#class_of_activity>
<http://www.semanticweb.org/magma-core/ontologies/hqdm#kind_of_activity>	<http://www.w3.org/2000/01/rdf-schema#subClassOf>	_:N0836d1a2e63e42e4a2e192ebd09e5ce1
<http://www.semanticweb.org/magma-core/ontologies/hqdm#kind_of_activity>	<http://www.w3.org/2000/01/rdf-schema#subClassOf>	_:N6b3cffa699764943b011c25eadd993c5
<http://www.semanticweb.org/magma-core/ontologies/hqdm#kind_of_activity>	<http://www.w3.org/2000/01/rdf-schema#subClassOf>	_:N78ed0effc6de4b8da23c11af0908cf2a
<http://www.semanticweb.org/magma-core/ontologies/hqdm#kind_of_activity>	<http://www.w3.org/2000/01/rdf-schema#subClassOf>	_:N8a49e318687a421cabc2c88230f8a329
<http://www.semanticweb.org/magma-core/ontologies/hqdm#kind_of_association>	<http://www.w3.org/1999/02/22-rdf-syntax-ns#type>	<http://www.w3.org/2002/07/owl#Class>
<http://www.semanticweb.org/magma-core/ontologies/hqdm#kind_of_association>	<http://www.w3.org/2000/01/rdf-schema#subClassOf>	<http://www.semanticweb.org/magma-core/ontologies/hqdm#class_of_association>
<http://www.semanticweb.org/magma-core/ontologies/hqdm#kind_of_association>	<http://www.w3.org/2000/01/rdf-schema#subClassOf>	_:N8273af6ab313452f9e9e714fb913a394
<http://www.semanticweb.org/magma-core/ontologies/hqdm#kind_of_biological_object>	<http://www.w3.org/1999/02/22-rdf-syntax-ns#type>	<http://www.w3.org/2002/07/owl#Class>
<http://www.semanticweb.org/magma-core/ontologies/hqdm#kind_of_biological_object>	<http://www.w3.org/2000/01/rdf-schema#subClassOf>	<http://www.semanticweb.org/magma-core/ontologies/hqdm#class_of_biological_object>
<http://www.semanticweb.org/magma-core/ontologies/hqdm#kind_of_biological_object>	<http://www.w3.org/2000/01/rdf-schema#subClassOf>	<http://www.semanticweb.org/magma-core/ontologies/hqdm#kind_of_physical_object>
<http://www.semanticweb.org/magma-core/ontologies/hqdm#kind_of_biological_system>	<http://www.w3.org/1999/02/22-rdf-syntax-ns#type>	<http://www.w3.org/2002/07/owl#Class>
<http://www.semanticweb.org/magma-core/ontologies/hqdm#kind_of_biological_system>	<http://www.w3.org/2000/01/rdf-schema#subClassOf>	<http://www.semanticweb.org/magma-core/ontologies/hqdm#class_of_biological_system>
<http://www.semanticweb.org/magma-core/ontologies/hqdm#kind_of_biological_system>	<http://www.w3.org/2000/01/rdf-schema#subClassOf>	<http://www.semanticweb.org/magma-core/ontologies/hqdm#kind_of_system>
<http://www.semanticweb.org/magma-core/ontologies/hqdm#kind_of_biological_system>	<http://www.w3.org/2000/01/rdf-schema#subClassOf>	_:N23e8ecee0d4143da944b3a41887442de
<http://www.semanticweb.org/magma-core/ontologies/hqdm#kind_of_biological_system>	<http://www.w3.org/2000/01/rdf-schema#subClassOf>	_:N4da784ef941846e8b1daa3826ed1b4c8
<http://www.semanticweb.org/magma-core/ontologies/hqdm#kind_of_biological_system>	<http://www.w3.org/2000/01/rdf-schema#subClassOf>	_:N5b5a8a0488274497857286cfff2a45cb
<http://www.semanticweb.org/magma-core/ontologies/hqdm#kind_of_biological_system_component>	<http://www.w3.org/1999/02/22-rdf-syntax-ns#type>	<http://www.w3.org/2002/07/owl#Class>
<http://www.semanticweb.org/magma-core/ontologies/hqdm#kind_of_biological_system_component>	<http://www.w3.org/2000/01/rdf-schema#subClassOf>	<http://www.semanticweb.org/magma-core/ontologies/hqdm#class_of_biological_system_component>
<http://www.semanticweb.org/magma-core/ontologies/hqdm#kind_of_biological_system_component>	<http://www.w3.org/2000/01/rdf-schema#subClassOf>	<http://www.semanticweb.org/magma-core/ontologies/hqdm#kind_of_functional_object>
<http://www.semanticweb.org/magma-core/ontologies/hqdm#kind_of_functional_object>	<http://www.w3.org/1999/02/22-rdf-syntax-ns#type>	<http://www.w3.org/2002/07/owl#Class>
<http://www.semanticweb.org/magma-core/ontologies/hqdm#kind_of_functional_object>	<http://www.w3.org/2000/01/rdf-schema#subClassOf>	<http://www.semanticweb.org/magma-core/ontologies/hqdm#class_of_functional_object>
<http://www.semanticweb.org/magma-core/ontologies/hqdm#kind_of_functional_object>	<http://www.w3.org/2000/01/rdf-schema#subClassOf>	<http://www.semanticweb.org/magma-core/ontologies/hqdm#class_of_functional_system_component>
<http://www.semanticweb.org/magma-core/ontologies/hqdm#kind_of_functional_object>	<http://www.w3.org/2000/01/rdf-schema#subClassOf>	<http://www.semanticweb.org/magma-core/ontologies/hqdm#kind_of_intentionally_constructed_object>
<http://www.semanticweb.org/magma-core/ontologies/hqdm#kind_of_functional_object>	<http://www.w3.org/2000/01/rdf-schema#subClassOf>	<http://www.semanticweb.org/magma-core/ontologies/hqdm#kind_of_physical_object>
<http://www.semanticweb.org/magma-core/ontologies/hqdm#kind_of_functional_object>	<http://www.w3.org/2000/01/rdf-schema#subClassOf>	_:N33c01cbea7dc4f4db217c10233648897
<http://www.semanticweb.org/magma-core/ontologies/hqdm#kind_of_functional_system>	<http://www.w3.org/1999/02/22-rdf-syntax-ns#type>	<http://www.w3.org/2002/07/owl#Class>
<http://www.semanticweb.org/magma-core/ontologies/hqdm#kind_of_functional_system>	<http://www.w3.org/2000/01/rdf-schema#subClassOf>	<http://www.semanticweb.org/magma-core/ontologies/hqdm#class_of_functional_system>
<http://www.semanticweb.org/magma-core/ontologies/hqdm#kind_of_functional_system>	<http://www.w3.org/2000/01/rdf-schema#subClassOf>	<http://www.semanticweb.org/magma-core/ontologies/hqdm#kind_of_system>
<http://www.semanticweb.org/magma-core/ontologies/hqdm#kind_of_functional_system>	<http://www.w3.org/2000/01/rdf-schema#subClassOf>	_:Na73534e50f314dfbb097777b2ab0c7cf
<http://www.semanticweb.org/magma-core/ontologies/hqdm#kind_of_functional_system_component>	<http://www.w3.org/1999/02/22-rdf-syntax-ns#type>	<http://www.w3.org/2002/07/owl#Class>
<http://www.semanticweb.org/magma-core/ontologies/hqdm#kind_of_functional_system_component>	<http://www.w3.org/2000/01/rdf-schema#subClassOf>	<http://www.semanticweb.org/magma-core/ontologies/hqdm#kind_of_functional_object>
<http://www.semanticweb.org/magma-core/ontologies/hqdm#kind_of_functional_system_component>	<http://www.w3.org/2000/01/rdf-schema#subClassOf>	<http://www.semanticweb.org/magma-core/ontologies/hqdm#kind_of_system_component>
<http://www.semanticweb.org/magma-core/ontologies/hqdm#kind_of_individual>	<http://www.w3.org/1999/02/22-rdf-syntax-ns#type>	<http://www.w3.org/2002/07/owl#Class>
<http://www.semanticweb.org/magma-core/ontologies/hqdm#kind_of_individual>	<http://www.w3.org/2000/01/rdf-schema#subClassOf>	<http://www.semanticweb.org/magma-core/ontologies/hqdm#class_of_individual>
<http://www.semanticweb.org/magma-core/ontologies/hqdm#kind_of_intentionally_constructed_object>	<http://www.w3.org/1999/02/22-rdf-syntax-ns#type>	<http://www.w3.org/2002/07/owl#Class>
<http://www.semanticweb.org/magma-core/ontologies/hqdm#kind_of_intentionally_constructed_object>	<http://www.w3.org/2000/01/rdf-schema#subClassOf>	<http://www.semanticweb.org/magma-core/ontologies/hqdm#class_of_intentionally_constructed_object>
<http://www.semanticweb.org/magma-core/ontologies/hqdm#kind_of_intentionally_constructed_object>	<http://www.w3.org/2000/01/rdf-schema#subClassOf>	<http://www.semanticweb.org/magma-core/ontologies/hqdm#kind_of_individual>
<http://www.semanticweb.org/magma-core/ontologies/hqdm#kind_of_ordinary_biological_object>	<http://www.w3.org/1999/02/22-rdf-syntax-ns#type>	<http://www.w3.org/2002/07/owl#Class>
<http://www.semanticweb.org/magma-core/ontologies/hqdm#kind_of_ordinary_biological_object>	<http://www.w3.org/2000/01/rdf-schema#subClassOf>	<http://www.semanticweb.org/magma-core/ontologies/hqdm#class_of_ordinary_biological_object>
<http://www.semanticweb.org/magma-core/ontologies/hqdm#kind_of_ordinary_biological_object>	<http://www.w3.org/2000/01/rdf-schema#subClassOf>	<http://www.semanticweb.org/magma-core/ontologies/hqdm#kind_of_biological_object>
<http://www.semanticweb.org/magma-core/ontologies/hqdm#kind_of_ordinary_biological_object>	<http://www.w3.org/2000/01/rdf-schema#subClassOf>	<http://www.semanticweb.org/magma-core/ontologies/hqdm#kind_of_ordinary_physical_object>
<http://www.semanticweb.org/magma-core/ontologies/hqdm#kind_of_ordinary_functional_object>	<http://www.w3.org/1999/02/22-rdf-syntax-ns#type>	<http://www.w3.org/2002/07/owl#Class>
<http://www.semanticweb.org/magma-core/ontologies/hqdm#kind_of_ordinary_functional_object>	<http://www.w3.org/2000/01/rdf-schema#subClassOf>	<http://www.semanticweb.org/magma-core/ontologies/hqdm#class_of_ordinary_functional_object>
<http://www.semanticweb.org/magma-core/ontologies/hqdm#kind_of_ordinary_functional_object>	<http://www.w3.org/2000/01/rdf-schema#subClassOf>	<http://www.semanticweb.org/magma-core/ontologies/hqdm#kind_of_functional_object>
<http://www.semanticweb.org/magma-core/ontologies/hqdm#kind_of_ordinary_functional_object>	<http://www.w3.org/2000/01/rdf-schema#subClassOf>	<http://www.semanticweb.org/magma-core/ontologies/hqdm#kind_of_ordinary_physical_object>
<http://www.semanticweb.org/magma-core/ontologies/hqdm#kind_of_ordinary_physical_object>	<http://www.w3.org/1999/02/22-rdf-syntax-ns#type>	<http://www.w3.org/2002/07/owl#Class>
<http://www.semanticweb.org/magma-core/ontologies/hqdm#kind_of_ordinary_physical_object>	<http://www.w3.org/2000/01/rdf-schema#subClassOf>	<http://www.semanticweb.org/magma-core/ontologies/hqdm#class_of_ordinary_physical_object>
<http://www.semanticweb.org/magma-core/ontologies/hqdm#kind_of_ordinary_physical_object>	<http://www.w3.org/2000/01/rdf-schema#subClassOf>	<http://www.semanticweb.org/magma-core/ontologies/hqdm#class_of_system>
<http://www.semanticweb.org/magma-core/ontologies/hqdm#kind_of_ordinary_physical_object>	<http://www.w3.org/2000/01/rdf-schema#subClassOf>	<http://www.semanticweb.org/magma-core/ontologies/hqdm#kind_of_physical_object>
<http://www.semanticweb.org/magma-core/ontologies/hqdm#kind_of_organization>	<http://www.w3.org/1999/02/22-rdf-syntax-ns#type>	<http://www.w3.org/2002/07/owl#Class>
<http://www.semanticweb.org/magma-core/ontologies/hqdm#kind_of_organization>	<http://www.w3.org/2000/01/rdf-schema#subClassOf>	<http://www.semanticweb.org/magma-core/ontologies/hqdm#class_of_organization>
<http://www.semanticweb.org/magma-core/ontologies/hqdm#kind_of_organization>	<http://www.w3.org/2000/01/rdf-schema#subClassOf>	<http://www.semanticweb.org/magma-core/ontologies/hqdm#kind_of_party>
<http://www.semanticweb.org/magma-core/ontologies/hqdm#kind_of_organization>	<http://www.w3.org/2000/01/rdf-schema#subClassOf>	<http://www.semanticweb.org/magma-core/ontologies/hqdm#kind_of_socially_constructed_object>
<http://www.semanticweb.org/magma-core/ontologies/hqdm#kind_of_organization>	<http://www.w3.org/2000/01/rdf-schema#subClassOf>	_:N433bb03d2aac4643b348252d58905295
<http://www.semanticweb.org/magma-core/ontologies/hqdm#kind_of_organization>	<http://www.w3.org/2000/01/rdf-schema#subClassOf>	_:N4701960494a34c57bac74dda3f251242
<http://www.semanticweb.org/magma-core/ontologies/hqdm#kind_of_organization_component>	<http://www.w3.org/1999/02/22-rdf-syntax-ns#type>	<http://www.w3.org/2002/07/owl#Class>
<http://www.semanticweb.org/magma-core/ontologies/hqdm#kind_of_organization_component>	<http://www.w3.org/2000/01/rdf-schema#subClassOf>	<http://www.semanticweb.org/magma-core/ontologies/hqdm#class_of_organization_component>
<http://www.semanticweb.org/magma-core/ontologies/hqdm#kind_of_organization_component>	<http://www.w3.org/2000/01/rdf-schema#subClassOf>	<http://www.semanticweb.org/magma-core/ontologies/hqdm#kind_of_socially_constructed_object>
<http://www.semanticweb.org/magma-core/ontologies/hqdm#kind_of_organization_component>	<http://www.w3.org/2000/01/rdf-schema#subClassOf>	<http://www.semanticweb.org/magma-core/ontologies/hqdm#kind_of_system_component>
<http://www.semanticweb.org/magma-core/ontologies/hqdm#kind_of_party>	<http://www.w3.org/1999/02/22-rdf-syntax-ns#type>	<http://www.w3.org/2002/07/owl#Class>
<http://www.semanticweb.org/magma-core/ontologies/hqdm#kind_of_party>	<http://www.w3.org/2000/01/rdf-schema#subClassOf>	<http://www.semanticweb.org/magma-core/ontologies/hqdm#class_of_party>
<http://www.semanticweb.org/magma-core/ontologies/hqdm#kind_of_party>	<http://www.w3.org/2000/01/rdf-schema#subClassOf>	<http://www.semanticweb.org/magma-core/ontologies/hqdm#kind_of_system>
<http://www.semanticweb.org/magma-core/ontologies/hqdm#kind_of_person>	<http://www.w3.org/1999/02/22-rdf-syntax-ns#type>	<http://www.w3.org/2002/07/owl#Class>
<http://www.semanticweb.org/magma-core/ontologies/hqdm#kind_of_person>	<http://www.w3.org/2000/01/rdf-schema#subClassOf>	<http://www.semanticweb.org/magma-core/ontologies/hqdm#class_of_person>
<http://www.semanticweb.org/magma-core/ontologies/hqdm#kind_of_person>	<http://www.w3.org/2000/01/rdf-schema#subClassOf>	<http://www.semanticweb.org/magma-core/ontologies/hqdm#kind_of_party>
<http://www.semanticweb.org/magma-core/ontologies/hqdm#kind_of_physical_object>	<http://www.w3.org/1999/02/22-rdf-syntax-ns#type>	<http://www.w3.org/2002/07/owl#Class>
<http://www.semanticweb.org/magma-core/ontologies/hqdm#kind_of_physical_object>	<http://www.w3.org/2000/01/rdf-schema#subClassOf>	<http://www.semanticweb.org/magma-core/ontologies/hqdm#class_of_physical_object>
<http://www.semanticweb.org/magma-core/ontologies/hqdm#kind_of_physical_object>	<http://www.w3.org/2000/01/rdf-schema#subClassOf>	<http://www.semanticweb.org/magma-core/ontologies/hqdm#kind_of_individual>
<http://www.semanticweb.org/magma-core/ontologies/hqdm#kind_of_physical_property>	<http://www.w3.org/1999/02/22-rdf-syntax-ns#type>	<http://www.w3.org/2002/07/owl#Class>
<http://www.semanticweb.org/magma-core/ontologies/hqdm#kind_of_physical_property>	<http://www.w3.org/2000/01/rdf-schema#subClassOf>	<http://www.semanticweb.org/magma-core/ontologies/hqdm#class_of_physical_property>
<http://www.semanticweb.org/magma-core/ontologies/hqdm#kind_of_physical_quantity>	<http://www.w3.org/1999/02/22-rdf-syntax-ns#type>	<http://www.w3.org/2002/07/owl#Class>
<http://www.semanticweb.org/magma-core/ontologies/hqdm#kind_of_physical_quantity>	<http://www.w3.org/2000/01/rdf-schema#subClassOf>	<http://www.semanticweb.org/magma-core/ontologies/hqdm#class_of_physical_quantity>
<http://www.semanticweb.org/magma-core/ontologies/hqdm#kind_of_physical_quantity>	<http://www.w3.org/2000/01/rdf-schema#subClassOf>	<http://www.semanticweb.org/magma-core/ontologies/hqdm#kind_of_physical_property>
<http://www.semanticweb.org/magma-core/ontologies/hqdm#kind_of_position>	<http://www.w3.org/1999/02/22-rdf-syntax-ns#type>	<http://www.w3.org/2002/07/owl#Class>
<http://www.semanticweb.org/magma-core/ontologies/hqdm#kind_of_position>	<http://www.w3.org/2000/01/rdf-schema#subClassOf>	<http://www.semanticweb.org/magma-core/ontologies/hqdm#class_of_position>
<http://www.semanticweb.org/magma-core/ontologies/hqdm#kind_of_position>	<http://www.w3.org/2000/01/rdf-schema#subClassOf>	<http://www.semanticweb.org/magma-core/ontologies/hqdm#kind_of_organization_component>
<http://www.semanticweb.org/magma-core/ontologies/hqdm#kind_of_relationship_with_restriction>	<http://www.w3.org/1999/02/22-rdf-syntax-ns#type>	<http://www.w3.org/2002/07/owl#Class>
<http://www.semanticweb.org/magma-core/ontologies/hqdm#kind_of_relationship_with_restriction>	<http://www.w3.org/2000/01/rdf-schema#subClassOf>	<http://www.semanticweb.org/magma-core/ontologies/hqdm#kind_of_relationship_with_signature>
<http://www.semanticweb.org/magma-core/ontologies/hqdm#kind_of_relationship_with_restriction>	<http://www.w3.org/2000/01/rdf-schema#subClassOf>	_:N4a57dead8b414e6cb4027d6a74a33b16
<http://www.semanticweb.org/magma-core/ontologies/hqdm#kind_of_relationship_with_signature>	<http://www.w3.org/1999/02/22-rdf-syntax-ns#type>	<http://www.w3.org/2002/07/owl#Class>
<http://www.semanticweb.org/magma-core/ontologies/hqdm#kind_of_relationship_with_signature>	<http://www.w3.org/2000/01/rdf-schema#subClassOf>	<http://www.semanticweb.org/magma-core/ontologies/hqdm#class_of_relationship>
<http://www.semanticweb.org/magma-core/ontologies/hqdm#kind_of_relationship_with_signature>	<http://www.w3.org/2000/01/rdf-schema#subClassOf>	_:Naeebd7132a904372a5def5071597451e
<http://www.semanticweb.org/magma-core/ontologies/hqdm#kind_of_socially_constructed_object>	<http://www.w3.org/1999/02/22-rdf-syntax-ns#type>	<http://www.w3.org/2002/07/owl#Class>
<http://www.semanticweb.org/magma-core/ontologies/hqdm#kind_of_socially_constructed_object>	<http://www.w3.org/2000/01/rdf-schema#subClassOf>	<http://www.semanticweb.org/magma-core/ontologies/hqdm#class_of_socially_constructed_object>
<http://www.semanticweb.org/magma-core/ontologies/hqdm#kind_of_socially_constructed_object>	<http://www.w3.org/2000/01/rdf-schema#subClassOf>	<http://www.semanticweb.org/magma-core/ontologies/hqdm#kind_of_intentionally_constructed_object>
<http://www.semanticweb.org/magma-core/ontologies/hqdm#kind_of_system>	<http://www.w3.org/1999/02/22-rdf-syntax-ns#type>	<http://www.w3.org/2002/07/owl#Class>
<http://www.semanticweb.org/magma-core/ontologies/hqdm#kind_of_system>	<http://www.w3.org/2000/01/rdf-schema#subClassOf>	<http://www.semanticweb.org/magma-core/ontologies/hqdm#kind_of_ordinary_physical_object>
<http://www.semanticweb.org/magma-core/ontologies/hqdm#kind_of_system>	<http://www.w3.org/2000/01/rdf-schema#subClassOf>	_:N6021d4c9a2c3460a8a196219b7976a9e
<http://www.semanticweb.org/magma-core/ontologies/hqdm#kind_of_system_component>	<http://www.w3.org/1999/02/22-rdf-syntax-ns#type>	<http://www.w3.org/2002/07/owl#Class>
<http://www.semanticweb.org/magma-core/ontologies/hqdm#kind_of_system_component>	<http://www.w3.org/2000/01/rdf-schema#subClassOf>	<http://www.semanticweb.org/magma-core/ontologies/hqdm#class_of_system_component>
<http://www.semanticweb.org/magma-core/ontologies/hqdm#kind_of_system_component>	<http://www.w3.org/2000/01/rdf-schema#subClassOf>	<http://www.semanticweb.org/magma-core/ontologies/hqdm#kind_of_physical_object>
<http://www.semanticweb.org/magma-core/ontologies/hqdm#language_community>	<http://www.w3.org/1999/02/22-rdf-syntax-ns#type>	<http://www.w3.org/2002/07/owl#Class>
<http://www.semanticweb.org/magma-core/ontologies/hqdm#language_community>	<http://www.w3.org/2000/01/rdf-schema#subClassOf>	<http://www.semanticweb.org/magma-core/ontologies/hqdm#organization>
<http://www.semanticweb.org/magma-core/ontologies/hqdm#language_community>	<http://www.w3.org/2000/01/rdf-schema#subClassOf>	<http://www.semanticweb.org/magma-core/ontologies/hqdm#state_of_language_community>
<http://www.semanticweb.org/magma-core/ontologies/hqdm#lower_bound>	<http://www.w3.org/1999/02/22-rdf-syntax-ns#type>	<http://www.w3.org/2002/07/owl#ObjectProperty>
<http://www.semanticweb.org/magma-core/ontologies/hqdm#lower_bound>	<http://www.w3.org/2000/01/rdf-schema#domain>	<http://www.semanticweb.org/magma-core/ontologies/hqdm#physical_quantity_range>
<http://www.semanticweb.org/magma-core/ontologies/hqdm#lower_bound>	<http://www.w3.org/2000/01/rdf-schema#range>	<http://www.semanticweb.org/magma-core/ontologies/hqdm#physical_quantity>
<http://www.semanticweb.org/magma-core/ontologies/hqdm#meets_specification>	<http://www.w3.org/1999/02/22-rdf-syntax-ns#type>	<http://www.w3.org/2002/07/owl#ObjectProperty>
<http://www.semanticweb.org/magma-core/ontologies/hqdm#meets_specification>	<http://www.w3.org/2000/01/rdf-schema#domain>	<http://www.semanticweb.org/magma-core/ontologies/hqdm#sales_product>
<http://www.semanticweb.org/magma-core/ontologies/hqdm#meets_specification>	<http://www.w3.org/2000/01/rdf-schema#range>	<http://www.semanticweb.org/magma-core/ontologies/hqdm#requirement_specification>
<http://www.semanticweb.org/magma-core/ontologies/hqdm#member>	<http://www.w3.org/1999/02/22-rdf-syntax-ns#type>	<http://www.w3.org/2002/07/owl#ObjectProperty>
<http://www.semanticweb.org/magma-core/ontologies/hqdm#member>	<http://www.w3.org/2000/01/rdf-schema#comment>	"A relationship type where a classification has exactly one member."
<http://www.semanticweb.org/magma-core/ontologies/hqdm#member>	<http://www.w3.org/2000/01/rdf-schema#domain>	<http://www.semanticweb.org/magma-core/ontologies/hqdm#classification>
<http://www.semanticweb.org/magma-core/ontologies/hqdm#member>	<http://www.w3.org/2000/01/rdf-schema#range>	<http://www.semanticweb.org/magma-core/ontologies/hqdm#thing>
<http://www.semanticweb.org/magma-core/ontologies/hqdm#member>	<http://www.w3.org/2000/01/rdf-schema#subPropertyOf>	<http://www.semanticweb.org/magma-core/ontologies/hqdm#member_set>
<http://www.semanticweb.org/magma-core/ontologies/hqdm#member__of>	<http://www.w3.org/1999/02/22-rdf-syntax-ns#type>	<http://www.w3.org/2002/07/owl#ObjectProperty>
<http://www.semanticweb.org/magma-core/ontologies/hqdm#member__of>	<http://www.w3.org/2000/01/rdf-schema#comment>	"A relationship type where a thing may be a member of one or more class.\nNote: This relationship type is the same as the entity type classification."
<http://www.semanticweb.org/magma-core/ontologies/hqdm#member__of>	<http://www.w3.org/2000/01/rdf-schema#domain>	<http://www.semanticweb.org/magma-core/ontologies/hqdm#thing>
<http://www.semanticweb.org/magma-core/ontologies/hqdm#member__of>	<http://www.w3.org/2000/01/rdf-schema#range>	<http://www.semanticweb.org/magma-core/ontologies/hqdm#class>
<http://www.semanticweb.org/magma-core/ontologies/hqdm#member__of>	<http://www.w3.org/2000/01/rdf-schema#subPropertyOf>	<http://www.semanticweb.org/magma-core/ontologies/hqdm#member_set>
<http://www.semanticweb.org/magma-core/ontologies/hqdm#member_of>	<http://www.w3.org/1999/02/22-rdf-syntax-ns#type>	<http://www.w3.org/2002/07/owl#ObjectProperty>
<http://www.semanticweb.org/magma-core/ontologies/hqdm#member_of>	<http://www.w3.org/2000/01/rdf-schema#comment>	"A member_of relationship type where a relationship is a member_of a class_of_relationship. NOTE: Ambiguous RDF created in version 4+ of this upper ontology.  As this is a shared relationship between two pairs of entity types it MAY be logically possible to create relationships between the domain of one intended use of this relationship and a range from the other."
<http://www.semanticweb.org/magma-core/ontologies/hqdm#member_of>	<http://www.w3.org/2000/01/rdf-schema#domain>	<http://www.semanticweb.org/magma-core/ontologies/hqdm#activity>
<http://www.semanticweb.org/magma-core/ontologies/hqdm#member_of>	<http://www.w3.org/2000/01/rdf-schema#domain>	<http://www.semanticweb.org/magma-core/ontologies/hqdm#agree_contract>
<http://www.semanticweb.org/magma-core/ontologies/hqdm#member_of>	<http://www.w3.org/2000/01/rdf-schema#domain>	<http://www.semanticweb.org/magma-core/ontologies/hqdm#agreement_execution>
<http://www.semanticweb.org/magma-core/ontologies/hqdm#member_of>	<http://www.w3.org/2000/01/rdf-schema#domain>	<http://www.semanticweb.org/magma-core/ontologies/hqdm#agreement_process>
<http://www.semanticweb.org/magma-core/ontologies/hqdm#member_of>	<http://www.w3.org/2000/01/rdf-schema#domain>	<http://www.semanticweb.org/magma-core/ontologies/hqdm#amount_of_money>
<http://www.semanticweb.org/magma-core/ontologies/hqdm#member_of>	<http://www.w3.org/2000/01/rdf-schema#domain>	<http://www.semanticweb.org/magma-core/ontologies/hqdm#association>
<http://www.semanticweb.org/magma-core/ontologies/hqdm#member_of>	<http://www.w3.org/2000/01/rdf-schema#domain>	<http://www.semanticweb.org/magma-core/ontologies/hqdm#biological_object>
<http://www.semanticweb.org/magma-core/ontologies/hqdm#member_of>	<http://www.w3.org/2000/01/rdf-schema#domain>	<http://www.semanticweb.org/magma-core/ontologies/hqdm#biological_system>
<http://www.semanticweb.org/magma-core/ontologies/hqdm#member_of>	<http://www.w3.org/2000/01/rdf-schema#domain>	<http://www.semanticweb.org/magma-core/ontologies/hqdm#biological_system_component>
<http://www.semanticweb.org/magma-core/ontologies/hqdm#member_of>	<http://www.w3.org/2000/01/rdf-schema#domain>	<http://www.semanticweb.org/magma-core/ontologies/hqdm#class>
<http://www.semanticweb.org/magma-core/ontologies/hqdm#member_of>	<http://www.w3.org/2000/01/rdf-schema#domain>	<http://www.semanticweb.org/magma-core/ontologies/hqdm#contract_execution>
<http://www.semanticweb.org/magma-core/ontologies/hqdm#member_of>	<http://www.w3.org/2000/01/rdf-schema#domain>	<http://www.semanticweb.org/magma-core/ontologies/hqdm#contract_process>
<http://www.semanticweb.org/magma-core/ontologies/hqdm#member_of>	<http://www.w3.org/2000/01/rdf-schema#domain>	<http://www.semanticweb.org/magma-core/ontologies/hqdm#event>
<http://www.semanticweb.org/magma-core/ontologies/hqdm#member_of>	<http://www.w3.org/2000/01/rdf-schema#domain>	<http://www.semanticweb.org/magma-core/ontologies/hqdm#functional_object>
<http://www.semanticweb.org/magma-core/ontologies/hqdm#member_of>	<http://www.w3.org/2000/01/rdf-schema#domain>	<http://www.semanticweb.org/magma-core/ontologies/hqdm#functional_system>
<http://www.semanticweb.org/magma-core/ontologies/hqdm#member_of>	<http://www.w3.org/2000/01/rdf-schema#domain>	<http://www.semanticweb.org/magma-core/ontologies/hqdm#functional_system_component>
<http://www.semanticweb.org/magma-core/ontologies/hqdm#member_of>	<http://www.w3.org/2000/01/rdf-schema#domain>	<http://www.semanticweb.org/magma-core/ontologies/hqdm#in_place_biological_component>
<http://www.semanticweb.org/magma-core/ontologies/hqdm#member_of>	<http://www.w3.org/2000/01/rdf-schema#domain>	<http://www.semanticweb.org/magma-core/ontologies/hqdm#individual>
<http://www.semanticweb.org/magma-core/ontologies/hqdm#member_of>	<http://www.w3.org/2000/01/rdf-schema#domain>	<http://www.semanticweb.org/magma-core/ontologies/hqdm#installed_functional_system_component>
<http://www.semanticweb.org/magma-core/ontologies/hqdm#member_of>	<http://www.w3.org/2000/01/rdf-schema#domain>	<http://www.semanticweb.org/magma-core/ontologies/hqdm#installed_object>
<http://www.semanticweb.org/magma-core/ontologies/hqdm#member_of>	<http://www.w3.org/2000/01/rdf-schema#domain>	<http://www.semanticweb.org/magma-core/ontologies/hqdm#intentionally_constructed_object>
<http://www.semanticweb.org/magma-core/ontologies/hqdm#member_of>	<http://www.w3.org/2000/01/rdf-schema#domain>	<http://www.semanticweb.org/magma-core/ontologies/hqdm#offer>
<http://www.semanticweb.org/magma-core/ontologies/hqdm#member_of>	<http://www.w3.org/2000/01/rdf-schema#domain>	<http://www.semanticweb.org/magma-core/ontologies/hqdm#ordinary_biological_object>
<http://www.semanticweb.org/magma-core/ontologies/hqdm#member_of>	<http://www.w3.org/2000/01/rdf-schema#domain>	<http://www.semanticweb.org/magma-core/ontologies/hqdm#ordinary_functional_object>
<http://www.semanticweb.org/magma-core/ontologies/hqdm#member_of>	<http://www.w3.org/2000/01/rdf-schema#domain>	<http://www.semanticweb.org/magma-core/ontologies/hqdm#ordinary_physical_object>
<http://www.semanticweb.org/magma-core/ontologies/hqdm#member_of>	<http://www.w3.org/2000/01/rdf-schema#domain>	<http://www.semanticweb.org/magma-core/ontologies/hqdm#organization>
<http://www.semanticweb.org/magma-core/ontologies/hqdm#member_of>	<http://www.w3.org/2000/01/rdf-schema#domain>	<http://www.semanticweb.org/magma-core/ontologies/hqdm#organization_component>
<http://www.semanticweb.org/magma-core/ontologies/hqdm#member_of>	<http://www.w3.org/2000/01/rdf-schema#domain>	<http://www.semanticweb.org/magma-core/ontologies/hqdm#participant>
<http://www.semanticweb.org/magma-core/ontologies/hqdm#member_of>	<http://www.w3.org/2000/01/rdf-schema#domain>	<http://www.semanticweb.org/magma-core/ontologies/hqdm#party>
<http://www.semanticweb.org/magma-core/ontologies/hqdm#member_of>	<http://www.w3.org/2000/01/rdf-schema#domain>	<http://www.semanticweb.org/magma-core/ontologies/hqdm#period_of_time>
<http://www.semanticweb.org/magma-core/ontologies/hqdm#member_of>	<http://www.w3.org/2000/01/rdf-schema#domain>	<http://www.semanticweb.org/magma-core/ontologies/hqdm#person>
<http://www.semanticweb.org/magma-core/ontologies/hqdm#member_of>	<http://www.w3.org/2000/01/rdf-schema#domain>	<http://www.semanticweb.org/magma-core/ontologies/hqdm#person_in_position>
<http://www.semanticweb.org/magma-core/ontologies/hqdm#member_of>	<http://www.w3.org/2000/01/rdf-schema#domain>	<http://www.semanticweb.org/magma-core/ontologies/hqdm#physical_object>
<http://www.semanticweb.org/magma-core/ontologies/hqdm#member_of>	<http://www.w3.org/2000/01/rdf-schema#domain>	<http://www.semanticweb.org/magma-core/ontologies/hqdm#physical_property>
<http://www.semanticweb.org/magma-core/ontologies/hqdm#member_of>	<http://www.w3.org/2000/01/rdf-schema#domain>	<http://www.semanticweb.org/magma-core/ontologies/hqdm#physical_quantity>
<http://www.semanticweb.org/magma-core/ontologies/hqdm#member_of>	<http://www.w3.org/2000/01/rdf-schema#domain>	<http://www.semanticweb.org/magma-core/ontologies/hqdm#point_in_time>
<http://www.semanticweb.org/magma-core/ontologies/hqdm#member_of>	<http://www.w3.org/2000/01/rdf-schema#domain>	<http://www.semanticweb.org/magma-core/ontologies/hqdm#position>
<http://www.semanticweb.org/magma-core/ontologies/hqdm#member_of>	<http://www.w3.org/2000/01/rdf-schema#domain>	<http://www.semanticweb.org/magma-core/ontologies/hqdm#possible_world>
<http://www.semanticweb.org/magma-core/ontologies/hqdm#member_of>	<http://www.w3.org/2000/01/rdf-schema#domain>	<http://www.semanticweb.org/magma-core/ontologies/hqdm#reaching_agreement>
<http://www.semanticweb.org/magma-core/ontologies/hqdm#member_of>	<http://www.w3.org/2000/01/rdf-schema#domain>	<http://www.semanticweb.org/magma-core/ontologies/hqdm#relationship>
<http://www.semanticweb.org/magma-core/ontologies/hqdm#member_of>	<http://www.w3.org/2000/01/rdf-schema#domain>	<http://www.semanticweb.org/magma-core/ontologies/hqdm#representation_by_sign>
<http://www.semanticweb.org/magma-core/ontologies/hqdm#member_of>	<http://www.w3.org/2000/01/rdf-schema#domain>	<http://www.semanticweb.org/magma-core/ontologies/hqdm#sales_product_instance>
<http://www.semanticweb.org/magma-core/ontologies/hqdm#member_of>	<http://www.w3.org/2000/01/rdf-schema#domain>	<http://www.semanticweb.org/magma-core/ontologies/hqdm#sign>
<http://www.semanticweb.org/magma-core/ontologies/hqdm#member_of>	<http://www.w3.org/2000/01/rdf-schema#domain>	<http://www.semanticweb.org/magma-core/ontologies/hqdm#socially_constructed_activity>
<http://www.semanticweb.org/magma-core/ontologies/hqdm#member_of>	<http://www.w3.org/2000/01/rdf-schema#domain>	<http://www.semanticweb.org/magma-core/ontologies/hqdm#socially_constructed_object>
<http://www.semanticweb.org/magma-core/ontologies/hqdm#member_of>	<http://www.w3.org/2000/01/rdf-schema#domain>	<http://www.semanticweb.org/magma-core/ontologies/hqdm#spatio_temporal_extent>
<http://www.semanticweb.org/magma-core/ontologies/hqdm#member_of>	<http://www.w3.org/2000/01/rdf-schema#domain>	<http://www.semanticweb.org/magma-core/ontologies/hqdm#state>
<http://www.semanticweb.org/magma-core/ontologies/hqdm#member_of>	<http://www.w3.org/2000/01/rdf-schema#domain>	<http://www.semanticweb.org/magma-core/ontologies/hqdm#state_of_activity>
<http://www.semanticweb.org/magma-core/ontologies/hqdm#member_of>	<http://www.w3.org/2000/01/rdf-schema#domain>	<http://www.semanticweb.org/magma-core/ontologies/hqdm#state_of_amount_of_money>
<http://www.semanticweb.org/magma-core/ontologies/hqdm#member_of>	<http://www.w3.org/2000/01/rdf-schema#domain>	<http://www.semanticweb.org/magma-core/ontologies/hqdm#state_of_association>
<http://www.semanticweb.org/magma-core/ontologies/hqdm#member_of>	<http://www.w3.org/2000/01/rdf-schema#domain>	<http://www.semanticweb.org/magma-core/ontologies/hqdm#state_of_biological_object>
<http://www.semanticweb.org/magma-core/ontologies/hqdm#member_of>	<http://www.w3.org/2000/01/rdf-schema#domain>	<http://www.semanticweb.org/magma-core/ontologies/hqdm#state_of_biological_system>
<http://www.semanticweb.org/magma-core/ontologies/hqdm#member_of>	<http://www.w3.org/2000/01/rdf-schema#domain>	<http://www.semanticweb.org/magma-core/ontologies/hqdm#state_of_biological_system_component>
<http://www.semanticweb.org/magma-core/ontologies/hqdm#member_of>	<http://www.w3.org/2000/01/rdf-schema#domain>	<http://www.semanticweb.org/magma-core/ontologies/hqdm#state_of_functional_object>
<http://www.semanticweb.org/magma-core/ontologies/hqdm#member_of>	<http://www.w3.org/2000/01/rdf-schema#domain>	<http://www.semanticweb.org/magma-core/ontologies/hqdm#state_of_functional_system>
<http://www.semanticweb.org/magma-core/ontologies/hqdm#member_of>	<http://www.w3.org/2000/01/rdf-schema#domain>	<http://www.semanticweb.org/magma-core/ontologies/hqdm#state_of_functional_system_component>
<http://www.semanticweb.org/magma-core/ontologies/hqdm#member_of>	<http://www.w3.org/2000/01/rdf-schema#domain>	<http://www.semanticweb.org/magma-core/ontologies/hqdm#state_of_intentionally_constructed_object>
<http://www.semanticweb.org/magma-core/ontologies/hqdm#member_of>	<http://www.w3.org/2000/01/rdf-schema#domain>	<http://www.semanticweb.org/magma-core/ontologies/hqdm#state_of_ordinary_biological_object>
<http://www.semanticweb.org/magma-core/ontologies/hqdm#member_of>	<http://www.w3.org/2000/01/rdf-schema#domain>	<http://www.semanticweb.org/magma-core/ontologies/hqdm#state_of_ordinary_functional_object>
<http://www.semanticweb.org/magma-core/ontologies/hqdm#member_of>	<http://www.w3.org/2000/01/rdf-schema#domain>	<http://www.semanticweb.org/magma-core/ontologies/hqdm#state_of_ordinary_physical_object>
<http://www.semanticweb.org/magma-core/ontologies/hqdm#member_of>	<http://www.w3.org/2000/01/rdf-schema#domain>	<http://www.semanticweb.org/magma-core/ontologies/hqdm#state_of_organization>
<http://www.semanticweb.org/magma-core/ontologies/hqdm#member_of>	<http://www.w3.org/2000/01/rdf-schema#domain>	<http://www.semanticweb.org/magma-core/ontologies/hqdm#state_of_organization_component>
<http://www.semanticweb.org/magma-core/ontologies/hqdm#member_of>	<http://www.w3.org/2000/01/rdf-schema#domain>	<http://www.semanticweb.org/magma-core/ontologies/hqdm#state_of_party>
<http://www.semanticweb.org/magma-core/ontologies/hqdm#member_of>	<http://www.w3.org/2000/01/rdf-schema#domain>	<http://www.semanticweb.org/magma-core/ontologies/hqdm#state_of_person>
<http://www.semanticweb.org/magma-core/ontologies/hqdm#member_of>	<http://www.w3.org/2000/01/rdf-schema#domain>	<http://www.semanticweb.org/magma-core/ontologies/hqdm#state_of_physical_object>
<http://www.semanticweb.org/magma-core/ontologies/hqdm#member_of>	<http://www.w3.org/2000/01/rdf-schema#domain>	<http://www.semanticweb.org/magma-core/ontologies/hqdm#state_of_position>
<http://www.semanticweb.org/magma-core/ontologies/hqdm#member_of>	<http://www.w3.org/2000/01/rdf-schema#domain>	<http://www.semanticweb.org/magma-core/ontologies/hqdm#state_of_sales_product_instance>
<http://www.semanticweb.org/magma-core/ontologies/hqdm#member_of>	<http://www.w3.org/2000/01/rdf-schema#domain>	<http://www.semanticweb.org/magma-core/ontologies/hqdm#state_of_sign>
<http://www.semanticweb.org/magma-core/ontologies/hqdm#member_of>	<http://www.w3.org/2000/01/rdf-schema#domain>	<http://www.semanticweb.org/magma-core/ontologies/hqdm#state_of_socially_constructed_object>
<http://www.semanticweb.org/magma-core/ontologies/hqdm#member_of>	<http://www.w3.org/2000/01/rdf-schema#domain>	<http://www.semanticweb.org/magma-core/ontologies/hqdm#state_of_system>
<http://www.semanticweb.org/magma-core/ontologies/hqdm#member_of>	<http://www.w3.org/2000/01/rdf-schema#domain>	<http://www.semanticweb.org/magma-core/ontologies/hqdm#state_of_system_component>
<http://www.semanticweb.org/magma-core/ontologies/hqdm#member_of>	<http://www.w3.org/2000/01/rdf-schema#domain>	<http://www.semanticweb.org/magma-core/ontologies/hqdm#system>
<http://www.semanticweb.org/magma-core/ontologies/hqdm#member_of>	<http://www.w3.org/2000/01/rdf-schema#domain>	<http://www.semanticweb.org/magma-core/ontologies/hqdm#system_component>
<http://www.semanticweb.org/magma-core/ontologies/hqdm#member_of>	<http://www.w3.org/2000/01/rdf-schema#range>	<http://www.semanticweb.org/magma-core/ontologies/hqdm#class_of_activity>
<http://www.semanticweb.org/magma-core/ontologies/hqdm#member_of>	<http://www.w3.org/2000/01/rdf-schema#range>	<http://www.semanticweb.org/magma-core/ontologies/hqdm#class_of_agree_contract>
<http://www.semanticweb.org/magma-core/ontologies/hqdm#member_of>	<http://www.w3.org/2000/01/rdf-schema#range>	<http://www.semanticweb.org/magma-core/ontologies/hqdm#class_of_agreement_execution>
<http://www.semanticweb.org/magma-core/ontologies/hqdm#member_of>	<http://www.w3.org/2000/01/rdf-schema#range>	<http://www.semanticweb.org/magma-core/ontologies/hqdm#class_of_agreement_process>
<http://www.semanticweb.org/magma-core/ontologies/hqdm#member_of>	<http://www.w3.org/2000/01/rdf-schema#range>	<http://www.semanticweb.org/magma-core/ontologies/hqdm#class_of_amount_of_money>
<http://www.semanticweb.org/magma-core/ontologies/hqdm#member_of>	<http://www.w3.org/2000/01/rdf-schema#range>	<http://www.semanticweb.org/magma-core/ontologies/hqdm#class_of_biological_object>
<http://www.semanticweb.org/magma-core/ontologies/hqdm#member_of>	<http://www.w3.org/2000/01/rdf-schema#range>	<http://www.semanticweb.org/magma-core/ontologies/hqdm#class_of_biological_system>
<http://www.semanticweb.org/magma-core/ontologies/hqdm#member_of>	<http://www.w3.org/2000/01/rdf-schema#range>	<http://www.semanticweb.org/magma-core/ontologies/hqdm#class_of_biological_system_component>
<http://www.semanticweb.org/magma-core/ontologies/hqdm#member_of>	<http://www.w3.org/2000/01/rdf-schema#range>	<http://www.semanticweb.org/magma-core/ontologies/hqdm#class_of_class>
<http://www.semanticweb.org/magma-core/ontologies/hqdm#member_of>	<http://www.w3.org/2000/01/rdf-schema#range>	<http://www.semanticweb.org/magma-core/ontologies/hqdm#class_of_contract_execution>
<http://www.semanticweb.org/magma-core/ontologies/hqdm#member_of>	<http://www.w3.org/2000/01/rdf-schema#range>	<http://www.semanticweb.org/magma-core/ontologies/hqdm#class_of_contract_process>
<http://www.semanticweb.org/magma-core/ontologies/hqdm#member_of>	<http://www.w3.org/2000/01/rdf-schema#range>	<http://www.semanticweb.org/magma-core/ontologies/hqdm#class_of_event>
<http://www.semanticweb.org/magma-core/ontologies/hqdm#member_of>	<http://www.w3.org/2000/01/rdf-schema#range>	<http://www.semanticweb.org/magma-core/ontologies/hqdm#class_of_functional_object>
<http://www.semanticweb.org/magma-core/ontologies/hqdm#member_of>	<http://www.w3.org/2000/01/rdf-schema#range>	<http://www.semanticweb.org/magma-core/ontologies/hqdm#class_of_functional_system>
<http://www.semanticweb.org/magma-core/ontologies/hqdm#member_of>	<http://www.w3.org/2000/01/rdf-schema#range>	<http://www.semanticweb.org/magma-core/ontologies/hqdm#class_of_functional_system_component>
<http://www.semanticweb.org/magma-core/ontologies/hqdm#member_of>	<http://www.w3.org/2000/01/rdf-schema#range>	<http://www.semanticweb.org/magma-core/ontologies/hqdm#class_of_in_place_biological_component>
<http://www.semanticweb.org/magma-core/ontologies/hqdm#member_of>	<http://www.w3.org/2000/01/rdf-schema#range>	<http://www.semanticweb.org/magma-core/ontologies/hqdm#class_of_individual>
<http://www.semanticweb.org/magma-core/ontologies/hqdm#member_of>	<http://www.w3.org/2000/01/rdf-schema#range>	<http://www.semanticweb.org/magma-core/ontologies/hqdm#class_of_installed_functional_system_component>
<http://www.semanticweb.org/magma-core/ontologies/hqdm#member_of>	<http://www.w3.org/2000/01/rdf-schema#range>	<http://www.semanticweb.org/magma-core/ontologies/hqdm#class_of_installed_object>
<http://www.semanticweb.org/magma-core/ontologies/hqdm#member_of>	<http://www.w3.org/2000/01/rdf-schema#range>	<http://www.semanticweb.org/magma-core/ontologies/hqdm#class_of_intentionally_constructed_object>
<http://www.semanticweb.org/magma-core/ontologies/hqdm#member_of>	<http://www.w3.org/2000/01/rdf-schema#range>	<http://www.semanticweb.org/magma-core/ontologies/hqdm#class_of_offer>
<http://www.semanticweb.org/magma-core/ontologies/hqdm#member_of>	<http://www.w3.org/2000/01/rdf-schema#range>	<http://www.semanticweb.org/magma-core/ontologies/hqdm#class_of_ordinary_biological_object>
<http://www.semanticweb.org/magma-core/ontologies/hqdm#member_of>	<http://www.w3.org/2000/01/rdf-schema#range>	<http://www.semanticweb.org/magma-core/ontologies/hqdm#class_of_ordinary_functional_object>
<http://www.semanticweb.org/magma-core/ontologies/hqdm#member_of>	<http://www.w3.org/2000/01/rdf-schema#range>	<http://www.semanticweb.org/magma-core/ontologies/hqdm#class_of_ordinary_physical_object>
<http://www.semanticweb.org/magma-core/ontologies/hqdm#member_of>	<http://www.w3.org/2000/01/rdf-schema#range>	<http://www.semanticweb.org/magma-core/ontologies/hqdm#class_of_organization>
<http://www.semanticweb.org/magma-core/ontologies/hqdm#member_of>	<http://www.w3.org/2000/01/rdf-schema#range>	<http://www.semanticweb.org/magma-core/ontologies/hqdm#class_of_organization_component>
<http://www.semanticweb.org/magma-core/ontologies/hqdm#member_of>	<http://www.w3.org/2000/01/rdf-schema#range>	<http://www.semanticweb.org/magma-core/ontologies/hqdm#class_of_participant>
<http://www.semanticweb.org/magma-core/ontologies/hqdm#member_of>	<http://www.w3.org/2000/01/rdf-schema#range>	<http://www.semanticweb.org/magma-core/ontologies/hqdm#class_of_party>
<http://www.semanticweb.org/magma-core/ontologies/hqdm#member_of>	<http://www.w3.org/2000/01/rdf-schema#range>	<http://www.semanticweb.org/magma-core/ontologies/hqdm#class_of_period_of_time>
<http://www.semanticweb.org/magma-core/ontologies/hqdm#member_of>	<http://www.w3.org/2000/01/rdf-schema#range>	<http://www.semanticweb.org/magma-core/ontologies/hqdm#class_of_person>
<http://www.semanticweb.org/magma-core/ontologies/hqdm#member_of>	<http://www.w3.org/2000/01/rdf-schema#range>	<http://www.semanticweb.org/magma-core/ontologies/hqdm#class_of_person_in_position>
<http://www.semanticweb.org/magma-core/ontologies/hqdm#member_of>	<http://www.w3.org/2000/01/rdf-schema#range>	<http://www.semanticweb.org/magma-core/ontologies/hqdm#class_of_physical_object>
<http://www.semanticweb.org/magma-core/ontologies/hqdm#member_of>	<http://www.w3.org/2000/01/rdf-schema#range>	<http://www.semanticweb.org/magma-core/ontologies/hqdm#class_of_physical_property>
<http://www.semanticweb.org/magma-core/ontologies/hqdm#member_of>	<http://www.w3.org/2000/01/rdf-schema#range>	<http://www.semanticweb.org/magma-core/ontologies/hqdm#class_of_physical_quantity>
<http://www.semanticweb.org/magma-core/ontologies/hqdm#member_of>	<http://www.w3.org/2000/01/rdf-schema#range>	<http://www.semanticweb.org/magma-core/ontologies/hqdm#class_of_point_in_time>
<http://www.semanticweb.org/magma-core/ontologies/hqdm#member_of>	<http://www.w3.org/2000/01/rdf-schema#range>	<http://www.semanticweb.org/magma-core/ontologies/hqdm#class_of_position>
<http://www.semanticweb.org/magma-core/ontologies/hqdm#member_of>	<http://www.w3.org/2000/01/rdf-schema#range>	<http://www.semanticweb.org/magma-core/ontologies/hqdm#class_of_possible_world>
<http://www.semanticweb.org/magma-core/ontologies/hqdm#member_of>	<http://www.w3.org/2000/01/rdf-schema#range>	<http://www.semanticweb.org/magma-core/ontologies/hqdm#class_of_reaching_agreement>
<http://www.semanticweb.org/magma-core/ontologies/hqdm#member_of>	<http://www.w3.org/2000/01/rdf-schema#range>	<http://www.semanticweb.org/magma-core/ontologies/hqdm#class_of_relationship>
<http://www.semanticweb.org/magma-core/ontologies/hqdm#member_of>	<http://www.w3.org/2000/01/rdf-schema#range>	<http://www.semanticweb.org/magma-core/ontologies/hqdm#class_of_representation>
<http://www.semanticweb.org/magma-core/ontologies/hqdm#member_of>	<http://www.w3.org/2000/01/rdf-schema#range>	<http://www.semanticweb.org/magma-core/ontologies/hqdm#class_of_sales_product_instance>
<http://www.semanticweb.org/magma-core/ontologies/hqdm#member_of>	<http://www.w3.org/2000/01/rdf-schema#range>	<http://www.semanticweb.org/magma-core/ontologies/hqdm#class_of_sign>
<http://www.semanticweb.org/magma-core/ontologies/hqdm#member_of>	<http://www.w3.org/2000/01/rdf-schema#range>	<http://www.semanticweb.org/magma-core/ontologies/hqdm#class_of_socially_constructed_activity>
<http://www.semanticweb.org/magma-core/ontologies/hqdm#member_of>	<http://www.w3.org/2000/01/rdf-schema#range>	<http://www.semanticweb.org/magma-core/ontologies/hqdm#class_of_socially_constructed_object>
<http://www.semanticweb.org/magma-core/ontologies/hqdm#member_of>	<http://www.w3.org/2000/01/rdf-schema#range>	<http://www.semanticweb.org/magma-core/ontologies/hqdm#class_of_spatio_temporal_extent>
<http://www.semanticweb.org/magma-core/ontologies/hqdm#member_of>	<http://www.w3.org/2000/01/rdf-schema#range>	<http://www.semanticweb.org/magma-core/ontologies/hqdm#class_of_state>
<http://www.semanticweb.org/magma-core/ontologies/hqdm#member_of>	<http://www.w3.org/2000/01/rdf-schema#range>	<http://www.semanticweb.org/magma-core/ontologies/hqdm#class_of_state_of_activity>
<http://www.semanticweb.org/magma-core/ontologies/hqdm#member_of>	<http://www.w3.org/2000/01/rdf-schema#range>	<http://www.semanticweb.org/magma-core/ontologies/hqdm#class_of_state_of_amount_of_money>
<http://www.semanticweb.org/magma-core/ontologies/hqdm#member_of>	<http://www.w3.org/2000/01/rdf-schema#range>	<http://www.semanticweb.org/magma-core/ontologies/hqdm#class_of_state_of_association>
<http://www.semanticweb.org/magma-core/ontologies/hqdm#member_of>	<http://www.w3.org/2000/01/rdf-schema#range>	<http://www.semanticweb.org/magma-core/ontologies/hqdm#class_of_state_of_biological_object>
<http://www.semanticweb.org/magma-core/ontologies/hqdm#member_of>	<http://www.w3.org/2000/01/rdf-schema#range>	<http://www.semanticweb.org/magma-core/ontologies/hqdm#class_of_state_of_biological_system>
<http://www.semanticweb.org/magma-core/ontologies/hqdm#member_of>	<http://www.w3.org/2000/01/rdf-schema#range>	<http://www.semanticweb.org/magma-core/ontologies/hqdm#class_of_state_of_biological_system_component>
<http://www.semanticweb.org/magma-core/ontologies/hqdm#member_of>	<http://www.w3.org/2000/01/rdf-schema#range>	<http://www.semanticweb.org/magma-core/ontologies/hqdm#class_of_state_of_functional_object>
<http://www.semanticweb.org/magma-core/ontologies/hqdm#member_of>	<http://www.w3.org/2000/01/rdf-schema#range>	<http://www.semanticweb.org/magma-core/ontologies/hqdm#class_of_state_of_functional_system>
<http://www.semanticweb.org/magma-core/ontologies/hqdm#member_of>	<http://www.w3.org/2000/01/rdf-schema#range>	<http://www.semanticweb.org/magma-core/ontologies/hqdm#class_of_state_of_functional_system_component>
<http://www.semanticweb.org/magma-core/ontologies/hqdm#member_of>	<http://www.w3.org/2000/01/rdf-schema#range>	<http://www.semanticweb.org/magma-core/ontologies/hqdm#class_of_state_of_intentionally_constructed_object>
<http://www.semanticweb.org/magma-core/ontologies/hqdm#member_of>	<http://www.w3.org/2000/01/rdf-schema#range>	<http://www.semanticweb.org/magma-core/ontologies/hqdm#class_of_state_of_ordinary_biological_object>
<http://www.semanticweb.org/magma-core/ontologies/hqdm#member_of>	<http://www.w3.org/2000/01/rdf-schema#range>	<http://www.semanticweb.org/magma-core/ontologies/hqdm#class_of_state_of_ordinary_functional_object>
<http://www.semanticweb.org/magma-core/ontologies/hqdm#member_of>	<http://www.w3.org/2000/01/rdf-schema#range>	<http://www.semanticweb.org/magma-core/ontologies/hqdm#class_of_state_of_ordinary_physical_object>
<http://www.semanticweb.org/magma-core/ontologies/hqdm#member_of>	<http://www.w3.org/2000/01/rdf-schema#range>	<http://www.semanticweb.org/magma-core/ontologies/hqdm#class_of_state_of_organization>
<http://www.semanticweb.org/magma-core/ontologies/hqdm#member_of>	<http://www.w3.org/2000/01/rdf-schema#range>	<http://www.semanticweb.org/magma-core/ontologies/hqdm#class_of_state_of_organization_component>
<http://www.semanticweb.org/magma-core/ontologies/hqdm#member_of>	<http://www.w3.org/2000/01/rdf-schema#range>	<http://www.semanticweb.org/magma-core/ontologies/hqdm#class_of_state_of_party>
<http://www.semanticweb.org/magma-core/ontologies/hqdm#member_of>	<http://www.w3.org/2000/01/rdf-schema#range>	<http://www.semanticweb.org/magma-core/ontologies/hqdm#class_of_state_of_person>
<http://www.semanticweb.org/magma-core/ontologies/hqdm#member_of>	<http://www.w3.org/2000/01/rdf-schema#range>	<http://www.semanticweb.org/magma-core/ontologies/hqdm#class_of_state_of_physical_object>
<http://www.semanticweb.org/magma-core/ontologies/hqdm#member_of>	<http://www.w3.org/2000/01/rdf-schema#range>	<http://www.semanticweb.org/magma-core/ontologies/hqdm#class_of_state_of_position>
<http://www.semanticweb.org/magma-core/ontologies/hqdm#member_of>	<http://www.w3.org/2000/01/rdf-schema#range>	<http://www.semanticweb.org/magma-core/ontologies/hqdm#class_of_state_of_sales_product_instance>
<http://www.semanticweb.org/magma-core/ontologies/hqdm#member_of>	<http://www.w3.org/2000/01/rdf-schema#range>	<http://www.semanticweb.org/magma-core/ontologies/hqdm#class_of_state_of_sign>
<http://www.semanticweb.org/magma-core/ontologies/hqdm#member_of>	<http://www.w3.org/2000/01/rdf-schema#range>	<http://www.semanticweb.org/magma-core/ontologies/hqdm#class_of_state_of_socially_constructed_object>
<http://www.semanticweb.org/magma-core/ontologies/hqdm#member_of>	<http://www.w3.org/2000/01/rdf-schema#range>	<http://www.semanticweb.org/magma-core/ontologies/hqdm#class_of_state_of_system>
<http://www.semanticweb.org/magma-core/ontologies/hqdm#member_of>	<http://www.w3.org/2000/01/rdf-schema#range>	<http://www.semanticweb.org/magma-core/ontologies/hqdm#class_of_state_of_system_component>
<http://www.semanticweb.org/magma-core/ontologies/hqdm#member_of>	<http://www.w3.org/2000/01/rdf-schema#range>	<http://www.semanticweb.org/magma-core/ontologies/hqdm#class_of_system>
<http://www.semanticweb.org/magma-core/ontologies/hqdm#member_of>	<http://www.w3.org/2000/01/rdf-schema#range>	<http://www.semanticweb.org/magma-core/ontologies/hqdm#class_of_system_component>
<http://www.semanticweb.org/magma-core/ontologies/hqdm#member_of>	<http://www.w3.org/2000/01/rdf-schema#subPropertyOf>	<http://www.semanticweb.org/magma-core/ontologies/hqdm#member_set>
<http://www.semanticweb.org/magma-core/ontologies/hqdm#member_of_>	<http://www.w3.org/1999/02/22-rdf-syntax-ns#type>	<http://www.w3.org/2002/07/owl#ObjectProperty>
<http://www.semanticweb.org/magma-core/ontologies/hqdm#member_of_>	<http://www.w3.org/2000/01/rdf-schema#domain>	<http://www.semanticweb.org/magma-core/ontologies/hqdm#class_of_spatio_temporal_extent>
<http://www.semanticweb.org/magma-core/ontologies/hqdm#member_of_>	<http://www.w3.org/2000/01/rdf-schema#range>	<http://www.semanticweb.org/magma-core/ontologies/hqdm#class_of_class_of_spatio_temporal_extent>
<http://www.semanticweb.org/magma-core/ontologies/hqdm#member_of_>	<http://www.w3.org/2000/01/rdf-schema#subPropertyOf>	<http://www.semanticweb.org/magma-core/ontologies/hqdm#member_set>
<http://www.semanticweb.org/magma-core/ontologies/hqdm#member_of_currency>	<http://www.w3.org/1999/02/22-rdf-syntax-ns#type>	<http://www.w3.org/2002/07/owl#ObjectProperty>
<http://www.semanticweb.org/magma-core/ontologies/hqdm#member_of_currency>	<http://www.w3.org/2000/01/rdf-schema#domain>	<http://www.semanticweb.org/magma-core/ontologies/hqdm#amount_of_money>
<http://www.semanticweb.org/magma-core/ontologies/hqdm#member_of_currency>	<http://www.w3.org/2000/01/rdf-schema#range>	<http://www.semanticweb.org/magma-core/ontologies/hqdm#currency>
<http://www.semanticweb.org/magma-core/ontologies/hqdm#member_of_currency>	<http://www.w3.org/2000/01/rdf-schema#subPropertyOf>	<http://www.semanticweb.org/magma-core/ontologies/hqdm#member_set>
<http://www.semanticweb.org/magma-core/ontologies/hqdm#member_of_kind>	<http://www.w3.org/1999/02/22-rdf-syntax-ns#type>	<http://www.w3.org/2002/07/owl#ObjectProperty>
<http://www.semanticweb.org/magma-core/ontologies/hqdm#member_of_kind>	<http://www.w3.org/2000/01/rdf-schema#comment>	"a member_of relationship type where each defined_relationship is a member_of exactly one kind_of_relationship_with_signature"
<http://www.semanticweb.org/magma-core/ontologies/hqdm#member_of_kind>	<http://www.w3.org/2000/01/rdf-schema#domain>	<http://www.semanticweb.org/magma-core/ontologies/hqdm#activity>
<http://www.semanticweb.org/magma-core/ontologies/hqdm#member_of_kind>	<http://www.w3.org/2000/01/rdf-schema#domain>	<http://www.semanticweb.org/magma-core/ontologies/hqdm#association>
<http://www.semanticweb.org/magma-core/ontologies/hqdm#member_of_kind>	<http://www.w3.org/2000/01/rdf-schema#domain>	<http://www.semanticweb.org/magma-core/ontologies/hqdm#biological_object>
<http://www.semanticweb.org/magma-core/ontologies/hqdm#member_of_kind>	<http://www.w3.org/2000/01/rdf-schema#domain>	<http://www.semanticweb.org/magma-core/ontologies/hqdm#biological_system>
<http://www.semanticweb.org/magma-core/ontologies/hqdm#member_of_kind>	<http://www.w3.org/2000/01/rdf-schema#domain>	<http://www.semanticweb.org/magma-core/ontologies/hqdm#defined_relationship>
<http://www.semanticweb.org/magma-core/ontologies/hqdm#member_of_kind>	<http://www.w3.org/2000/01/rdf-schema#domain>	<http://www.semanticweb.org/magma-core/ontologies/hqdm#functional_object>
<http://www.semanticweb.org/magma-core/ontologies/hqdm#member_of_kind>	<http://www.w3.org/2000/01/rdf-schema#domain>	<http://www.semanticweb.org/magma-core/ontologies/hqdm#functional_system>
<http://www.semanticweb.org/magma-core/ontologies/hqdm#member_of_kind>	<http://www.w3.org/2000/01/rdf-schema#domain>	<http://www.semanticweb.org/magma-core/ontologies/hqdm#functional_system_component>
<http://www.semanticweb.org/magma-core/ontologies/hqdm#member_of_kind>	<http://www.w3.org/2000/01/rdf-schema#domain>	<http://www.semanticweb.org/magma-core/ontologies/hqdm#individual>
<http://www.semanticweb.org/magma-core/ontologies/hqdm#member_of_kind>	<http://www.w3.org/2000/01/rdf-schema#domain>	<http://www.semanticweb.org/magma-core/ontologies/hqdm#intentionally_constructed_object>
<http://www.semanticweb.org/magma-core/ontologies/hqdm#member_of_kind>	<http://www.w3.org/2000/01/rdf-schema#domain>	<http://www.semanticweb.org/magma-core/ontologies/hqdm#ordinary_biological_object>
<http://www.semanticweb.org/magma-core/ontologies/hqdm#member_of_kind>	<http://www.w3.org/2000/01/rdf-schema#domain>	<http://www.semanticweb.org/magma-core/ontologies/hqdm#ordinary_functional_object>
<http://www.semanticweb.org/magma-core/ontologies/hqdm#member_of_kind>	<http://www.w3.org/2000/01/rdf-schema#domain>	<http://www.semanticweb.org/magma-core/ontologies/hqdm#ordinary_physical_object>
<http://www.semanticweb.org/magma-core/ontologies/hqdm#member_of_kind>	<http://www.w3.org/2000/01/rdf-schema#domain>	<http://www.semanticweb.org/magma-core/ontologies/hqdm#organization>
<http://www.semanticweb.org/magma-core/ontologies/hqdm#member_of_kind>	<http://www.w3.org/2000/01/rdf-schema#domain>	<http://www.semanticweb.org/magma-core/ontologies/hqdm#organization_component>
<http://www.semanticweb.org/magma-core/ontologies/hqdm#member_of_kind>	<http://www.w3.org/2000/01/rdf-schema#domain>	<http://www.semanticweb.org/magma-core/ontologies/hqdm#participant>
<http://www.semanticweb.org/magma-core/ontologies/hqdm#member_of_kind>	<http://www.w3.org/2000/01/rdf-schema#domain>	<http://www.semanticweb.org/magma-core/ontologies/hqdm#party>
<http://www.semanticweb.org/magma-core/ontologies/hqdm#member_of_kind>	<http://www.w3.org/2000/01/rdf-schema#domain>	<http://www.semanticweb.org/magma-core/ontologies/hqdm#person>
<http://www.semanticweb.org/magma-core/ontologies/hqdm#member_of_kind>	<http://www.w3.org/2000/01/rdf-schema#domain>	<http://www.semanticweb.org/magma-core/ontologies/hqdm#physical_object>
<http://www.semanticweb.org/magma-core/ontologies/hqdm#member_of_kind>	<http://www.w3.org/2000/01/rdf-schema#domain>	<http://www.semanticweb.org/magma-core/ontologies/hqdm#physical_property>
<http://www.semanticweb.org/magma-core/ontologies/hqdm#member_of_kind>	<http://www.w3.org/2000/01/rdf-schema#domain>	<http://www.semanticweb.org/magma-core/ontologies/hqdm#physical_quantity>
<http://www.semanticweb.org/magma-core/ontologies/hqdm#member_of_kind>	<http://www.w3.org/2000/01/rdf-schema#domain>	<http://www.semanticweb.org/magma-core/ontologies/hqdm#position>
<http://www.semanticweb.org/magma-core/ontologies/hqdm#member_of_kind>	<http://www.w3.org/2000/01/rdf-schema#domain>	<http://www.semanticweb.org/magma-core/ontologies/hqdm#socially_constructed_object>
<http://www.semanticweb.org/magma-core/ontologies/hqdm#member_of_kind>	<http://www.w3.org/2000/01/rdf-schema#domain>	<http://www.semanticweb.org/magma-core/ontologies/hqdm#system>
<http://www.semanticweb.org/magma-core/ontologies/hqdm#member_of_kind>	<http://www.w3.org/2000/01/rdf-schema#range>	<http://www.semanticweb.org/magma-core/ontologies/hqdm#kind_of_activity>
<http://www.semanticweb.org/magma-core/ontologies/hqdm#member_of_kind>	<http://www.w3.org/2000/01/rdf-schema#range>	<http://www.semanticweb.org/magma-core/ontologies/hqdm#kind_of_association>
<http://www.semanticweb.org/magma-core/ontologies/hqdm#member_of_kind>	<http://www.w3.org/2000/01/rdf-schema#range>	<http://www.semanticweb.org/magma-core/ontologies/hqdm#kind_of_biological_object>
<http://www.semanticweb.org/magma-core/ontologies/hqdm#member_of_kind>	<http://www.w3.org/2000/01/rdf-schema#range>	<http://www.semanticweb.org/magma-core/ontologies/hqdm#kind_of_biological_system>
<http://www.semanticweb.org/magma-core/ontologies/hqdm#member_of_kind>	<http://www.w3.org/2000/01/rdf-schema#range>	<http://www.semanticweb.org/magma-core/ontologies/hqdm#kind_of_functional_object>
<http://www.semanticweb.org/magma-core/ontologies/hqdm#member_of_kind>	<http://www.w3.org/2000/01/rdf-schema#range>	<http://www.semanticweb.org/magma-core/ontologies/hqdm#kind_of_functional_system>
<http://www.semanticweb.org/magma-core/ontologies/hqdm#member_of_kind>	<http://www.w3.org/2000/01/rdf-schema#range>	<http://www.semanticweb.org/magma-core/ontologies/hqdm#kind_of_functional_system_component>
<http://www.semanticweb.org/magma-core/ontologies/hqdm#member_of_kind>	<http://www.w3.org/2000/01/rdf-schema#range>	<http://www.semanticweb.org/magma-core/ontologies/hqdm#kind_of_individual>
<http://www.semanticweb.org/magma-core/ontologies/hqdm#member_of_kind>	<http://www.w3.org/2000/01/rdf-schema#range>	<http://www.semanticweb.org/magma-core/ontologies/hqdm#kind_of_intentionally_constructed_object>
<http://www.semanticweb.org/magma-core/ontologies/hqdm#member_of_kind>	<http://www.w3.org/2000/01/rdf-schema#range>	<http://www.semanticweb.org/magma-core/ontologies/hqdm#kind_of_ordinary_biological_object>
<http://www.semanticweb.org/magma-core/ontologies/hqdm#member_of_kind>	<http://www.w3.org/2000/01/rdf-schema#range>	<http://www.semanticweb.org/magma-core/ontologies/hqdm#kind_of_ordinary_functional_object>
<http://www.semanticweb.org/magma-core/ontologies/hqdm#member_of_kind>	<http://www.w3.org/2000/01/rdf-schema#range>	<http://www.semanticweb.org/magma-core/ontologies/hqdm#kind_of_ordinary_physical_object>
<http://www.semanticweb.org/magma-core/ontologies/hqdm#member_of_kind>	<http://www.w3.org/2000/01/rdf-schema#range>	<http://www.semanticweb.org/magma-core/ontologies/hqdm#kind_of_organization>
<http://www.semanticweb.org/magma-core/ontologies/hqdm#member_of_kind>	<http://www.w3.org/2000/01/rdf-schema#range>	<http://www.semanticweb.org/magma-core/ontologies/hqdm#kind_of_organization_component>
<http://www.semanticweb.org/magma-core/ontologies/hqdm#member_of_kind>	<http://www.w3.org/2000/01/rdf-schema#range>	<http://www.semanticweb.org/magma-core/ontologies/hqdm#kind_of_party>
<http://www.semanticweb.org/magma-core/ontologies/hqdm#member_of_kind>	<http://www.w3.org/2000/01/rdf-schema#range>	<http://www.semanticweb.org/magma-core/ontologies/hqdm#kind_of_person>
<http://www.semanticweb.org/magma-core/ontologies/hqdm#member_of_kind>	<http://www.w3.org/2000/01/rdf-schema#range>	<http://www.semanticweb.org/magma-core/ontologies/hqdm#kind_of_physical_object>
<http://www.semanticweb.org/magma-core/ontologies/hqdm#member_of_kind>	<http://www.w3.org/2000/01/rdf-schema#range>	<http://www.semanticweb.org/magma-core/ontologies/hqdm#kind_of_physical_property>
<http://www.semanticweb.org/magma-core/ontologies/hqdm#member_of_kind>	<http://www.w3.org/2000/01/rdf-schema#range>	<http://www.semanticweb.org/magma-core/ontologies/hqdm#kind_of_physical_quantity>
<http://www.semanticweb.org/magma-core/ontologies/hqdm#member_of_kind>	<http://www.w3.org/2000/01/rdf-schema#range>	<http://www.semanticweb.org/magma-core/ontologies/hqdm#kind_of_position>
<http://www.semanticweb.org/magma-core/ontologies/hqdm#member_of_kind>	<http://www.w3.org/2000/01/rdf-schema#range>	<http://www.semanticweb.org/magma-core/ontologies/hqdm#kind_of_relationship_with_signature>
<http://www.semanticweb.org/magma-core/ontologies/hqdm#member_of_kind>	<http://www.w3.org/2000/01/rdf-schema#range>	<http://www.semanticweb.org/magma-core/ontologies/hqdm#kind_of_socially_constructed_object>
<http://www.semanticweb.org/magma-core/ontologies/hqdm#member_of_kind>	<http://www.w3.org/2000/01/rdf-schema#range>	<http://www.semanticweb.org/magma-core/ontologies/hqdm#kind_of_system>
<http://www.semanticweb.org/magma-core/ontologies/hqdm#member_of_kind>	<http://www.w3.org/2000/01/rdf-schema#range>	<http://www.semanticweb.org/magma-core/ontologies/hqdm#role>
<http://www.semanticweb.org/magma-core/ontologies/hqdm#member_of_kind>	<http://www.w3.org/2000/01/rdf-schema#subPropertyOf>	<http://www.semanticweb.org/magma-core/ontologies/hqdm#member_set>
<http://www.semanticweb.org/magma-core/ontologies/hqdm#member_set>	<http://www.w3.org/1999/02/22-rdf-syntax-ns#type>	<http://www.w3.org/2002/07/owl#ObjectProperty>
<http://www.semanticweb.org/magma-core/ontologies/hqdm#money_asset>	<http://www.w3.org/1999/02/22-rdf-syntax-ns#type>	<http://www.w3.org/2002/07/owl#Class>
<http://www.semanticweb.org/magma-core/ontologies/hqdm#money_asset>	<http://www.w3.org/2000/01/rdf-schema#subClassOf>	<http://www.semanticweb.org/magma-core/ontologies/hqdm#asset>
<http://www.semanticweb.org/magma-core/ontologies/hqdm#money_asset>	<http://www.w3.org/2000/01/rdf-schema#subClassOf>	<http://www.semanticweb.org/magma-core/ontologies/hqdm#state_of_amount_of_money>
<http://www.semanticweb.org/magma-core/ontologies/hqdm#natural_role>	<http://www.w3.org/1999/02/22-rdf-syntax-ns#type>	<http://www.w3.org/2002/07/owl#ObjectProperty>
<http://www.semanticweb.org/magma-core/ontologies/hqdm#natural_role>	<http://www.w3.org/2000/01/rdf-schema#domain>	<http://www.semanticweb.org/magma-core/ontologies/hqdm#biological_system>
<http://www.semanticweb.org/magma-core/ontologies/hqdm#natural_role>	<http://www.w3.org/2000/01/rdf-schema#range>	<http://www.semanticweb.org/magma-core/ontologies/hqdm#role>
<http://www.semanticweb.org/magma-core/ontologies/hqdm#natural_role_by_class>	<http://www.w3.org/1999/02/22-rdf-syntax-ns#type>	<http://www.w3.org/2002/07/owl#ObjectProperty>
<http://www.semanticweb.org/magma-core/ontologies/hqdm#natural_role_by_class>	<http://www.w3.org/2000/01/rdf-schema#domain>	<http://www.semanticweb.org/magma-core/ontologies/hqdm#kind_of_biological_system>
<http://www.semanticweb.org/magma-core/ontologies/hqdm#natural_role_by_class>	<http://www.w3.org/2000/01/rdf-schema#range>	<http://www.semanticweb.org/magma-core/ontologies/hqdm#role>
<http://www.semanticweb.org/magma-core/ontologies/hqdm#offer>	<http://www.w3.org/1999/02/22-rdf-syntax-ns#type>	<http://www.w3.org/2002/07/owl#Class>
<http://www.semanticweb.org/magma-core/ontologies/hqdm#offer>	<http://www.w3.org/2000/01/rdf-schema#subClassOf>	<http://www.semanticweb.org/magma-core/ontologies/hqdm#socially_constructed_activity>
<http://www.semanticweb.org/magma-core/ontologies/hqdm#offer>	<http://www.w3.org/2000/01/rdf-schema#subClassOf>	_:N02eb65dc1d6e45258ac2496505c84bb4
<http://www.semanticweb.org/magma-core/ontologies/hqdm#offer>	<http://www.w3.org/2000/01/rdf-schema#subClassOf>	_:N1496b7421b404d129daaacdcfd6d6236
<http://www.semanticweb.org/magma-core/ontologies/hqdm#offer>	<http://www.w3.org/2000/01/rdf-schema#subClassOf>	_:Nf2672841d8074c86a84ed3e4333d4001
<http://www.semanticweb.org/magma-core/ontologies/hqdm#offer_and_acceptance_for_goods>	<http://www.w3.org/1999/02/22-rdf-syntax-ns#type>	<http://www.w3.org/2002/07/owl#Class>
<http://www.semanticweb.org/magma-core/ontologies/hqdm#offer_and_acceptance_for_goods>	<http://www.w3.org/2000/01/rdf-schema#subClassOf>	<http://www.semanticweb.org/magma-core/ontologies/hqdm#agree_contract>
<http://www.semanticweb.org/magma-core/ontologies/hqdm#offer_and_acceptance_for_goods>	<http://www.w3.org/2000/01/rdf-schema#subClassOf>	_:N563dffbacb3b4ab9919f203243d36635
<http://www.semanticweb.org/magma-core/ontologies/hqdm#offer_and_acceptance_for_goods>	<http://www.w3.org/2000/01/rdf-schema#subClassOf>	_:N6435c08ab42c4463a09d9f213e051653
<http://www.semanticweb.org/magma-core/ontologies/hqdm#offer_and_acceptance_for_goods>	<http://www.w3.org/2000/01/rdf-schema#subClassOf>	_:N859e0197070e4fa994b354c9e7b42411
<http://www.semanticweb.org/magma-core/ontologies/hqdm#offer_and_acceptance_for_goods>	<http://www.w3.org/2000/01/rdf-schema#subClassOf>	_:N92c93bbcfa8948daba74593ff8831301
<http://www.semanticweb.org/magma-core/ontologies/hqdm#offer_and_acceptance_for_goods>	<http://www.w3.org/2000/01/rdf-schema#subClassOf>	_:N99f75d88c762417ea29a2388a2365288
<http://www.semanticweb.org/magma-core/ontologies/hqdm#offer_and_acceptance_for_goods>	<http://www.w3.org/2000/01/rdf-schema#subClassOf>	_:N9a692582e4fa435488a0fbd1cb3795e7
<http://www.semanticweb.org/magma-core/ontologies/hqdm#offer_for_goods>	<http://www.w3.org/1999/02/22-rdf-syntax-ns#type>	<http://www.w3.org/2002/07/owl#Class>
<http://www.semanticweb.org/magma-core/ontologies/hqdm#offer_for_goods>	<http://www.w3.org/2000/01/rdf-schema#subClassOf>	<http://www.semanticweb.org/magma-core/ontologies/hqdm#offer>
<http://www.semanticweb.org/magma-core/ontologies/hqdm#offer_for_goods>	<http://www.w3.org/2000/01/rdf-schema#subClassOf>	_:Ncf3f25f971ff4a7a821d6890890a22a5
<http://www.semanticweb.org/magma-core/ontologies/hqdm#offer_for_goods>	<http://www.w3.org/2000/01/rdf-schema#subClassOf>	_:Nd83ea44f8e0041708cd5eb0a8cc33622
<http://www.semanticweb.org/magma-core/ontologies/hqdm#offer_for_goods>	<http://www.w3.org/2000/01/rdf-schema#subClassOf>	_:Ne90abdfa52b54774a3aebc59f36c2885
<http://www.semanticweb.org/magma-core/ontologies/hqdm#offer_for_goods>	<http://www.w3.org/2000/01/rdf-schema#subClassOf>	_:Nf1a075e7377f4ffc9c38eba4d93ba384
<http://www.semanticweb.org/magma-core/ontologies/hqdm#offering>	<http://www.w3.org/1999/02/22-rdf-syntax-ns#type>	<http://www.w3.org/2002/07/owl#Class>
<http://www.semanticweb.org/magma-core/ontologies/hqdm#offering>	<http://www.w3.org/2000/01/rdf-schema#subClassOf>	<http://www.semanticweb.org/magma-core/ontologies/hqdm#offer>
<http://www.semanticweb.org/magma-core/ontologies/hqdm#offering>	<http://www.w3.org/2000/01/rdf-schema#subClassOf>	_:N07bc338aacf84fa5880ddf8363c041a2
<http://www.semanticweb.org/magma-core/ontologies/hqdm#offering>	<http://www.w3.org/2000/01/rdf-schema#subClassOf>	_:N110eeb9f617944c397e65675349c319c
<http://www.semanticweb.org/magma-core/ontologies/hqdm#offering>	<http://www.w3.org/2000/01/rdf-schema#subClassOf>	_:N7d1d109908e14955ac6c39981a2bf653
<http://www.semanticweb.org/magma-core/ontologies/hqdm#offering>	<http://www.w3.org/2000/01/rdf-schema#subClassOf>	_:N94dc14a7d1614e1d86ead6d272974fcb
<http://www.semanticweb.org/magma-core/ontologies/hqdm#offering>	<http://www.w3.org/2000/01/rdf-schema#subClassOf>	_:N9e039c8e0b3746e9974b5cba4f79757d
<http://www.semanticweb.org/magma-core/ontologies/hqdm#offering>	<http://www.w3.org/2000/01/rdf-schema#subClassOf>	_:Nc793cfc1b6734a7a8b203dfa9837f2f3
<http://www.semanticweb.org/magma-core/ontologies/hqdm#offering>	<http://www.w3.org/2000/01/rdf-schema#subClassOf>	_:Ne88348650bb04407981b916d8816b900
<http://www.semanticweb.org/magma-core/ontologies/hqdm#offering>	<http://www.w3.org/2000/01/rdf-schema#subClassOf>	_:Nebdbce266282493f9edab992425102bb
<http://www.semanticweb.org/magma-core/ontologies/hqdm#offeror>	<http://www.w3.org/1999/02/22-rdf-syntax-ns#type>	<http://www.w3.org/2002/07/owl#ObjectProperty>
<http://www.semanticweb.org/magma-core/ontologies/hqdm#offeror>	<http://www.w3.org/2000/01/rdf-schema#domain>	<http://www.semanticweb.org/magma-core/ontologies/hqdm#offering>
<http://www.semanticweb.org/magma-core/ontologies/hqdm#offeror>	<http://www.w3.org/2000/01/rdf-schema#range>	<http://www.semanticweb.org/magma-core/ontologies/hqdm#party>
<http://www.semanticweb.org/magma-core/ontologies/hqdm#ordinary_biological_object>	<http://www.w3.org/1999/02/22-rdf-syntax-ns#type>	<http://www.w3.org/2002/07/owl#Class>
<http://www.semanticweb.org/magma-core/ontologies/hqdm#ordinary_biological_object>	<http://www.w3.org/2000/01/rdf-schema#subClassOf>	<http://www.semanticweb.org/magma-core/ontologies/hqdm#biological_object>
<http://www.semanticweb.org/magma-core/ontologies/hqdm#ordinary_biological_object>	<http://www.w3.org/2000/01/rdf-schema#subClassOf>	<http://www.semanticweb.org/magma-core/ontologies/hqdm#ordinary_physical_object>
<http://www.semanticweb.org/magma-core/ontologies/hqdm#ordinary_biological_object>	<http://www.w3.org/2000/01/rdf-schema#subClassOf>	<http://www.semanticweb.org/magma-core/ontologies/hqdm#state_of_ordinary_biological_object>
<http://www.semanticweb.org/magma-core/ontologies/hqdm#ordinary_biological_object>	<http://www.w3.org/2000/01/rdf-schema#subClassOf>	_:N4133e1361ca94dc5aab2b46e0ab67205
<http://www.semanticweb.org/magma-core/ontologies/hqdm#ordinary_biological_object>	<http://www.w3.org/2000/01/rdf-schema#subClassOf>	_:Nf84bb4ca564d4587a4eed7434a499aa7
<http://www.semanticweb.org/magma-core/ontologies/hqdm#ordinary_functional_object>	<http://www.w3.org/1999/02/22-rdf-syntax-ns#type>	<http://www.w3.org/2002/07/owl#Class>
<http://www.semanticweb.org/magma-core/ontologies/hqdm#ordinary_functional_object>	<http://www.w3.org/2000/01/rdf-schema#subClassOf>	<http://www.semanticweb.org/magma-core/ontologies/hqdm#functional_object>
<http://www.semanticweb.org/magma-core/ontologies/hqdm#ordinary_functional_object>	<http://www.w3.org/2000/01/rdf-schema#subClassOf>	<http://www.semanticweb.org/magma-core/ontologies/hqdm#ordinary_physical_object>
<http://www.semanticweb.org/magma-core/ontologies/hqdm#ordinary_functional_object>	<http://www.w3.org/2000/01/rdf-schema#subClassOf>	_:N40d98f5c469a406c98e1ecc6eec53bc8
<http://www.semanticweb.org/magma-core/ontologies/hqdm#ordinary_functional_object>	<http://www.w3.org/2000/01/rdf-schema#subClassOf>	_:Ndf1feff7d04e4666994c7dc8d28fcf10
<http://www.semanticweb.org/magma-core/ontologies/hqdm#ordinary_physical_object>	<http://www.w3.org/1999/02/22-rdf-syntax-ns#type>	<http://www.w3.org/2002/07/owl#Class>
<http://www.semanticweb.org/magma-core/ontologies/hqdm#ordinary_physical_object>	<http://www.w3.org/2000/01/rdf-schema#subClassOf>	<http://www.semanticweb.org/magma-core/ontologies/hqdm#physical_object>
<http://www.semanticweb.org/magma-core/ontologies/hqdm#ordinary_physical_object>	<http://www.w3.org/2000/01/rdf-schema#subClassOf>	_:N22010a29e74c4ab0918dd8f559cb2338
<http://www.semanticweb.org/magma-core/ontologies/hqdm#ordinary_physical_object>	<http://www.w3.org/2000/01/rdf-schema#subClassOf>	_:N4d68c6f1cfc7447d9686ce9707d890e6
<http://www.semanticweb.org/magma-core/ontologies/hqdm#organization>	<http://www.w3.org/1999/02/22-rdf-syntax-ns#type>	<http://www.w3.org/2002/07/owl#Class>
<http://www.semanticweb.org/magma-core/ontologies/hqdm#organization>	<http://www.w3.org/2000/01/rdf-schema#subClassOf>	<http://www.semanticweb.org/magma-core/ontologies/hqdm#party>
<http://www.semanticweb.org/magma-core/ontologies/hqdm#organization>	<http://www.w3.org/2000/01/rdf-schema#subClassOf>	<http://www.semanticweb.org/magma-core/ontologies/hqdm#socially_constructed_object>
<http://www.semanticweb.org/magma-core/ontologies/hqdm#organization>	<http://www.w3.org/2000/01/rdf-schema#subClassOf>	<http://www.semanticweb.org/magma-core/ontologies/hqdm#state_of_organization>
<http://www.semanticweb.org/magma-core/ontologies/hqdm#organization>	<http://www.w3.org/2000/01/rdf-schema#subClassOf>	_:N54cc20d0162c46d6b41777a80c244ee6
<http://www.semanticweb.org/magma-core/ontologies/hqdm#organization>	<http://www.w3.org/2000/01/rdf-schema#subClassOf>	_:Nd4b5b4aeb36e4f86a3bbec09f3036393
<http://www.semanticweb.org/magma-core/ontologies/hqdm#organization_component>	<http://www.w3.org/1999/02/22-rdf-syntax-ns#type>	<http://www.w3.org/2002/07/owl#Class>
<http://www.semanticweb.org/magma-core/ontologies/hqdm#organization_component>	<http://www.w3.org/2000/01/rdf-schema#subClassOf>	<http://www.semanticweb.org/magma-core/ontologies/hqdm#socially_constructed_object>
<http://www.semanticweb.org/magma-core/ontologies/hqdm#organization_component>	<http://www.w3.org/2000/01/rdf-schema#subClassOf>	<http://www.semanticweb.org/magma-core/ontologies/hqdm#state_of_organization_component>
<http://www.semanticweb.org/magma-core/ontologies/hqdm#organization_component>	<http://www.w3.org/2000/01/rdf-schema#subClassOf>	<http://www.semanticweb.org/magma-core/ontologies/hqdm#system_component>
<http://www.semanticweb.org/magma-core/ontologies/hqdm#organization_component>	<http://www.w3.org/2000/01/rdf-schema#subClassOf>	_:N543ddc2cc3644a84944b1c0b15f5d9c9
<http://www.semanticweb.org/magma-core/ontologies/hqdm#organization_component>	<http://www.w3.org/2000/01/rdf-schema#subClassOf>	_:Nb866bb69266a434aa49cb8736ab2be86
<http://www.semanticweb.org/magma-core/ontologies/hqdm#organization_component>	<http://www.w3.org/2000/01/rdf-schema#subClassOf>	_:Ncbbede1e6c244736b64421a6f76ff56f
<http://www.semanticweb.org/magma-core/ontologies/hqdm#organization_component>	<http://www.w3.org/2000/01/rdf-schema#subClassOf>	_:Nd8688d4424384f95831cfa14043f469e
<http://www.semanticweb.org/magma-core/ontologies/hqdm#owner>	<http://www.w3.org/1999/02/22-rdf-syntax-ns#type>	<http://www.w3.org/2002/07/owl#Class>
<http://www.semanticweb.org/magma-core/ontologies/hqdm#owner>	<http://www.w3.org/2000/01/rdf-schema#subClassOf>	<http://www.semanticweb.org/magma-core/ontologies/hqdm#participant>
<http://www.semanticweb.org/magma-core/ontologies/hqdm#owner>	<http://www.w3.org/2000/01/rdf-schema#subClassOf>	<http://www.semanticweb.org/magma-core/ontologies/hqdm#state_of_party>
<http://www.semanticweb.org/magma-core/ontologies/hqdm#owner>	<http://www.w3.org/2000/01/rdf-schema#subClassOf>	_:N6b135495864c4988b50db7da10dc8b1e
<http://www.semanticweb.org/magma-core/ontologies/hqdm#owner>	<http://www.w3.org/2000/01/rdf-schema#subClassOf>	_:N7f517ebb74c8411095510c1950216b85
<http://www.semanticweb.org/magma-core/ontologies/hqdm#ownership>	<http://www.w3.org/1999/02/22-rdf-syntax-ns#type>	<http://www.w3.org/2002/07/owl#Class>
<http://www.semanticweb.org/magma-core/ontologies/hqdm#ownership>	<http://www.w3.org/2000/01/rdf-schema#subClassOf>	<http://www.semanticweb.org/magma-core/ontologies/hqdm#association>
<http://www.semanticweb.org/magma-core/ontologies/hqdm#ownership>	<http://www.w3.org/2000/01/rdf-schema#subClassOf>	_:N018392a822d14b68b381a7abc76e8661
<http://www.semanticweb.org/magma-core/ontologies/hqdm#ownership>	<http://www.w3.org/2000/01/rdf-schema#subClassOf>	_:N1c302465384141b2bbbfabac2f387bbc
<http://www.semanticweb.org/magma-core/ontologies/hqdm#ownership>	<http://www.w3.org/2000/01/rdf-schema#subClassOf>	_:N7375f416591440228913c48b097c5966
<http://www.semanticweb.org/magma-core/ontologies/hqdm#ownership>	<http://www.w3.org/2000/01/rdf-schema#subClassOf>	_:Nd510b76ab657456da7c3065466a39fe0
<http://www.semanticweb.org/magma-core/ontologies/hqdm#ownership>	<http://www.w3.org/2000/01/rdf-schema#subClassOf>	_:Ndd69727b38c74c7d88eee9879cf5d273
<http://www.semanticweb.org/magma-core/ontologies/hqdm#ownership>	<http://www.w3.org/2000/01/rdf-schema#subClassOf>	_:Nfea98a3d111f49ae85750eade349b6fc
<http://www.semanticweb.org/magma-core/ontologies/hqdm#part__of_by_class>	<http://www.w3.org/1999/02/22-rdf-syntax-ns#type>	<http://www.w3.org/2002/07/owl#ObjectProperty>
<http://www.semanticweb.org/magma-core/ontologies/hqdm#part__of_by_class>	<http://www.w3.org/2000/01/rdf-schema#domain>	<http://www.semanticweb.org/magma-core/ontologies/hqdm#class_of_spatio_temporal_extent>
<http://www.semanticweb.org/magma-core/ontologies/hqdm#part__of_by_class>	<http://www.w3.org/2000/01/rdf-schema#range>	<http://www.semanticweb.org/magma-core/ontologies/hqdm#class_of_spatio_temporal_extent>
<http://www.semanticweb.org/magma-core/ontologies/hqdm#part__of_by_class>	<http://www.w3.org/2000/01/rdf-schema#subPropertyOf>	<http://www.semanticweb.org/magma-core/ontologies/hqdm#part_set>
<http://www.semanticweb.org/magma-core/ontologies/hqdm#part_of>	<http://www.w3.org/1999/02/22-rdf-syntax-ns#type>	<http://www.w3.org/2002/07/owl#ObjectProperty>
<http://www.semanticweb.org/magma-core/ontologies/hqdm#part_of>	<http://www.w3.org/2000/01/rdf-schema#domain>	<http://www.semanticweb.org/magma-core/ontologies/hqdm#acceptance_of_offer>
<http://www.semanticweb.org/magma-core/ontologies/hqdm#part_of>	<http://www.w3.org/2000/01/rdf-schema#domain>	<http://www.semanticweb.org/magma-core/ontologies/hqdm#acceptance_of_offer_for_goods>
<http://www.semanticweb.org/magma-core/ontologies/hqdm#part_of>	<http://www.w3.org/2000/01/rdf-schema#domain>	<http://www.semanticweb.org/magma-core/ontologies/hqdm#activity>
<http://www.semanticweb.org/magma-core/ontologies/hqdm#part_of>	<http://www.w3.org/2000/01/rdf-schema#domain>	<http://www.semanticweb.org/magma-core/ontologies/hqdm#agree_contract>
<http://www.semanticweb.org/magma-core/ontologies/hqdm#part_of>	<http://www.w3.org/2000/01/rdf-schema#domain>	<http://www.semanticweb.org/magma-core/ontologies/hqdm#agreement_execution>
<http://www.semanticweb.org/magma-core/ontologies/hqdm#part_of>	<http://www.w3.org/2000/01/rdf-schema#domain>	<http://www.semanticweb.org/magma-core/ontologies/hqdm#contract_execution>
<http://www.semanticweb.org/magma-core/ontologies/hqdm#part_of>	<http://www.w3.org/2000/01/rdf-schema#domain>	<http://www.semanticweb.org/magma-core/ontologies/hqdm#exchange_of_goods_and_money>
<http://www.semanticweb.org/magma-core/ontologies/hqdm#part_of>	<http://www.w3.org/2000/01/rdf-schema#domain>	<http://www.semanticweb.org/magma-core/ontologies/hqdm#offer>
<http://www.semanticweb.org/magma-core/ontologies/hqdm#part_of>	<http://www.w3.org/2000/01/rdf-schema#domain>	<http://www.semanticweb.org/magma-core/ontologies/hqdm#offer_for_goods>
<http://www.semanticweb.org/magma-core/ontologies/hqdm#part_of>	<http://www.w3.org/2000/01/rdf-schema#domain>	<http://www.semanticweb.org/magma-core/ontologies/hqdm#reaching_agreement>
<http://www.semanticweb.org/magma-core/ontologies/hqdm#part_of>	<http://www.w3.org/2000/01/rdf-schema#domain>	<http://www.semanticweb.org/magma-core/ontologies/hqdm#spatio_temporal_extent>
<http://www.semanticweb.org/magma-core/ontologies/hqdm#part_of>	<http://www.w3.org/2000/01/rdf-schema#domain>	<http://www.semanticweb.org/magma-core/ontologies/hqdm#transfer_of_ownership>
<http://www.semanticweb.org/magma-core/ontologies/hqdm#part_of>	<http://www.w3.org/2000/01/rdf-schema#domain>	<http://www.semanticweb.org/magma-core/ontologies/hqdm#transfer_of_ownership_of_money>
<http://www.semanticweb.org/magma-core/ontologies/hqdm#part_of>	<http://www.w3.org/2000/01/rdf-schema#range>	<http://www.semanticweb.org/magma-core/ontologies/hqdm#activity>
<http://www.semanticweb.org/magma-core/ontologies/hqdm#part_of>	<http://www.w3.org/2000/01/rdf-schema#range>	<http://www.semanticweb.org/magma-core/ontologies/hqdm#agree_contract>
<http://www.semanticweb.org/magma-core/ontologies/hqdm#part_of>	<http://www.w3.org/2000/01/rdf-schema#range>	<http://www.semanticweb.org/magma-core/ontologies/hqdm#agreement_process>
<http://www.semanticweb.org/magma-core/ontologies/hqdm#part_of>	<http://www.w3.org/2000/01/rdf-schema#range>	<http://www.semanticweb.org/magma-core/ontologies/hqdm#contract_process>
<http://www.semanticweb.org/magma-core/ontologies/hqdm#part_of>	<http://www.w3.org/2000/01/rdf-schema#range>	<http://www.semanticweb.org/magma-core/ontologies/hqdm#exchange_of_goods_and_money>
<http://www.semanticweb.org/magma-core/ontologies/hqdm#part_of>	<http://www.w3.org/2000/01/rdf-schema#range>	<http://www.semanticweb.org/magma-core/ontologies/hqdm#offer_and_acceptance_for_goods>
<http://www.semanticweb.org/magma-core/ontologies/hqdm#part_of>	<http://www.w3.org/2000/01/rdf-schema#range>	<http://www.semanticweb.org/magma-core/ontologies/hqdm#reaching_agreement>
<http://www.semanticweb.org/magma-core/ontologies/hqdm#part_of>	<http://www.w3.org/2000/01/rdf-schema#range>	<http://www.semanticweb.org/magma-core/ontologies/hqdm#sale_of_goods>
<http://www.semanticweb.org/magma-core/ontologies/hqdm#part_of>	<http://www.w3.org/2000/01/rdf-schema#range>	<http://www.semanticweb.org/magma-core/ontologies/hqdm#spatio_temporal_extent>
<http://www.semanticweb.org/magma-core/ontologies/hqdm#part_of>	<http://www.w3.org/2000/01/rdf-schema#subPropertyOf>	<http://www.semanticweb.org/magma-core/ontologies/hqdm#part_set>
<http://www.semanticweb.org/magma-core/ontologies/hqdm#part_of_>	<http://www.w3.org/1999/02/22-rdf-syntax-ns#type>	<http://www.w3.org/2002/07/owl#ObjectProperty>
<http://www.semanticweb.org/magma-core/ontologies/hqdm#part_of_>	<http://www.w3.org/2000/01/rdf-schema#domain>	<http://www.semanticweb.org/magma-core/ontologies/hqdm#socially_constructed_activity>
<http://www.semanticweb.org/magma-core/ontologies/hqdm#part_of_>	<http://www.w3.org/2000/01/rdf-schema#range>	<http://www.semanticweb.org/magma-core/ontologies/hqdm#agreement_execution>
<http://www.semanticweb.org/magma-core/ontologies/hqdm#part_of_>	<http://www.w3.org/2000/01/rdf-schema#subPropertyOf>	<http://www.semanticweb.org/magma-core/ontologies/hqdm#part_set>
<http://www.semanticweb.org/magma-core/ontologies/hqdm#part_of_by_class>	<http://www.w3.org/1999/02/22-rdf-syntax-ns#type>	<http://www.w3.org/2002/07/owl#ObjectProperty>
<http://www.semanticweb.org/magma-core/ontologies/hqdm#part_of_by_class>	<http://www.w3.org/2000/01/rdf-schema#domain>	<http://www.semanticweb.org/magma-core/ontologies/hqdm#class_of_agree_contract>
<http://www.semanticweb.org/magma-core/ontologies/hqdm#part_of_by_class>	<http://www.w3.org/2000/01/rdf-schema#domain>	<http://www.semanticweb.org/magma-core/ontologies/hqdm#class_of_agreement_execution>
<http://www.semanticweb.org/magma-core/ontologies/hqdm#part_of_by_class>	<http://www.w3.org/2000/01/rdf-schema#domain>	<http://www.semanticweb.org/magma-core/ontologies/hqdm#class_of_contract_execution>
<http://www.semanticweb.org/magma-core/ontologies/hqdm#part_of_by_class>	<http://www.w3.org/2000/01/rdf-schema#domain>	<http://www.semanticweb.org/magma-core/ontologies/hqdm#class_of_reaching_agreement>
<http://www.semanticweb.org/magma-core/ontologies/hqdm#part_of_by_class>	<http://www.w3.org/2000/01/rdf-schema#domain>	<http://www.semanticweb.org/magma-core/ontologies/hqdm#role>
<http://www.semanticweb.org/magma-core/ontologies/hqdm#part_of_by_class>	<http://www.w3.org/2000/01/rdf-schema#domain>	<http://www.semanticweb.org/magma-core/ontologies/hqdm#socially_constructed_activity>
<http://www.semanticweb.org/magma-core/ontologies/hqdm#part_of_by_class>	<http://www.w3.org/2000/01/rdf-schema#range>	<http://www.semanticweb.org/magma-core/ontologies/hqdm#class_of_agreement_process>
<http://www.semanticweb.org/magma-core/ontologies/hqdm#part_of_by_class>	<http://www.w3.org/2000/01/rdf-schema#range>	<http://www.semanticweb.org/magma-core/ontologies/hqdm#class_of_contract_process>
<http://www.semanticweb.org/magma-core/ontologies/hqdm#part_of_by_class>	<http://www.w3.org/2000/01/rdf-schema#range>	<http://www.semanticweb.org/magma-core/ontologies/hqdm#class_of_reaching_agreement>
<http://www.semanticweb.org/magma-core/ontologies/hqdm#part_of_by_class>	<http://www.w3.org/2000/01/rdf-schema#range>	<http://www.semanticweb.org/magma-core/ontologies/hqdm#kind_of_activity>
<http://www.semanticweb.org/magma-core/ontologies/hqdm#part_of_by_class>	<http://www.w3.org/2000/01/rdf-schema#subPropertyOf>	<http://www.semanticweb.org/magma-core/ontologies/hqdm#part_set>
<http://www.semanticweb.org/magma-core/ontologies/hqdm#part_of_by_class_>	<http://www.w3.org/1999/02/22-rdf-syntax-ns#type>	<http://www.w3.org/2002/07/owl#ObjectProperty>
<http://www.semanticweb.org/magma-core/ontologies/hqdm#part_of_by_class_>	<http://www.w3.org/2000/01/rdf-schema#domain>	<http://www.semanticweb.org/magma-core/ontologies/hqdm#class_of_socially_constructed_activity>
<http://www.semanticweb.org/magma-core/ontologies/hqdm#part_of_by_class_>	<http://www.w3.org/2000/01/rdf-schema#domain>	<http://www.semanticweb.org/magma-core/ontologies/hqdm#role>
<http://www.semanticweb.org/magma-core/ontologies/hqdm#part_of_by_class_>	<http://www.w3.org/2000/01/rdf-schema#range>	<http://www.semanticweb.org/magma-core/ontologies/hqdm#class_of_agreement_execution>
<http://www.semanticweb.org/magma-core/ontologies/hqdm#part_of_by_class_>	<http://www.w3.org/2000/01/rdf-schema#range>	<http://www.semanticweb.org/magma-core/ontologies/hqdm#kind_of_association>
<http://www.semanticweb.org/magma-core/ontologies/hqdm#part_of_by_class_>	<http://www.w3.org/2000/01/rdf-schema#subPropertyOf>	<http://www.semanticweb.org/magma-core/ontologies/hqdm#part_set>
<http://www.semanticweb.org/magma-core/ontologies/hqdm#part_of_plan>	<http://www.w3.org/1999/02/22-rdf-syntax-ns#type>	<http://www.w3.org/2002/07/owl#ObjectProperty>
<http://www.semanticweb.org/magma-core/ontologies/hqdm#part_of_plan>	<http://www.w3.org/2000/01/rdf-schema#domain>	<http://www.semanticweb.org/magma-core/ontologies/hqdm#requirement>
<http://www.semanticweb.org/magma-core/ontologies/hqdm#part_of_plan>	<http://www.w3.org/2000/01/rdf-schema#range>	<http://www.semanticweb.org/magma-core/ontologies/hqdm#plan>
<http://www.semanticweb.org/magma-core/ontologies/hqdm#part_of_plan>	<http://www.w3.org/2000/01/rdf-schema#subPropertyOf>	<http://www.semanticweb.org/magma-core/ontologies/hqdm#part_set>
<http://www.semanticweb.org/magma-core/ontologies/hqdm#part_of_possible_world>	<http://www.w3.org/1999/02/22-rdf-syntax-ns#type>	<http://www.w3.org/2002/07/owl#ObjectProperty>
<http://www.semanticweb.org/magma-core/ontologies/hqdm#part_of_possible_world>	<http://www.w3.org/2000/01/rdf-schema#domain>	<http://www.semanticweb.org/magma-core/ontologies/hqdm#spatio_temporal_extent>
<http://www.semanticweb.org/magma-core/ontologies/hqdm#part_of_possible_world>	<http://www.w3.org/2000/01/rdf-schema#range>	<http://www.semanticweb.org/magma-core/ontologies/hqdm#possible_world>
<http://www.semanticweb.org/magma-core/ontologies/hqdm#part_of_possible_world>	<http://www.w3.org/2000/01/rdf-schema#subPropertyOf>	<http://www.semanticweb.org/magma-core/ontologies/hqdm#part_set>
<http://www.semanticweb.org/magma-core/ontologies/hqdm#part_set>	<http://www.w3.org/1999/02/22-rdf-syntax-ns#type>	<http://www.w3.org/2002/07/owl#ObjectProperty>
<http://www.semanticweb.org/magma-core/ontologies/hqdm#participant>	<http://www.w3.org/1999/02/22-rdf-syntax-ns#type>	<http://www.w3.org/2002/07/owl#Class>
<http://www.semanticweb.org/magma-core/ontologies/hqdm#participant>	<http://www.w3.org/2000/01/rdf-schema#subClassOf>	<http://www.semanticweb.org/magma-core/ontologies/hqdm#state>
<http://www.semanticweb.org/magma-core/ontologies/hqdm#participant>	<http://www.w3.org/2000/01/rdf-schema#subClassOf>	_:N33cf974508c646349894ece88a0b00f5
<http://www.semanticweb.org/magma-core/ontologies/hqdm#participant>	<http://www.w3.org/2000/01/rdf-schema#subClassOf>	_:Nd6e5fbd9e28e4db4b82a62b6997b3503
<http://www.semanticweb.org/magma-core/ontologies/hqdm#participant>	<http://www.w3.org/2000/01/rdf-schema#subClassOf>	_:Nd9fec709a4cc4248b310e009e95e3dbe
<http://www.semanticweb.org/magma-core/ontologies/hqdm#participant>	<http://www.w3.org/2000/01/rdf-schema#subClassOf>	_:Nea528eab14d145ca9214598509eb9b61
<http://www.semanticweb.org/magma-core/ontologies/hqdm#participant_in>	<http://www.w3.org/1999/02/22-rdf-syntax-ns#type>	<http://www.w3.org/2002/07/owl#ObjectProperty>
<http://www.semanticweb.org/magma-core/ontologies/hqdm#participant_in>	<http://www.w3.org/2000/01/rdf-schema#domain>	<http://www.semanticweb.org/magma-core/ontologies/hqdm#activity>
<http://www.semanticweb.org/magma-core/ontologies/hqdm#participant_in>	<http://www.w3.org/2000/01/rdf-schema#domain>	<http://www.semanticweb.org/magma-core/ontologies/hqdm#asset>
<http://www.semanticweb.org/magma-core/ontologies/hqdm#participant_in>	<http://www.w3.org/2000/01/rdf-schema#domain>	<http://www.semanticweb.org/magma-core/ontologies/hqdm#association>
<http://www.semanticweb.org/magma-core/ontologies/hqdm#participant_in>	<http://www.w3.org/2000/01/rdf-schema#domain>	<http://www.semanticweb.org/magma-core/ontologies/hqdm#employee>
<http://www.semanticweb.org/magma-core/ontologies/hqdm#participant_in>	<http://www.w3.org/2000/01/rdf-schema#domain>	<http://www.semanticweb.org/magma-core/ontologies/hqdm#employer>
<http://www.semanticweb.org/magma-core/ontologies/hqdm#participant_in>	<http://www.w3.org/2000/01/rdf-schema#domain>	<http://www.semanticweb.org/magma-core/ontologies/hqdm#owner>
<http://www.semanticweb.org/magma-core/ontologies/hqdm#participant_in>	<http://www.w3.org/2000/01/rdf-schema#domain>	<http://www.semanticweb.org/magma-core/ontologies/hqdm#participant>
<http://www.semanticweb.org/magma-core/ontologies/hqdm#participant_in>	<http://www.w3.org/2000/01/rdf-schema#domain>	<http://www.semanticweb.org/magma-core/ontologies/hqdm#recognizing_language_community>
<http://www.semanticweb.org/magma-core/ontologies/hqdm#participant_in>	<http://www.w3.org/2000/01/rdf-schema#domain>	<http://www.semanticweb.org/magma-core/ontologies/hqdm#sign>
<http://www.semanticweb.org/magma-core/ontologies/hqdm#participant_in>	<http://www.w3.org/2000/01/rdf-schema#domain>	<http://www.semanticweb.org/magma-core/ontologies/hqdm#transferee>
<http://www.semanticweb.org/magma-core/ontologies/hqdm#participant_in>	<http://www.w3.org/2000/01/rdf-schema#domain>	<http://www.semanticweb.org/magma-core/ontologies/hqdm#transferor>
<http://www.semanticweb.org/magma-core/ontologies/hqdm#participant_in>	<http://www.w3.org/2000/01/rdf-schema#range>	<http://www.semanticweb.org/magma-core/ontologies/hqdm#activity>
<http://www.semanticweb.org/magma-core/ontologies/hqdm#participant_in>	<http://www.w3.org/2000/01/rdf-schema#range>	<http://www.semanticweb.org/magma-core/ontologies/hqdm#association>
<http://www.semanticweb.org/magma-core/ontologies/hqdm#participant_in>	<http://www.w3.org/2000/01/rdf-schema#range>	<http://www.semanticweb.org/magma-core/ontologies/hqdm#employment>
<http://www.semanticweb.org/magma-core/ontologies/hqdm#participant_in>	<http://www.w3.org/2000/01/rdf-schema#range>	<http://www.semanticweb.org/magma-core/ontologies/hqdm#ownership>
<http://www.semanticweb.org/magma-core/ontologies/hqdm#participant_in>	<http://www.w3.org/2000/01/rdf-schema#range>	<http://www.semanticweb.org/magma-core/ontologies/hqdm#participant>
<http://www.semanticweb.org/magma-core/ontologies/hqdm#participant_in>	<http://www.w3.org/2000/01/rdf-schema#range>	<http://www.semanticweb.org/magma-core/ontologies/hqdm#representation_by_sign>
<http://www.semanticweb.org/magma-core/ontologies/hqdm#participant_in>	<http://www.w3.org/2000/01/rdf-schema#range>	<http://www.semanticweb.org/magma-core/ontologies/hqdm#transfer_of_ownership>
<http://www.semanticweb.org/magma-core/ontologies/hqdm#party>	<http://www.w3.org/1999/02/22-rdf-syntax-ns#type>	<http://www.w3.org/2002/07/owl#Class>
<http://www.semanticweb.org/magma-core/ontologies/hqdm#party>	<http://www.w3.org/2000/01/rdf-schema#subClassOf>	<http://www.semanticweb.org/magma-core/ontologies/hqdm#state_of_party>
<http://www.semanticweb.org/magma-core/ontologies/hqdm#party>	<http://www.w3.org/2000/01/rdf-schema#subClassOf>	<http://www.semanticweb.org/magma-core/ontologies/hqdm#system>
<http://www.semanticweb.org/magma-core/ontologies/hqdm#party>	<http://www.w3.org/2000/01/rdf-schema#subClassOf>	_:N3faccb4533844ed8b79c883096da7d18
<http://www.semanticweb.org/magma-core/ontologies/hqdm#party>	<http://www.w3.org/2000/01/rdf-schema#subClassOf>	_:Nd89eef901b86478dbc3a350240f3acff
<http://www.semanticweb.org/magma-core/ontologies/hqdm#pattern>	<http://www.w3.org/1999/02/22-rdf-syntax-ns#type>	<http://www.w3.org/2002/07/owl#Class>
<http://www.semanticweb.org/magma-core/ontologies/hqdm#pattern>	<http://www.w3.org/2000/01/rdf-schema#subClassOf>	<http://www.semanticweb.org/magma-core/ontologies/hqdm#class_of_sign>
<http://www.semanticweb.org/magma-core/ontologies/hqdm#period_of_time>	<http://www.w3.org/1999/02/22-rdf-syntax-ns#type>	<http://www.w3.org/2002/07/owl#Class>
<http://www.semanticweb.org/magma-core/ontologies/hqdm#period_of_time>	<http://www.w3.org/2000/01/rdf-schema#subClassOf>	<http://www.semanticweb.org/magma-core/ontologies/hqdm#state>
<http://www.semanticweb.org/magma-core/ontologies/hqdm#period_of_time>	<http://www.w3.org/2000/01/rdf-schema#subClassOf>	_:N9020bd62036c4e9080ce2e675c01baa9
<http://www.semanticweb.org/magma-core/ontologies/hqdm#period_of_time>	<http://www.w3.org/2000/01/rdf-schema#subClassOf>	_:N98acddbed519426a9ba487818d21ab04
<http://www.semanticweb.org/magma-core/ontologies/hqdm#period_offered>	<http://www.w3.org/1999/02/22-rdf-syntax-ns#type>	<http://www.w3.org/2002/07/owl#ObjectProperty>
<http://www.semanticweb.org/magma-core/ontologies/hqdm#period_offered>	<http://www.w3.org/2000/01/rdf-schema#domain>	<http://www.semanticweb.org/magma-core/ontologies/hqdm#offering>
<http://www.semanticweb.org/magma-core/ontologies/hqdm#period_offered>	<http://www.w3.org/2000/01/rdf-schema#range>	<http://www.semanticweb.org/magma-core/ontologies/hqdm#period_of_time>
<http://www.semanticweb.org/magma-core/ontologies/hqdm#person>	<http://www.w3.org/1999/02/22-rdf-syntax-ns#type>	<http://www.w3.org/2002/07/owl#Class>
<http://www.semanticweb.org/magma-core/ontologies/hqdm#person>	<http://www.w3.org/2000/01/rdf-schema#subClassOf>	<http://www.semanticweb.org/magma-core/ontologies/hqdm#biological_system>
<http://www.semanticweb.org/magma-core/ontologies/hqdm#person>	<http://www.w3.org/2000/01/rdf-schema#subClassOf>	<http://www.semanticweb.org/magma-core/ontologies/hqdm#party>
<http://www.semanticweb.org/magma-core/ontologies/hqdm#person>	<http://www.w3.org/2000/01/rdf-schema#subClassOf>	<http://www.semanticweb.org/magma-core/ontologies/hqdm#state_of_person>
<http://www.semanticweb.org/magma-core/ontologies/hqdm#person>	<http://www.w3.org/2000/01/rdf-schema#subClassOf>	_:N15003ee1cc3b42478830e040f4ef6968
<http://www.semanticweb.org/magma-core/ontologies/hqdm#person>	<http://www.w3.org/2000/01/rdf-schema#subClassOf>	_:Na2077ef202ba42c6a27ebc7dcd2b61cb
<http://www.semanticweb.org/magma-core/ontologies/hqdm#person_in_position>	<http://www.w3.org/1999/02/22-rdf-syntax-ns#type>	<http://www.w3.org/2002/07/owl#Class>
<http://www.semanticweb.org/magma-core/ontologies/hqdm#person_in_position>	<http://www.w3.org/2000/01/rdf-schema#subClassOf>	<http://www.semanticweb.org/magma-core/ontologies/hqdm#installed_object>
<http://www.semanticweb.org/magma-core/ontologies/hqdm#person_in_position>	<http://www.w3.org/2000/01/rdf-schema#subClassOf>	<http://www.semanticweb.org/magma-core/ontologies/hqdm#state_of_person>
<http://www.semanticweb.org/magma-core/ontologies/hqdm#person_in_position>	<http://www.w3.org/2000/01/rdf-schema#subClassOf>	<http://www.semanticweb.org/magma-core/ontologies/hqdm#state_of_position>
<http://www.semanticweb.org/magma-core/ontologies/hqdm#person_in_position>	<http://www.w3.org/2000/01/rdf-schema#subClassOf>	_:Nd05e6fe790e94925bc227b8072c9dfc4
<http://www.semanticweb.org/magma-core/ontologies/hqdm#physical_object>	<http://www.w3.org/1999/02/22-rdf-syntax-ns#type>	<http://www.w3.org/2002/07/owl#Class>
<http://www.semanticweb.org/magma-core/ontologies/hqdm#physical_object>	<http://www.w3.org/2000/01/rdf-schema#subClassOf>	<http://www.semanticweb.org/magma-core/ontologies/hqdm#individual>
<http://www.semanticweb.org/magma-core/ontologies/hqdm#physical_object>	<http://www.w3.org/2000/01/rdf-schema#subClassOf>	<http://www.semanticweb.org/magma-core/ontologies/hqdm#state_of_physical_object>
<http://www.semanticweb.org/magma-core/ontologies/hqdm#physical_object>	<http://www.w3.org/2000/01/rdf-schema#subClassOf>	_:N737074e27fee4b169792d4fed0a7fac5
<http://www.semanticweb.org/magma-core/ontologies/hqdm#physical_object>	<http://www.w3.org/2000/01/rdf-schema#subClassOf>	_:N958848c4aa744078bc4b27c93770ccfe
<http://www.semanticweb.org/magma-core/ontologies/hqdm#physical_property>	<http://www.w3.org/1999/02/22-rdf-syntax-ns#type>	<http://www.w3.org/2002/07/owl#Class>
<http://www.semanticweb.org/magma-core/ontologies/hqdm#physical_property>	<http://www.w3.org/2000/01/rdf-schema#subClassOf>	<http://www.semanticweb.org/magma-core/ontologies/hqdm#class_of_state>
<http://www.semanticweb.org/magma-core/ontologies/hqdm#physical_property>	<http://www.w3.org/2000/01/rdf-schema#subClassOf>	_:N513c53a3d6e24b4583f770bf846f3328
<http://www.semanticweb.org/magma-core/ontologies/hqdm#physical_property>	<http://www.w3.org/2000/01/rdf-schema#subClassOf>	_:N7cce6a2019b74ec7a6a9192b71f2507f
<http://www.semanticweb.org/magma-core/ontologies/hqdm#physical_property>	<http://www.w3.org/2000/01/rdf-schema#subClassOf>	_:Nfa09257e49954228bcc5e058783989f6
<http://www.semanticweb.org/magma-core/ontologies/hqdm#physical_property_range>	<http://www.w3.org/1999/02/22-rdf-syntax-ns#type>	<http://www.w3.org/2002/07/owl#Class>
<http://www.semanticweb.org/magma-core/ontologies/hqdm#physical_property_range>	<http://www.w3.org/2000/01/rdf-schema#subClassOf>	<http://www.semanticweb.org/magma-core/ontologies/hqdm#class_of_state>
<http://www.semanticweb.org/magma-core/ontologies/hqdm#physical_property_range>	<http://www.w3.org/2000/01/rdf-schema#subClassOf>	_:Ndd8227fcebfd405d800e058fbc37e766
<http://www.semanticweb.org/magma-core/ontologies/hqdm#physical_quantity>	<http://www.w3.org/1999/02/22-rdf-syntax-ns#type>	<http://www.w3.org/2002/07/owl#Class>
<http://www.semanticweb.org/magma-core/ontologies/hqdm#physical_quantity>	<http://www.w3.org/2000/01/rdf-schema#subClassOf>	<http://www.semanticweb.org/magma-core/ontologies/hqdm#physical_property>
<http://www.semanticweb.org/magma-core/ontologies/hqdm#physical_quantity>	<http://www.w3.org/2000/01/rdf-schema#subClassOf>	_:N2cf046a632034b77b98055675124f426
<http://www.semanticweb.org/magma-core/ontologies/hqdm#physical_quantity>	<http://www.w3.org/2000/01/rdf-schema#subClassOf>	_:Nd85cd2fd612944399688638d6c88a955
<http://www.semanticweb.org/magma-core/ontologies/hqdm#physical_quantity>	<http://www.w3.org/2000/01/rdf-schema#subClassOf>	_:Neae6605f413c40b4934de3bf6a650864
<http://www.semanticweb.org/magma-core/ontologies/hqdm#physical_quantity_range>	<http://www.w3.org/1999/02/22-rdf-syntax-ns#type>	<http://www.w3.org/2002/07/owl#Class>
<http://www.semanticweb.org/magma-core/ontologies/hqdm#physical_quantity_range>	<http://www.w3.org/2000/01/rdf-schema#subClassOf>	<http://www.semanticweb.org/magma-core/ontologies/hqdm#physical_property_range>
<http://www.semanticweb.org/magma-core/ontologies/hqdm#physical_quantity_range>	<http://www.w3.org/2000/01/rdf-schema#subClassOf>	_:N5a2bc04713a3435bbcabfb5588251922
<http://www.semanticweb.org/magma-core/ontologies/hqdm#physical_quantity_range>	<http://www.w3.org/2000/01/rdf-schema#subClassOf>	_:N67fd92d04e1a486497487e968937177b
<http://www.semanticweb.org/magma-core/ontologies/hqdm#physical_quantity_range>	<http://www.w3.org/2000/01/rdf-schema#subClassOf>	_:N68c144f923d440adb64e9f429b8b09de
<http://www.semanticweb.org/magma-core/ontologies/hqdm#physical_quantity_range>	<http://www.w3.org/2000/01/rdf-schema#subClassOf>	_:N8ec4b22a8c034d6582ed840e90207dd8
<http://www.semanticweb.org/magma-core/ontologies/hqdm#plan>	<http://www.w3.org/1999/02/22-rdf-syntax-ns#type>	<http://www.w3.org/2002/07/owl#Class>
<http://www.semanticweb.org/magma-core/ontologies/hqdm#plan>	<http://www.w3.org/2000/01/rdf-schema#subClassOf>	<http://www.semanticweb.org/magma-core/ontologies/hqdm#possible_world>
<http://www.semanticweb.org/magma-core/ontologies/hqdm#point_in_time>	<http://www.w3.org/1999/02/22-rdf-syntax-ns#type>	<http://www.w3.org/2002/07/owl#Class>
<http://www.semanticweb.org/magma-core/ontologies/hqdm#point_in_time>	<http://www.w3.org/2000/01/rdf-schema#subClassOf>	<http://www.semanticweb.org/magma-core/ontologies/hqdm#event>
<http://www.semanticweb.org/magma-core/ontologies/hqdm#point_in_time>	<http://www.w3.org/2000/01/rdf-schema#subClassOf>	_:Nc341b6993d0746c3ac68a0a7a481d81f
<http://www.semanticweb.org/magma-core/ontologies/hqdm#position>	<http://www.w3.org/1999/02/22-rdf-syntax-ns#type>	<http://www.w3.org/2002/07/owl#Class>
<http://www.semanticweb.org/magma-core/ontologies/hqdm#position>	<http://www.w3.org/2000/01/rdf-schema#subClassOf>	<http://www.semanticweb.org/magma-core/ontologies/hqdm#organization_component>
<http://www.semanticweb.org/magma-core/ontologies/hqdm#position>	<http://www.w3.org/2000/01/rdf-schema#subClassOf>	_:N22057a53f3514eda923670b82e8fdb54
<http://www.semanticweb.org/magma-core/ontologies/hqdm#position>	<http://www.w3.org/2000/01/rdf-schema#subClassOf>	_:Nddabd45706ee4464b499423028e3db83
<http://www.semanticweb.org/magma-core/ontologies/hqdm#possible_world>	<http://www.w3.org/1999/02/22-rdf-syntax-ns#type>	<http://www.w3.org/2002/07/owl#Class>
<http://www.semanticweb.org/magma-core/ontologies/hqdm#possible_world>	<http://www.w3.org/2000/01/rdf-schema#subClassOf>	<http://www.semanticweb.org/magma-core/ontologies/hqdm#individual>
<http://www.semanticweb.org/magma-core/ontologies/hqdm#possible_world>	<http://www.w3.org/2000/01/rdf-schema#subClassOf>	<http://www.semanticweb.org/magma-core/ontologies/hqdm#period_of_time>
<http://www.semanticweb.org/magma-core/ontologies/hqdm#possible_world>	<http://www.w3.org/2000/01/rdf-schema#subClassOf>	_:N6ef70a06e59340ba8b0c363812190ea4
<http://www.semanticweb.org/magma-core/ontologies/hqdm#price>	<http://www.w3.org/1999/02/22-rdf-syntax-ns#type>	<http://www.w3.org/2002/07/owl#Class>
<http://www.semanticweb.org/magma-core/ontologies/hqdm#price>	<http://www.w3.org/2000/01/rdf-schema#subClassOf>	<http://www.semanticweb.org/magma-core/ontologies/hqdm#class_of_amount_of_money>
<http://www.semanticweb.org/magma-core/ontologies/hqdm#product_brand>	<http://www.w3.org/1999/02/22-rdf-syntax-ns#type>	<http://www.w3.org/2002/07/owl#Class>
<http://www.semanticweb.org/magma-core/ontologies/hqdm#product_brand>	<http://www.w3.org/2000/01/rdf-schema#subClassOf>	<http://www.semanticweb.org/magma-core/ontologies/hqdm#class_of_sales_product_instance>
<http://www.semanticweb.org/magma-core/ontologies/hqdm#product_offering>	<http://www.w3.org/1999/02/22-rdf-syntax-ns#type>	<http://www.w3.org/2002/07/owl#Class>
<http://www.semanticweb.org/magma-core/ontologies/hqdm#product_offering>	<http://www.w3.org/2000/01/rdf-schema#subClassOf>	<http://www.semanticweb.org/magma-core/ontologies/hqdm#offering>
<http://www.semanticweb.org/magma-core/ontologies/hqdm#product_offering>	<http://www.w3.org/2000/01/rdf-schema#subClassOf>	_:N99c0f155e0734f45a24192d9dd6ded5d
<http://www.semanticweb.org/magma-core/ontologies/hqdm#product_offering>	<http://www.w3.org/2000/01/rdf-schema#subClassOf>	_:Nbe62de93442a4279bab49ce00363d845
<http://www.semanticweb.org/magma-core/ontologies/hqdm#ranges_over>	<http://www.w3.org/1999/02/22-rdf-syntax-ns#type>	<http://www.w3.org/2002/07/owl#ObjectProperty>
<http://www.semanticweb.org/magma-core/ontologies/hqdm#ranges_over>	<http://www.w3.org/2000/01/rdf-schema#domain>	<http://www.semanticweb.org/magma-core/ontologies/hqdm#physical_property_range>
<http://www.semanticweb.org/magma-core/ontologies/hqdm#ranges_over>	<http://www.w3.org/2000/01/rdf-schema#range>	<http://www.semanticweb.org/magma-core/ontologies/hqdm#physical_property>
<http://www.semanticweb.org/magma-core/ontologies/hqdm#reaching_agreement>	<http://www.w3.org/1999/02/22-rdf-syntax-ns#type>	<http://www.w3.org/2002/07/owl#Class>
<http://www.semanticweb.org/magma-core/ontologies/hqdm#reaching_agreement>	<http://www.w3.org/2000/01/rdf-schema#subClassOf>	<http://www.semanticweb.org/magma-core/ontologies/hqdm#socially_constructed_activity>
<http://www.semanticweb.org/magma-core/ontologies/hqdm#reaching_agreement>	<http://www.w3.org/2000/01/rdf-schema#subClassOf>	_:N3224692df3d94dc585b70eac082af022
<http://www.semanticweb.org/magma-core/ontologies/hqdm#reaching_agreement>	<http://www.w3.org/2000/01/rdf-schema#subClassOf>	_:N8ea26a742f7d48d0890420113829735e
<http://www.semanticweb.org/magma-core/ontologies/hqdm#reaching_agreement>	<http://www.w3.org/2000/01/rdf-schema#subClassOf>	_:Nd7345cfe54864afe8612389b7a621903
<http://www.semanticweb.org/magma-core/ontologies/hqdm#real_value>	<http://www.w3.org/1999/02/22-rdf-syntax-ns#type>	<http://www.w3.org/2002/07/owl#DatatypeProperty>
<http://www.semanticweb.org/magma-core/ontologies/hqdm#real_value>	<http://www.w3.org/2000/01/rdf-schema#domain>	<http://www.semanticweb.org/magma-core/ontologies/hqdm#identification_of_physical_quantity>
<http://www.semanticweb.org/magma-core/ontologies/hqdm#real_value>	<http://www.w3.org/2000/01/rdf-schema#range>	<http://www.w3.org/2001/XMLSchema#float>
<http://www.semanticweb.org/magma-core/ontologies/hqdm#real_value>	<http://www.w3.org/2000/01/rdf-schema#subPropertyOf>	<http://www.semanticweb.org/magma-core/ontologies/hqdm#value_types>
<http://www.semanticweb.org/magma-core/ontologies/hqdm#recognizing_language_community>	<http://www.w3.org/1999/02/22-rdf-syntax-ns#type>	<http://www.w3.org/2002/07/owl#Class>
<http://www.semanticweb.org/magma-core/ontologies/hqdm#recognizing_language_community>	<http://www.w3.org/2000/01/rdf-schema#subClassOf>	<http://www.semanticweb.org/magma-core/ontologies/hqdm#participant>
<http://www.semanticweb.org/magma-core/ontologies/hqdm#recognizing_language_community>	<http://www.w3.org/2000/01/rdf-schema#subClassOf>	<http://www.semanticweb.org/magma-core/ontologies/hqdm#state_of_language_community>
<http://www.semanticweb.org/magma-core/ontologies/hqdm#recognizing_language_community>	<http://www.w3.org/2000/01/rdf-schema#subClassOf>	_:Nb826b07486764e88897e63e54630d8f3
<http://www.semanticweb.org/magma-core/ontologies/hqdm#references>	<http://www.w3.org/1999/02/22-rdf-syntax-ns#type>	<http://www.w3.org/2002/07/owl#ObjectProperty>
<http://www.semanticweb.org/magma-core/ontologies/hqdm#references>	<http://www.w3.org/2000/01/rdf-schema#domain>	<http://www.semanticweb.org/magma-core/ontologies/hqdm#acceptance_of_offer>
<http://www.semanticweb.org/magma-core/ontologies/hqdm#references>	<http://www.w3.org/2000/01/rdf-schema#domain>	<http://www.semanticweb.org/magma-core/ontologies/hqdm#acceptance_of_offer_for_goods>
<http://www.semanticweb.org/magma-core/ontologies/hqdm#references>	<http://www.w3.org/2000/01/rdf-schema#domain>	<http://www.semanticweb.org/magma-core/ontologies/hqdm#activity>
<http://www.semanticweb.org/magma-core/ontologies/hqdm#references>	<http://www.w3.org/2000/01/rdf-schema#domain>	<http://www.semanticweb.org/magma-core/ontologies/hqdm#transfer_of_ownership>
<http://www.semanticweb.org/magma-core/ontologies/hqdm#references>	<http://www.w3.org/2000/01/rdf-schema#domain>	<http://www.semanticweb.org/magma-core/ontologies/hqdm#transfer_of_ownership_of_money>
<http://www.semanticweb.org/magma-core/ontologies/hqdm#references>	<http://www.w3.org/2000/01/rdf-schema#range>	<http://www.semanticweb.org/magma-core/ontologies/hqdm#asset>
<http://www.semanticweb.org/magma-core/ontologies/hqdm#references>	<http://www.w3.org/2000/01/rdf-schema#range>	<http://www.semanticweb.org/magma-core/ontologies/hqdm#money_asset>
<http://www.semanticweb.org/magma-core/ontologies/hqdm#references>	<http://www.w3.org/2000/01/rdf-schema#range>	<http://www.semanticweb.org/magma-core/ontologies/hqdm#offer>
<http://www.semanticweb.org/magma-core/ontologies/hqdm#references>	<http://www.w3.org/2000/01/rdf-schema#range>	<http://www.semanticweb.org/magma-core/ontologies/hqdm#offer_for_goods>
<http://www.semanticweb.org/magma-core/ontologies/hqdm#references>	<http://www.w3.org/2000/01/rdf-schema#range>	<http://www.semanticweb.org/magma-core/ontologies/hqdm#thing>
<http://www.semanticweb.org/magma-core/ontologies/hqdm#references_by_class>	<http://www.w3.org/1999/02/22-rdf-syntax-ns#type>	<http://www.w3.org/2002/07/owl#ObjectProperty>
<http://www.semanticweb.org/magma-core/ontologies/hqdm#references_by_class>	<http://www.w3.org/2000/01/rdf-schema#domain>	<http://www.semanticweb.org/magma-core/ontologies/hqdm#kind_of_activity>
<http://www.semanticweb.org/magma-core/ontologies/hqdm#references_by_class>	<http://www.w3.org/2000/01/rdf-schema#range>	<http://www.semanticweb.org/magma-core/ontologies/hqdm#class>
<http://www.semanticweb.org/magma-core/ontologies/hqdm#relationship>	<http://www.w3.org/1999/02/22-rdf-syntax-ns#type>	<http://www.w3.org/2002/07/owl#Class>
<http://www.semanticweb.org/magma-core/ontologies/hqdm#relationship>	<http://www.w3.org/2000/01/rdf-schema#comment>	"An abstract_object that is what one thing has to do with one or more others"
<http://www.semanticweb.org/magma-core/ontologies/hqdm#relationship>	<http://www.w3.org/2000/01/rdf-schema#subClassOf>	<http://www.semanticweb.org/magma-core/ontologies/hqdm#abstract_object>
<http://www.semanticweb.org/magma-core/ontologies/hqdm#relationship>	<http://www.w3.org/2000/01/rdf-schema#subClassOf>	_:Nbf95268748b949ffad16002303264647
<http://www.semanticweb.org/magma-core/ontologies/hqdm#relationship>	<http://www.w3.org/2002/07/owl#equivalentClass>	_:N22d91f74d59c46e88abce44ffddd515f
<http://www.semanticweb.org/magma-core/ontologies/hqdm#representation_by_pattern>	<http://www.w3.org/1999/02/22-rdf-syntax-ns#type>	<http://www.w3.org/2002/07/owl#Class>
<http://www.semanticweb.org/magma-core/ontologies/hqdm#representation_by_pattern>	<http://www.w3.org/2000/01/rdf-schema#subClassOf>	<http://www.semanticweb.org/magma-core/ontologies/hqdm#class_of_representation>
<http://www.semanticweb.org/magma-core/ontologies/hqdm#representation_by_pattern>	<http://www.w3.org/2000/01/rdf-schema#subClassOf>	_:N13088a7bebcf4a7f8c067c9ac896d98b
<http://www.semanticweb.org/magma-core/ontologies/hqdm#representation_by_pattern>	<http://www.w3.org/2000/01/rdf-schema#subClassOf>	_:N2b53d5a929f34e9489a37c5e1f7edd93
<http://www.semanticweb.org/magma-core/ontologies/hqdm#representation_by_pattern>	<http://www.w3.org/2000/01/rdf-schema#subClassOf>	_:N468a1e9e95e24e1ebd4dd2ab8d85c4f9
<http://www.semanticweb.org/magma-core/ontologies/hqdm#representation_by_pattern>	<http://www.w3.org/2000/01/rdf-schema#subClassOf>	_:Ncb74eab5dc78420c8c7753cb65c819d3
<http://www.semanticweb.org/magma-core/ontologies/hqdm#representation_by_sign>	<http://www.w3.org/1999/02/22-rdf-syntax-ns#type>	<http://www.w3.org/2002/07/owl#Class>
<http://www.semanticweb.org/magma-core/ontologies/hqdm#representation_by_sign>	<http://www.w3.org/2000/01/rdf-schema#subClassOf>	<http://www.semanticweb.org/magma-core/ontologies/hqdm#association>
<http://www.semanticweb.org/magma-core/ontologies/hqdm#representation_by_sign>	<http://www.w3.org/2000/01/rdf-schema#subClassOf>	_:N083fa8fc24294f9b8bf95a22b9cda9fb
<http://www.semanticweb.org/magma-core/ontologies/hqdm#representation_by_sign>	<http://www.w3.org/2000/01/rdf-schema#subClassOf>	_:N3048fb2fe25241e688edc1be020aedea
<http://www.semanticweb.org/magma-core/ontologies/hqdm#representation_by_sign>	<http://www.w3.org/2000/01/rdf-schema#subClassOf>	_:N572358ff5d04499282f7b4ae2ac0d5b4
<http://www.semanticweb.org/magma-core/ontologies/hqdm#representation_by_sign>	<http://www.w3.org/2000/01/rdf-schema#subClassOf>	_:N9904c8e2dcb8403187b5adb2324e7324
<http://www.semanticweb.org/magma-core/ontologies/hqdm#representation_by_sign>	<http://www.w3.org/2000/01/rdf-schema#subClassOf>	_:Ncf935501a5f841e096d3095697e9afc3
<http://www.semanticweb.org/magma-core/ontologies/hqdm#representation_by_sign>	<http://www.w3.org/2000/01/rdf-schema#subClassOf>	_:Ne108486252054831a705e5faa8659afa
<http://www.semanticweb.org/magma-core/ontologies/hqdm#represented>	<http://www.w3.org/1999/02/22-rdf-syntax-ns#type>	<http://www.w3.org/2002/07/owl#ObjectProperty>
<http://www.semanticweb.org/magma-core/ontologies/hqdm#represented>	<http://www.w3.org/2000/01/rdf-schema#domain>	<http://www.semanticweb.org/magma-core/ontologies/hqdm#definition>
<http://www.semanticweb.org/magma-core/ontologies/hqdm#represented>	<http://www.w3.org/2000/01/rdf-schema#domain>	<http://www.semanticweb.org/magma-core/ontologies/hqdm#identification_of_physical_quantity>
<http://www.semanticweb.org/magma-core/ontologies/hqdm#represented>	<http://www.w3.org/2000/01/rdf-schema#domain>	<http://www.semanticweb.org/magma-core/ontologies/hqdm#representation_by_pattern>
<http://www.semanticweb.org/magma-core/ontologies/hqdm#represented>	<http://www.w3.org/2000/01/rdf-schema#range>	<http://www.semanticweb.org/magma-core/ontologies/hqdm#class>
<http://www.semanticweb.org/magma-core/ontologies/hqdm#represented>	<http://www.w3.org/2000/01/rdf-schema#range>	<http://www.semanticweb.org/magma-core/ontologies/hqdm#physical_quantity>
<http://www.semanticweb.org/magma-core/ontologies/hqdm#represented>	<http://www.w3.org/2000/01/rdf-schema#range>	<http://www.semanticweb.org/magma-core/ontologies/hqdm#thing>
<http://www.semanticweb.org/magma-core/ontologies/hqdm#represents>	<http://www.w3.org/1999/02/22-rdf-syntax-ns#type>	<http://www.w3.org/2002/07/owl#ObjectProperty>
<http://www.semanticweb.org/magma-core/ontologies/hqdm#represents>	<http://www.w3.org/2000/01/rdf-schema#domain>	<http://www.semanticweb.org/magma-core/ontologies/hqdm#representation_by_sign>
<http://www.semanticweb.org/magma-core/ontologies/hqdm#represents>	<http://www.w3.org/2000/01/rdf-schema#range>	<http://www.semanticweb.org/magma-core/ontologies/hqdm#thing>
<http://www.semanticweb.org/magma-core/ontologies/hqdm#required_role_player>	<http://www.w3.org/1999/02/22-rdf-syntax-ns#type>	<http://www.w3.org/2002/07/owl#ObjectProperty>
<http://www.semanticweb.org/magma-core/ontologies/hqdm#required_role_player>	<http://www.w3.org/2000/01/rdf-schema#domain>	<http://www.semanticweb.org/magma-core/ontologies/hqdm#kind_of_relationship_with_restriction>
<http://www.semanticweb.org/magma-core/ontologies/hqdm#required_role_player>	<http://www.w3.org/2000/01/rdf-schema#range>	<http://www.semanticweb.org/magma-core/ontologies/hqdm#classification>
<http://www.semanticweb.org/magma-core/ontologies/hqdm#requirement>	<http://www.w3.org/1999/02/22-rdf-syntax-ns#type>	<http://www.w3.org/2002/07/owl#Class>
<http://www.semanticweb.org/magma-core/ontologies/hqdm#requirement>	<http://www.w3.org/2000/01/rdf-schema#subClassOf>	<http://www.semanticweb.org/magma-core/ontologies/hqdm#spatio_temporal_extent>
<http://www.semanticweb.org/magma-core/ontologies/hqdm#requirement>	<http://www.w3.org/2000/01/rdf-schema#subClassOf>	_:N125860d2e231453eafce66fa618ff4c4
<http://www.semanticweb.org/magma-core/ontologies/hqdm#requirement>	<http://www.w3.org/2000/01/rdf-schema#subClassOf>	_:N2230767f81c34e209ff877c7fffc2b58
<http://www.semanticweb.org/magma-core/ontologies/hqdm#requirement>	<http://www.w3.org/2000/01/rdf-schema#subClassOf>	_:N507d7f9fdfe2465abc0b731310e3b811
<http://www.semanticweb.org/magma-core/ontologies/hqdm#requirement_specification>	<http://www.w3.org/1999/02/22-rdf-syntax-ns#type>	<http://www.w3.org/2002/07/owl#Class>
<http://www.semanticweb.org/magma-core/ontologies/hqdm#requirement_specification>	<http://www.w3.org/2000/01/rdf-schema#subClassOf>	<http://www.semanticweb.org/magma-core/ontologies/hqdm#class_of_spatio_temporal_extent>
<http://www.semanticweb.org/magma-core/ontologies/hqdm#requirement_specification>	<http://www.w3.org/2000/01/rdf-schema#subClassOf>	_:N69c5d7a60efb4b6a98bcb84934276e3c
<http://www.semanticweb.org/magma-core/ontologies/hqdm#role>	<http://www.w3.org/1999/02/22-rdf-syntax-ns#type>	<http://www.w3.org/2002/07/owl#Class>
<http://www.semanticweb.org/magma-core/ontologies/hqdm#role>	<http://www.w3.org/2000/01/rdf-schema#subClassOf>	<http://www.semanticweb.org/magma-core/ontologies/hqdm#class_of_participant>
<http://www.semanticweb.org/magma-core/ontologies/hqdm#role>	<http://www.w3.org/2000/01/rdf-schema#subClassOf>	_:N2cd545fb27354695bd5304f89a913233
<http://www.semanticweb.org/magma-core/ontologies/hqdm#role>	<http://www.w3.org/2000/01/rdf-schema#subClassOf>	_:Ne0f3c6bce7a342c29ff5b259bd1b74c4
<http://www.semanticweb.org/magma-core/ontologies/hqdm#roles>	<http://www.w3.org/1999/02/22-rdf-syntax-ns#type>	<http://www.w3.org/2002/07/owl#ObjectProperty>
<http://www.semanticweb.org/magma-core/ontologies/hqdm#roles>	<http://www.w3.org/2000/01/rdf-schema#domain>	<http://www.semanticweb.org/magma-core/ontologies/hqdm#kind_of_relationship_with_signature>
<http://www.semanticweb.org/magma-core/ontologies/hqdm#roles>	<http://www.w3.org/2000/01/rdf-schema#range>	<http://www.semanticweb.org/magma-core/ontologies/hqdm#class>
<http://www.semanticweb.org/magma-core/ontologies/hqdm#sale_of_goods>	<http://www.w3.org/1999/02/22-rdf-syntax-ns#type>	<http://www.w3.org/2002/07/owl#Class>
<http://www.semanticweb.org/magma-core/ontologies/hqdm#sale_of_goods>	<http://www.w3.org/2000/01/rdf-schema#subClassOf>	<http://www.semanticweb.org/magma-core/ontologies/hqdm#contract_process>
<http://www.semanticweb.org/magma-core/ontologies/hqdm#sale_of_goods>	<http://www.w3.org/2000/01/rdf-schema#subClassOf>	_:N002db4162da943f4b34b43f3c1874f5e
<http://www.semanticweb.org/magma-core/ontologies/hqdm#sale_of_goods>	<http://www.w3.org/2000/01/rdf-schema#subClassOf>	_:N35352eb544f5423bb8eecc7209b98b03
<http://www.semanticweb.org/magma-core/ontologies/hqdm#sale_of_goods>	<http://www.w3.org/2000/01/rdf-schema#subClassOf>	_:Ncf1c88e5fe904ba5bf1c51240b44ae57
<http://www.semanticweb.org/magma-core/ontologies/hqdm#sale_of_goods>	<http://www.w3.org/2000/01/rdf-schema#subClassOf>	_:Ne05db16631dc4d4c9b0ee5275b5c360c
<http://www.semanticweb.org/magma-core/ontologies/hqdm#sales_product>	<http://www.w3.org/1999/02/22-rdf-syntax-ns#type>	<http://www.w3.org/2002/07/owl#Class>
<http://www.semanticweb.org/magma-core/ontologies/hqdm#sales_product>	<http://www.w3.org/2000/01/rdf-schema#subClassOf>	<http://www.semanticweb.org/magma-core/ontologies/hqdm#class_of_sales_product_instance>
<http://www.semanticweb.org/magma-core/ontologies/hqdm#sales_product>	<http://www.w3.org/2000/01/rdf-schema#subClassOf>	_:N8a9d2d1bccde4cca9c0334033ef744d4
<http://www.semanticweb.org/magma-core/ontologies/hqdm#sales_product>	<http://www.w3.org/2000/01/rdf-schema#subClassOf>	_:Nd10ac4234675484380ad37cf0e6dd598
<http://www.semanticweb.org/magma-core/ontologies/hqdm#sales_product>	<http://www.w3.org/2000/01/rdf-schema#subClassOf>	_:Nef7417ecd5154d82bbe0fb5bb654a937
<http://www.semanticweb.org/magma-core/ontologies/hqdm#sales_product_instance>	<http://www.w3.org/1999/02/22-rdf-syntax-ns#type>	<http://www.w3.org/2002/07/owl#Class>
<http://www.semanticweb.org/magma-core/ontologies/hqdm#sales_product_instance>	<http://www.w3.org/2000/01/rdf-schema#subClassOf>	<http://www.semanticweb.org/magma-core/ontologies/hqdm#ordinary_functional_object>
<http://www.semanticweb.org/magma-core/ontologies/hqdm#sales_product_instance>	<http://www.w3.org/2000/01/rdf-schema#subClassOf>	<http://www.semanticweb.org/magma-core/ontologies/hqdm#state_of_sales_product_instance>
<http://www.semanticweb.org/magma-core/ontologies/hqdm#sales_product_instance>	<http://www.w3.org/2000/01/rdf-schema#subClassOf>	_:Nab72a39171a34df48631603b2619ca8e
<http://www.semanticweb.org/magma-core/ontologies/hqdm#sales_product_version>	<http://www.w3.org/1999/02/22-rdf-syntax-ns#type>	<http://www.w3.org/2002/07/owl#Class>
<http://www.semanticweb.org/magma-core/ontologies/hqdm#sales_product_version>	<http://www.w3.org/2000/01/rdf-schema#subClassOf>	<http://www.semanticweb.org/magma-core/ontologies/hqdm#class_of_sales_product_instance>
<http://www.semanticweb.org/magma-core/ontologies/hqdm#sales_product_version>	<http://www.w3.org/2000/01/rdf-schema#subClassOf>	_:N0629a40ed4764ff0b269ddb80f7da0e5
<http://www.semanticweb.org/magma-core/ontologies/hqdm#sales_product_version>	<http://www.w3.org/2000/01/rdf-schema#subClassOf>	_:N9fdf6ed28000439eb712bcd329df5ed9
<http://www.semanticweb.org/magma-core/ontologies/hqdm#sales_product_version>	<http://www.w3.org/2000/01/rdf-schema#subClassOf>	_:Ne259aadd63df4b12a2262d53b25b43b6
<http://www.semanticweb.org/magma-core/ontologies/hqdm#scale>	<http://www.w3.org/1999/02/22-rdf-syntax-ns#type>	<http://www.w3.org/2002/07/owl#Class>
<http://www.semanticweb.org/magma-core/ontologies/hqdm#scale>	<http://www.w3.org/2000/01/rdf-schema#subClassOf>	<http://www.semanticweb.org/magma-core/ontologies/hqdm#function_>
<http://www.semanticweb.org/magma-core/ontologies/hqdm#scale>	<http://www.w3.org/2000/01/rdf-schema#subClassOf>	_:N2ece024c74624cc7a3fa08ef95cb1c73
<http://www.semanticweb.org/magma-core/ontologies/hqdm#scale>	<http://www.w3.org/2000/01/rdf-schema#subClassOf>	_:N93c3cc27220945fcaf696fe365c3cba5
<http://www.semanticweb.org/magma-core/ontologies/hqdm#scale>	<http://www.w3.org/2000/01/rdf-schema#subClassOf>	_:Ndccb6dcdebf7447a888a5f3b6faec381
<http://www.semanticweb.org/magma-core/ontologies/hqdm#sign>	<http://www.w3.org/1999/02/22-rdf-syntax-ns#type>	<http://www.w3.org/2002/07/owl#Class>
<http://www.semanticweb.org/magma-core/ontologies/hqdm#sign>	<http://www.w3.org/2000/01/rdf-schema#subClassOf>	<http://www.semanticweb.org/magma-core/ontologies/hqdm#participant>
<http://www.semanticweb.org/magma-core/ontologies/hqdm#sign>	<http://www.w3.org/2000/01/rdf-schema#subClassOf>	<http://www.semanticweb.org/magma-core/ontologies/hqdm#socially_constructed_object>
<http://www.semanticweb.org/magma-core/ontologies/hqdm#sign>	<http://www.w3.org/2000/01/rdf-schema#subClassOf>	<http://www.semanticweb.org/magma-core/ontologies/hqdm#state_of_sign>
<http://www.semanticweb.org/magma-core/ontologies/hqdm#sign>	<http://www.w3.org/2000/01/rdf-schema#subClassOf>	_:N08506d8160ce4bddb8b7390151c673e5
<http://www.semanticweb.org/magma-core/ontologies/hqdm#sign>	<http://www.w3.org/2000/01/rdf-schema#subClassOf>	_:N0b7f78b6c47f4f8581cdfe7f2718133c
<http://www.semanticweb.org/magma-core/ontologies/hqdm#sign>	<http://www.w3.org/2000/01/rdf-schema#subClassOf>	_:N66f763cd48074a99904435b900185634
<http://www.semanticweb.org/magma-core/ontologies/hqdm#sign>	<http://www.w3.org/2000/01/rdf-schema#subClassOf>	_:N7d0854fd0f6043a0b81f5b5ae82143e9
<http://www.semanticweb.org/magma-core/ontologies/hqdm#socially_constructed_activity>	<http://www.w3.org/1999/02/22-rdf-syntax-ns#type>	<http://www.w3.org/2002/07/owl#Class>
<http://www.semanticweb.org/magma-core/ontologies/hqdm#socially_constructed_activity>	<http://www.w3.org/2000/01/rdf-schema#subClassOf>	<http://www.semanticweb.org/magma-core/ontologies/hqdm#activity>
<http://www.semanticweb.org/magma-core/ontologies/hqdm#socially_constructed_activity>	<http://www.w3.org/2000/01/rdf-schema#subClassOf>	<http://www.semanticweb.org/magma-core/ontologies/hqdm#socially_constructed_object>
<http://www.semanticweb.org/magma-core/ontologies/hqdm#socially_constructed_activity>	<http://www.w3.org/2000/01/rdf-schema#subClassOf>	_:N1458ab5c309b41bf95cdebcb6a2b5fa0
<http://www.semanticweb.org/magma-core/ontologies/hqdm#socially_constructed_activity>	<http://www.w3.org/2000/01/rdf-schema#subClassOf>	_:N738a24fb9e9c48f888e4e4c3b9f5645e
<http://www.semanticweb.org/magma-core/ontologies/hqdm#socially_constructed_activity>	<http://www.w3.org/2000/01/rdf-schema#subClassOf>	_:Nd336841791e64316b008a865a6e31de9
<http://www.semanticweb.org/magma-core/ontologies/hqdm#socially_constructed_object>	<http://www.w3.org/1999/02/22-rdf-syntax-ns#type>	<http://www.w3.org/2002/07/owl#Class>
<http://www.semanticweb.org/magma-core/ontologies/hqdm#socially_constructed_object>	<http://www.w3.org/2000/01/rdf-schema#subClassOf>	<http://www.semanticweb.org/magma-core/ontologies/hqdm#intentionally_constructed_object>
<http://www.semanticweb.org/magma-core/ontologies/hqdm#socially_constructed_object>	<http://www.w3.org/2000/01/rdf-schema#subClassOf>	<http://www.semanticweb.org/magma-core/ontologies/hqdm#state_of_socially_constructed_object>
<http://www.semanticweb.org/magma-core/ontologies/hqdm#socially_constructed_object>	<http://www.w3.org/2000/01/rdf-schema#subClassOf>	_:N6e84c9ed2ad140d0896fe910bf4a8a99
<http://www.semanticweb.org/magma-core/ontologies/hqdm#socially_constructed_object>	<http://www.w3.org/2000/01/rdf-schema#subClassOf>	_:Nf58d3b30b1344d599e7bd64fdc279261
<http://www.semanticweb.org/magma-core/ontologies/hqdm#sold_as>	<http://www.w3.org/1999/02/22-rdf-syntax-ns#type>	<http://www.w3.org/2002/07/owl#ObjectProperty>
<http://www.semanticweb.org/magma-core/ontologies/hqdm#sold_as>	<http://www.w3.org/2000/01/rdf-schema#domain>	<http://www.semanticweb.org/magma-core/ontologies/hqdm#sales_product_version>
<http://www.semanticweb.org/magma-core/ontologies/hqdm#sold_as>	<http://www.w3.org/2000/01/rdf-schema#range>	<http://www.semanticweb.org/magma-core/ontologies/hqdm#sales_product>
<http://www.semanticweb.org/magma-core/ontologies/hqdm#sold_under>	<http://www.w3.org/1999/02/22-rdf-syntax-ns#type>	<http://www.w3.org/2002/07/owl#ObjectProperty>
<http://www.semanticweb.org/magma-core/ontologies/hqdm#sold_under>	<http://www.w3.org/2000/01/rdf-schema#domain>	<http://www.semanticweb.org/magma-core/ontologies/hqdm#sales_product>
<http://www.semanticweb.org/magma-core/ontologies/hqdm#sold_under>	<http://www.w3.org/2000/01/rdf-schema#range>	<http://www.semanticweb.org/magma-core/ontologies/hqdm#product_brand>
<http://www.semanticweb.org/magma-core/ontologies/hqdm#spatio_temporal_extent>	<http://www.w3.org/1999/02/22-rdf-syntax-ns#type>	<http://www.w3.org/2002/07/owl#Class>
<http://www.semanticweb.org/magma-core/ontologies/hqdm#spatio_temporal_extent>	<http://www.w3.org/2000/01/rdf-schema#comment>	"A spatio_temporal_extent is some arbitrary piece of space-time that is not necessarily contiguous and is part_of at least one possible_world . A spatio_temporal_extent may have a beginning event and an ending event (it will necessarily have both, but you will not necessarily know them).\n\nA spatio_temporal_extent may be a member_of one or more class_of_spatio_temporal_extent , which in turn may be a member_of one or more class_of_class_of_spatio_temporal_extent . In later diagrams I do not make explicit subtypes of class_of_class_of_spatio_temporal_extent , but this diagram makes them available. A class_of_spatio_temporal_extent may have one or more part__of_by_class relationships to another class_of_spatio_temporal_extent where a member_of one has a member_of the other as a part."
<http://www.semanticweb.org/magma-core/ontologies/hqdm#spatio_temporal_extent>	<http://www.w3.org/2000/01/rdf-schema#subClassOf>	<http://www.semanticweb.org/magma-core/ontologies/hqdm#thing>
<http://www.semanticweb.org/magma-core/ontologies/hqdm#spatio_temporal_extent>	<http://www.w3.org/2000/01/rdf-schema#subClassOf>	_:N036a39887e504df3ad5839e53ed3610a
<http://www.semanticweb.org/magma-core/ontologies/hqdm#spatio_temporal_extent>	<http://www.w3.org/2000/01/rdf-schema#subClassOf>	_:N4424b12449ec4688808f36f82ffa0b2c
<http://www.semanticweb.org/magma-core/ontologies/hqdm#spatio_temporal_extent>	<http://www.w3.org/2000/01/rdf-schema#subClassOf>	_:N6ae258331e1d43d9a324d3c14f434539
<http://www.semanticweb.org/magma-core/ontologies/hqdm#spatio_temporal_extent>	<http://www.w3.org/2000/01/rdf-schema#subClassOf>	_:N6b890177c0ec48419d9c494b227dd818
<http://www.semanticweb.org/magma-core/ontologies/hqdm#spatio_temporal_extent>	<http://www.w3.org/2000/01/rdf-schema#subClassOf>	_:N6f19e6997c2e480a879ebdfa7bc5a768
<http://www.semanticweb.org/magma-core/ontologies/hqdm#spatio_temporal_extent>	<http://www.w3.org/2000/01/rdf-schema#subClassOf>	_:N720b44732f964db4a2c199998e240a62
<http://www.semanticweb.org/magma-core/ontologies/hqdm#spatio_temporal_extent>	<http://www.w3.org/2000/01/rdf-schema#subClassOf>	_:N93cd46b06c954fe1a16568fdfc3c68a4
<http://www.semanticweb.org/magma-core/ontologies/hqdm#spatio_temporal_extent>	<http://www.w3.org/2000/01/rdf-schema#subClassOf>	_:Nc628db2fbb4a49e4a5bb48532b9652bc
<http://www.semanticweb.org/magma-core/ontologies/hqdm#specialization>	<http://www.w3.org/1999/02/22-rdf-syntax-ns#type>	<http://www.w3.org/2002/07/owl#Class>
<http://www.semanticweb.org/magma-core/ontologies/hqdm#specialization>	<http://www.w3.org/2000/01/rdf-schema#comment>	"A relationship where each member__of the subclass is a member__of the superclass."
<http://www.semanticweb.org/magma-core/ontologies/hqdm#specialization>	<http://www.w3.org/2000/01/rdf-schema#subClassOf>	<http://www.semanticweb.org/magma-core/ontologies/hqdm#relationship>
<http://www.semanticweb.org/magma-core/ontologies/hqdm#specialization>	<http://www.w3.org/2000/01/rdf-schema#subClassOf>	_:N4235f373c6b74c079d82c8cf28ecb869
<http://www.semanticweb.org/magma-core/ontologies/hqdm#specialization>	<http://www.w3.org/2000/01/rdf-schema#subClassOf>	_:Nb42648fa4bf14e61960da169ef3c5057
<http://www.semanticweb.org/magma-core/ontologies/hqdm#specialization>	<http://www.w3.org/2000/01/rdf-schema#subClassOf>	_:Nb574bfb8a1e246fd8e2ce9e1d8af57f5
<http://www.semanticweb.org/magma-core/ontologies/hqdm#specialization>	<http://www.w3.org/2000/01/rdf-schema#subClassOf>	_:Nf61801013f6d46b0b8623f7357e6d69c
<http://www.semanticweb.org/magma-core/ontologies/hqdm#state>	<http://www.w3.org/1999/02/22-rdf-syntax-ns#type>	<http://www.w3.org/2002/07/owl#Class>
<http://www.semanticweb.org/magma-core/ontologies/hqdm#state>	<http://www.w3.org/2000/01/rdf-schema#subClassOf>	<http://www.semanticweb.org/magma-core/ontologies/hqdm#spatio_temporal_extent>
<http://www.semanticweb.org/magma-core/ontologies/hqdm#state>	<http://www.w3.org/2000/01/rdf-schema#subClassOf>	_:N8e0b814d7cad4c06a9f55aad67d163d0
<http://www.semanticweb.org/magma-core/ontologies/hqdm#state>	<http://www.w3.org/2000/01/rdf-schema#subClassOf>	_:Ne8a251fe8a254ac3b90fa3fd04d66094
<http://www.semanticweb.org/magma-core/ontologies/hqdm#state_of_activity>	<http://www.w3.org/1999/02/22-rdf-syntax-ns#type>	<http://www.w3.org/2002/07/owl#Class>
<http://www.semanticweb.org/magma-core/ontologies/hqdm#state_of_activity>	<http://www.w3.org/2000/01/rdf-schema#subClassOf>	<http://www.semanticweb.org/magma-core/ontologies/hqdm#state>
<http://www.semanticweb.org/magma-core/ontologies/hqdm#state_of_activity>	<http://www.w3.org/2000/01/rdf-schema#subClassOf>	_:N610ddf0675174edcbeec652ff63ea9ed
<http://www.semanticweb.org/magma-core/ontologies/hqdm#state_of_activity>	<http://www.w3.org/2000/01/rdf-schema#subClassOf>	_:N65386064530d4a65a341b0c547ce6071
<http://www.semanticweb.org/magma-core/ontologies/hqdm#state_of_amount_of_money>	<http://www.w3.org/1999/02/22-rdf-syntax-ns#type>	<http://www.w3.org/2002/07/owl#Class>
<http://www.semanticweb.org/magma-core/ontologies/hqdm#state_of_amount_of_money>	<http://www.w3.org/2000/01/rdf-schema#subClassOf>	<http://www.semanticweb.org/magma-core/ontologies/hqdm#state_of_physical_object>
<http://www.semanticweb.org/magma-core/ontologies/hqdm#state_of_amount_of_money>	<http://www.w3.org/2000/01/rdf-schema#subClassOf>	<http://www.semanticweb.org/magma-core/ontologies/hqdm#state_of_socially_constructed_object>
<http://www.semanticweb.org/magma-core/ontologies/hqdm#state_of_amount_of_money>	<http://www.w3.org/2000/01/rdf-schema#subClassOf>	_:N49028850b06240c781bbb6213a716012
<http://www.semanticweb.org/magma-core/ontologies/hqdm#state_of_amount_of_money>	<http://www.w3.org/2000/01/rdf-schema#subClassOf>	_:N636a311a9bba4cd9ae77ba24d2c5828f
<http://www.semanticweb.org/magma-core/ontologies/hqdm#state_of_association>	<http://www.w3.org/1999/02/22-rdf-syntax-ns#type>	<http://www.w3.org/2002/07/owl#Class>
<http://www.semanticweb.org/magma-core/ontologies/hqdm#state_of_association>	<http://www.w3.org/2000/01/rdf-schema#subClassOf>	<http://www.semanticweb.org/magma-core/ontologies/hqdm#state>
<http://www.semanticweb.org/magma-core/ontologies/hqdm#state_of_association>	<http://www.w3.org/2000/01/rdf-schema#subClassOf>	_:N2f4ce7a0ef5044b99005da71804855f6
<http://www.semanticweb.org/magma-core/ontologies/hqdm#state_of_association>	<http://www.w3.org/2000/01/rdf-schema#subClassOf>	_:N6c0d56d931584e60b90857cdbe34e048
<http://www.semanticweb.org/magma-core/ontologies/hqdm#state_of_biological_object>	<http://www.w3.org/1999/02/22-rdf-syntax-ns#type>	<http://www.w3.org/2002/07/owl#Class>
<http://www.semanticweb.org/magma-core/ontologies/hqdm#state_of_biological_object>	<http://www.w3.org/2000/01/rdf-schema#subClassOf>	<http://www.semanticweb.org/magma-core/ontologies/hqdm#state_of_physical_object>
<http://www.semanticweb.org/magma-core/ontologies/hqdm#state_of_biological_object>	<http://www.w3.org/2000/01/rdf-schema#subClassOf>	_:N5c66075a010645c5b259bc95e7a21e78
<http://www.semanticweb.org/magma-core/ontologies/hqdm#state_of_biological_object>	<http://www.w3.org/2000/01/rdf-schema#subClassOf>	_:Na0df2176a79a43aca54d1767aa669bb7
<http://www.semanticweb.org/magma-core/ontologies/hqdm#state_of_biological_system>	<http://www.w3.org/1999/02/22-rdf-syntax-ns#type>	<http://www.w3.org/2002/07/owl#Class>
<http://www.semanticweb.org/magma-core/ontologies/hqdm#state_of_biological_system>	<http://www.w3.org/2000/01/rdf-schema#subClassOf>	<http://www.semanticweb.org/magma-core/ontologies/hqdm#state_of_ordinary_biological_object>
<http://www.semanticweb.org/magma-core/ontologies/hqdm#state_of_biological_system>	<http://www.w3.org/2000/01/rdf-schema#subClassOf>	<http://www.semanticweb.org/magma-core/ontologies/hqdm#state_of_system>
<http://www.semanticweb.org/magma-core/ontologies/hqdm#state_of_biological_system>	<http://www.w3.org/2000/01/rdf-schema#subClassOf>	_:N2b2e655b2a4442d3aa02a55668551f6f
<http://www.semanticweb.org/magma-core/ontologies/hqdm#state_of_biological_system>	<http://www.w3.org/2000/01/rdf-schema#subClassOf>	_:N6c21cfabe65149b9ab42d534f060d993
<http://www.semanticweb.org/magma-core/ontologies/hqdm#state_of_biological_system_component>	<http://www.w3.org/1999/02/22-rdf-syntax-ns#type>	<http://www.w3.org/2002/07/owl#Class>
<http://www.semanticweb.org/magma-core/ontologies/hqdm#state_of_biological_system_component>	<http://www.w3.org/2000/01/rdf-schema#subClassOf>	<http://www.semanticweb.org/magma-core/ontologies/hqdm#state_of_biological_object>
<http://www.semanticweb.org/magma-core/ontologies/hqdm#state_of_biological_system_component>	<http://www.w3.org/2000/01/rdf-schema#subClassOf>	<http://www.semanticweb.org/magma-core/ontologies/hqdm#state_of_system_component>
<http://www.semanticweb.org/magma-core/ontologies/hqdm#state_of_biological_system_component>	<http://www.w3.org/2000/01/rdf-schema#subClassOf>	_:N3fd46980c2ee4d9590e0b5d36e8bb3c9
<http://www.semanticweb.org/magma-core/ontologies/hqdm#state_of_biological_system_component>	<http://www.w3.org/2000/01/rdf-schema#subClassOf>	_:Nbea4cd2f92fd44ee9e0cd216139b7372
<http://www.semanticweb.org/magma-core/ontologies/hqdm#state_of_functional_object>	<http://www.w3.org/1999/02/22-rdf-syntax-ns#type>	<http://www.w3.org/2002/07/owl#Class>
<http://www.semanticweb.org/magma-core/ontologies/hqdm#state_of_functional_object>	<http://www.w3.org/2000/01/rdf-schema#subClassOf>	<http://www.semanticweb.org/magma-core/ontologies/hqdm#state_of_intentionally_constructed_object>
<http://www.semanticweb.org/magma-core/ontologies/hqdm#state_of_functional_object>	<http://www.w3.org/2000/01/rdf-schema#subClassOf>	<http://www.semanticweb.org/magma-core/ontologies/hqdm#state_of_physical_object>
<http://www.semanticweb.org/magma-core/ontologies/hqdm#state_of_functional_object>	<http://www.w3.org/2000/01/rdf-schema#subClassOf>	_:N6d092b3bbdd04c69b1acff4f9608e7ff
<http://www.semanticweb.org/magma-core/ontologies/hqdm#state_of_functional_object>	<http://www.w3.org/2000/01/rdf-schema#subClassOf>	_:Ne3215b49748847a5a8e3999d0d4d9b5b
<http://www.semanticweb.org/magma-core/ontologies/hqdm#state_of_functional_system>	<http://www.w3.org/1999/02/22-rdf-syntax-ns#type>	<http://www.w3.org/2002/07/owl#Class>
<http://www.semanticweb.org/magma-core/ontologies/hqdm#state_of_functional_system>	<http://www.w3.org/2000/01/rdf-schema#subClassOf>	<http://www.semanticweb.org/magma-core/ontologies/hqdm#state_of_ordinary_functional_object>
<http://www.semanticweb.org/magma-core/ontologies/hqdm#state_of_functional_system>	<http://www.w3.org/2000/01/rdf-schema#subClassOf>	<http://www.semanticweb.org/magma-core/ontologies/hqdm#state_of_system>
<http://www.semanticweb.org/magma-core/ontologies/hqdm#state_of_functional_system>	<http://www.w3.org/2000/01/rdf-schema#subClassOf>	_:Nb328361ca3e9472fa45e2f009636a769
<http://www.semanticweb.org/magma-core/ontologies/hqdm#state_of_functional_system>	<http://www.w3.org/2000/01/rdf-schema#subClassOf>	_:Nfe9f15faca7d47c69cf0e66a293a4d59
<http://www.semanticweb.org/magma-core/ontologies/hqdm#state_of_functional_system_component>	<http://www.w3.org/1999/02/22-rdf-syntax-ns#type>	<http://www.w3.org/2002/07/owl#Class>
<http://www.semanticweb.org/magma-core/ontologies/hqdm#state_of_functional_system_component>	<http://www.w3.org/2000/01/rdf-schema#subClassOf>	<http://www.semanticweb.org/magma-core/ontologies/hqdm#state_of_functional_object>
<http://www.semanticweb.org/magma-core/ontologies/hqdm#state_of_functional_system_component>	<http://www.w3.org/2000/01/rdf-schema#subClassOf>	<http://www.semanticweb.org/magma-core/ontologies/hqdm#state_of_system_component>
<http://www.semanticweb.org/magma-core/ontologies/hqdm#state_of_functional_system_component>	<http://www.w3.org/2000/01/rdf-schema#subClassOf>	_:N6b3ae5f4ad5342c98c75df168a09adc5
<http://www.semanticweb.org/magma-core/ontologies/hqdm#state_of_functional_system_component>	<http://www.w3.org/2000/01/rdf-schema#subClassOf>	_:Nc4efbf98b2c842c590204234d62905be
<http://www.semanticweb.org/magma-core/ontologies/hqdm#state_of_intentionally_constructed_object>	<http://www.w3.org/1999/02/22-rdf-syntax-ns#type>	<http://www.w3.org/2002/07/owl#Class>
<http://www.semanticweb.org/magma-core/ontologies/hqdm#state_of_intentionally_constructed_object>	<http://www.w3.org/2000/01/rdf-schema#subClassOf>	<http://www.semanticweb.org/magma-core/ontologies/hqdm#state>
<http://www.semanticweb.org/magma-core/ontologies/hqdm#state_of_intentionally_constructed_object>	<http://www.w3.org/2000/01/rdf-schema#subClassOf>	_:N0c08b8433a9642b7ac8a9a2f0064c20f
<http://www.semanticweb.org/magma-core/ontologies/hqdm#state_of_intentionally_constructed_object>	<http://www.w3.org/2000/01/rdf-schema#subClassOf>	_:Nb7ae69f6c64c40739af5ac7616e4d542
<http://www.semanticweb.org/magma-core/ontologies/hqdm#state_of_language_community>	<http://www.w3.org/1999/02/22-rdf-syntax-ns#type>	<http://www.w3.org/2002/07/owl#Class>
<http://www.semanticweb.org/magma-core/ontologies/hqdm#state_of_language_community>	<http://www.w3.org/2000/01/rdf-schema#subClassOf>	<http://www.semanticweb.org/magma-core/ontologies/hqdm#state_of_organization>
<http://www.semanticweb.org/magma-core/ontologies/hqdm#state_of_language_community>	<http://www.w3.org/2000/01/rdf-schema#subClassOf>	_:Nf5ca083f62684aec8454a6336da4e670
<http://www.semanticweb.org/magma-core/ontologies/hqdm#state_of_ordinary_biological_object>	<http://www.w3.org/1999/02/22-rdf-syntax-ns#type>	<http://www.w3.org/2002/07/owl#Class>
<http://www.semanticweb.org/magma-core/ontologies/hqdm#state_of_ordinary_biological_object>	<http://www.w3.org/2000/01/rdf-schema#subClassOf>	<http://www.semanticweb.org/magma-core/ontologies/hqdm#state_of_biological_object>
<http://www.semanticweb.org/magma-core/ontologies/hqdm#state_of_ordinary_biological_object>	<http://www.w3.org/2000/01/rdf-schema#subClassOf>	<http://www.semanticweb.org/magma-core/ontologies/hqdm#state_of_ordinary_physical_object>
<http://www.semanticweb.org/magma-core/ontologies/hqdm#state_of_ordinary_biological_object>	<http://www.w3.org/2000/01/rdf-schema#subClassOf>	_:N5a4d5a8293154aaeac40c53f7483924e
<http://www.semanticweb.org/magma-core/ontologies/hqdm#state_of_ordinary_biological_object>	<http://www.w3.org/2000/01/rdf-schema#subClassOf>	_:N9ed68ca1728543cdb934b783bc9311d6
<http://www.semanticweb.org/magma-core/ontologies/hqdm#state_of_ordinary_functional_object>	<http://www.w3.org/1999/02/22-rdf-syntax-ns#type>	<http://www.w3.org/2002/07/owl#Class>
<http://www.semanticweb.org/magma-core/ontologies/hqdm#state_of_ordinary_functional_object>	<http://www.w3.org/2000/01/rdf-schema#subClassOf>	<http://www.semanticweb.org/magma-core/ontologies/hqdm#state_of_functional_object>
<http://www.semanticweb.org/magma-core/ontologies/hqdm#state_of_ordinary_functional_object>	<http://www.w3.org/2000/01/rdf-schema#subClassOf>	<http://www.semanticweb.org/magma-core/ontologies/hqdm#state_of_ordinary_physical_object>
<http://www.semanticweb.org/magma-core/ontologies/hqdm#state_of_ordinary_functional_object>	<http://www.w3.org/2000/01/rdf-schema#subClassOf>	_:N938f888a52ef46a3bbd6a356df12df8b
<http://www.semanticweb.org/magma-core/ontologies/hqdm#state_of_ordinary_functional_object>	<http://www.w3.org/2000/01/rdf-schema#subClassOf>	_:Ndd4181e3668c40378dc02313a64ed3de
<http://www.semanticweb.org/magma-core/ontologies/hqdm#state_of_ordinary_physical_object>	<http://www.w3.org/1999/02/22-rdf-syntax-ns#type>	<http://www.w3.org/2002/07/owl#Class>
<http://www.semanticweb.org/magma-core/ontologies/hqdm#state_of_ordinary_physical_object>	<http://www.w3.org/2000/01/rdf-schema#subClassOf>	<http://www.semanticweb.org/magma-core/ontologies/hqdm#state_of_physical_object>
<http://www.semanticweb.org/magma-core/ontologies/hqdm#state_of_ordinary_physical_object>	<http://www.w3.org/2000/01/rdf-schema#subClassOf>	_:N0eca87dbe34f4729988f8a3ca2be8dbf
<http://www.semanticweb.org/magma-core/ontologies/hqdm#state_of_ordinary_physical_object>	<http://www.w3.org/2000/01/rdf-schema#subClassOf>	_:Nc292565c6b89422b90b592ba5019b779
<http://www.semanticweb.org/magma-core/ontologies/hqdm#state_of_organization>	<http://www.w3.org/1999/02/22-rdf-syntax-ns#type>	<http://www.w3.org/2002/07/owl#Class>
<http://www.semanticweb.org/magma-core/ontologies/hqdm#state_of_organization>	<http://www.w3.org/2000/01/rdf-schema#subClassOf>	<http://www.semanticweb.org/magma-core/ontologies/hqdm#state_of_party>
<http://www.semanticweb.org/magma-core/ontologies/hqdm#state_of_organization>	<http://www.w3.org/2000/01/rdf-schema#subClassOf>	<http://www.semanticweb.org/magma-core/ontologies/hqdm#state_of_socially_constructed_object>
<http://www.semanticweb.org/magma-core/ontologies/hqdm#state_of_organization>	<http://www.w3.org/2000/01/rdf-schema#subClassOf>	_:N28ef19e472db431caba5616f79b4eef8
<http://www.semanticweb.org/magma-core/ontologies/hqdm#state_of_organization>	<http://www.w3.org/2000/01/rdf-schema#subClassOf>	_:Nd33ad68175d84e598346f0bdbc35ebec
<http://www.semanticweb.org/magma-core/ontologies/hqdm#state_of_organization_component>	<http://www.w3.org/1999/02/22-rdf-syntax-ns#type>	<http://www.w3.org/2002/07/owl#Class>
<http://www.semanticweb.org/magma-core/ontologies/hqdm#state_of_organization_component>	<http://www.w3.org/2000/01/rdf-schema#subClassOf>	<http://www.semanticweb.org/magma-core/ontologies/hqdm#state_of_socially_constructed_object>
<http://www.semanticweb.org/magma-core/ontologies/hqdm#state_of_organization_component>	<http://www.w3.org/2000/01/rdf-schema#subClassOf>	<http://www.semanticweb.org/magma-core/ontologies/hqdm#state_of_system_component>
<http://www.semanticweb.org/magma-core/ontologies/hqdm#state_of_organization_component>	<http://www.w3.org/2000/01/rdf-schema#subClassOf>	_:N949d44cda5e74e7f90b910b96e8ee71b
<http://www.semanticweb.org/magma-core/ontologies/hqdm#state_of_organization_component>	<http://www.w3.org/2000/01/rdf-schema#subClassOf>	_:Naa3e5eab433f441db1cdd1174b7fbd98
<http://www.semanticweb.org/magma-core/ontologies/hqdm#state_of_party>	<http://www.w3.org/1999/02/22-rdf-syntax-ns#type>	<http://www.w3.org/2002/07/owl#Class>
<http://www.semanticweb.org/magma-core/ontologies/hqdm#state_of_party>	<http://www.w3.org/2000/01/rdf-schema#subClassOf>	<http://www.semanticweb.org/magma-core/ontologies/hqdm#state_of_system>
<http://www.semanticweb.org/magma-core/ontologies/hqdm#state_of_party>	<http://www.w3.org/2000/01/rdf-schema#subClassOf>	_:N5d1e00a6ca0f47f8b9fa8154e6a587e1
<http://www.semanticweb.org/magma-core/ontologies/hqdm#state_of_party>	<http://www.w3.org/2000/01/rdf-schema#subClassOf>	_:Nc8fd366c89df4a759e5cd0cff03d9bcb
<http://www.semanticweb.org/magma-core/ontologies/hqdm#state_of_person>	<http://www.w3.org/1999/02/22-rdf-syntax-ns#type>	<http://www.w3.org/2002/07/owl#Class>
<http://www.semanticweb.org/magma-core/ontologies/hqdm#state_of_person>	<http://www.w3.org/2000/01/rdf-schema#subClassOf>	<http://www.semanticweb.org/magma-core/ontologies/hqdm#state_of_biological_system>
<http://www.semanticweb.org/magma-core/ontologies/hqdm#state_of_person>	<http://www.w3.org/2000/01/rdf-schema#subClassOf>	<http://www.semanticweb.org/magma-core/ontologies/hqdm#state_of_party>
<http://www.semanticweb.org/magma-core/ontologies/hqdm#state_of_person>	<http://www.w3.org/2000/01/rdf-schema#subClassOf>	_:N268df13c5ab445a39b7598632fea6bbd
<http://www.semanticweb.org/magma-core/ontologies/hqdm#state_of_person>	<http://www.w3.org/2000/01/rdf-schema#subClassOf>	_:N61af1979ae714e3596d61ccb6801ed3c
<http://www.semanticweb.org/magma-core/ontologies/hqdm#state_of_physical_object>	<http://www.w3.org/1999/02/22-rdf-syntax-ns#type>	<http://www.w3.org/2002/07/owl#Class>
<http://www.semanticweb.org/magma-core/ontologies/hqdm#state_of_physical_object>	<http://www.w3.org/2000/01/rdf-schema#subClassOf>	<http://www.semanticweb.org/magma-core/ontologies/hqdm#state>
<http://www.semanticweb.org/magma-core/ontologies/hqdm#state_of_physical_object>	<http://www.w3.org/2000/01/rdf-schema#subClassOf>	_:N9c54077d32ad46ed8215995a0533a0a3
<http://www.semanticweb.org/magma-core/ontologies/hqdm#state_of_physical_object>	<http://www.w3.org/2000/01/rdf-schema#subClassOf>	_:Nce4431d9cdf045b9bd1e1d609647f9e1
<http://www.semanticweb.org/magma-core/ontologies/hqdm#state_of_position>	<http://www.w3.org/1999/02/22-rdf-syntax-ns#type>	<http://www.w3.org/2002/07/owl#Class>
<http://www.semanticweb.org/magma-core/ontologies/hqdm#state_of_position>	<http://www.w3.org/2000/01/rdf-schema#subClassOf>	<http://www.semanticweb.org/magma-core/ontologies/hqdm#state_of_organization_component>
<http://www.semanticweb.org/magma-core/ontologies/hqdm#state_of_position>	<http://www.w3.org/2000/01/rdf-schema#subClassOf>	_:N137d12255aa440919b46ac9c96c4ba51
<http://www.semanticweb.org/magma-core/ontologies/hqdm#state_of_position>	<http://www.w3.org/2000/01/rdf-schema#subClassOf>	_:N4bf9eb8612a54635a4a35a17dd06ec55
<http://www.semanticweb.org/magma-core/ontologies/hqdm#state_of_sales_product_instance>	<http://www.w3.org/1999/02/22-rdf-syntax-ns#type>	<http://www.w3.org/2002/07/owl#Class>
<http://www.semanticweb.org/magma-core/ontologies/hqdm#state_of_sales_product_instance>	<http://www.w3.org/2000/01/rdf-schema#subClassOf>	<http://www.semanticweb.org/magma-core/ontologies/hqdm#state_of_ordinary_functional_object>
<http://www.semanticweb.org/magma-core/ontologies/hqdm#state_of_sales_product_instance>	<http://www.w3.org/2000/01/rdf-schema#subClassOf>	_:N46d7f064b5b04a0093ca4c9a7d4e2fc3
<http://www.semanticweb.org/magma-core/ontologies/hqdm#state_of_sign>	<http://www.w3.org/1999/02/22-rdf-syntax-ns#type>	<http://www.w3.org/2002/07/owl#Class>
<http://www.semanticweb.org/magma-core/ontologies/hqdm#state_of_sign>	<http://www.w3.org/2000/01/rdf-schema#subClassOf>	<http://www.semanticweb.org/magma-core/ontologies/hqdm#state_of_socially_constructed_object>
<http://www.semanticweb.org/magma-core/ontologies/hqdm#state_of_sign>	<http://www.w3.org/2000/01/rdf-schema#subClassOf>	_:Ne215f399cb0742b1bfcbf81c27faae72
<http://www.semanticweb.org/magma-core/ontologies/hqdm#state_of_socially_constructed_activity>	<http://www.w3.org/1999/02/22-rdf-syntax-ns#type>	<http://www.w3.org/2002/07/owl#Class>
<http://www.semanticweb.org/magma-core/ontologies/hqdm#state_of_socially_constructed_activity>	<http://www.w3.org/2000/01/rdf-schema#subClassOf>	<http://www.semanticweb.org/magma-core/ontologies/hqdm#state_of_activity>
<http://www.semanticweb.org/magma-core/ontologies/hqdm#state_of_socially_constructed_activity>	<http://www.w3.org/2000/01/rdf-schema#subClassOf>	<http://www.semanticweb.org/magma-core/ontologies/hqdm#state_of_socially_constructed_object>
<http://www.semanticweb.org/magma-core/ontologies/hqdm#state_of_socially_constructed_object>	<http://www.w3.org/1999/02/22-rdf-syntax-ns#type>	<http://www.w3.org/2002/07/owl#Class>
<http://www.semanticweb.org/magma-core/ontologies/hqdm#state_of_socially_constructed_object>	<http://www.w3.org/2000/01/rdf-schema#subClassOf>	<http://www.semanticweb.org/magma-core/ontologies/hqdm#state_of_intentionally_constructed_object>
<http://www.semanticweb.org/magma-core/ontologies/hqdm#state_of_socially_constructed_object>	<http://www.w3.org/2000/01/rdf-schema#subClassOf>	_:N262de53a0bac4bc4809bf517f4653fb3
<http://www.semanticweb.org/magma-core/ontologies/hqdm#state_of_socially_constructed_object>	<http://www.w3.org/2000/01/rdf-schema#subClassOf>	_:Naae8e7846b814631ae6dae0fb6db4d43
<http://www.semanticweb.org/magma-core/ontologies/hqdm#state_of_system>	<http://www.w3.org/1999/02/22-rdf-syntax-ns#type>	<http://www.w3.org/2002/07/owl#Class>
<http://www.semanticweb.org/magma-core/ontologies/hqdm#state_of_system>	<http://www.w3.org/2000/01/rdf-schema#subClassOf>	<http://www.semanticweb.org/magma-core/ontologies/hqdm#state_of_ordinary_physical_object>
<http://www.semanticweb.org/magma-core/ontologies/hqdm#state_of_system>	<http://www.w3.org/2000/01/rdf-schema#subClassOf>	_:Na12dfbdc545c4580b131cfb72632d947
<http://www.semanticweb.org/magma-core/ontologies/hqdm#state_of_system>	<http://www.w3.org/2000/01/rdf-schema#subClassOf>	_:Nc08f1c4ef63d43688ac92568afacbe48
<http://www.semanticweb.org/magma-core/ontologies/hqdm#state_of_system_component>	<http://www.w3.org/1999/02/22-rdf-syntax-ns#type>	<http://www.w3.org/2002/07/owl#Class>
<http://www.semanticweb.org/magma-core/ontologies/hqdm#state_of_system_component>	<http://www.w3.org/2000/01/rdf-schema#subClassOf>	<http://www.semanticweb.org/magma-core/ontologies/hqdm#state_of_physical_object>
<http://www.semanticweb.org/magma-core/ontologies/hqdm#state_of_system_component>	<http://www.w3.org/2000/01/rdf-schema#subClassOf>	_:Nb0889dcfcbbb4eefa4a4663cfa943bab
<http://www.semanticweb.org/magma-core/ontologies/hqdm#state_of_system_component>	<http://www.w3.org/2000/01/rdf-schema#subClassOf>	_:Ndb5a7c880f4a407b9a1917dfd5f858fe
<http://www.semanticweb.org/magma-core/ontologies/hqdm#subclass>	<http://www.w3.org/1999/02/22-rdf-syntax-ns#type>	<http://www.w3.org/2002/07/owl#ObjectProperty>
<http://www.semanticweb.org/magma-core/ontologies/hqdm#subclass>	<http://www.w3.org/2000/01/rdf-schema#comment>	"A relationship type where each specialization has exactly one class as a subclass"
<http://www.semanticweb.org/magma-core/ontologies/hqdm#subclass>	<http://www.w3.org/2000/01/rdf-schema#domain>	<http://www.semanticweb.org/magma-core/ontologies/hqdm#specialization>
<http://www.semanticweb.org/magma-core/ontologies/hqdm#subclass>	<http://www.w3.org/2000/01/rdf-schema#range>	<http://www.semanticweb.org/magma-core/ontologies/hqdm#class>
<http://www.semanticweb.org/magma-core/ontologies/hqdm#successor>	<http://www.w3.org/1999/02/22-rdf-syntax-ns#type>	<http://www.w3.org/2002/07/owl#ObjectProperty>
<http://www.semanticweb.org/magma-core/ontologies/hqdm#successor>	<http://www.w3.org/2000/01/rdf-schema#domain>	<http://www.semanticweb.org/magma-core/ontologies/hqdm#sales_product_version>
<http://www.semanticweb.org/magma-core/ontologies/hqdm#successor>	<http://www.w3.org/2000/01/rdf-schema#range>	<http://www.semanticweb.org/magma-core/ontologies/hqdm#sales_product_version>
<http://www.semanticweb.org/magma-core/ontologies/hqdm#superclass>	<http://www.w3.org/1999/02/22-rdf-syntax-ns#type>	<http://www.w3.org/2002/07/owl#ObjectProperty>
<http://www.semanticweb.org/magma-core/ontologies/hqdm#superclass>	<http://www.w3.org/2000/01/rdf-schema#comment>	"A relationship type where each specialization has exactly one class as a superclass"
<http://www.semanticweb.org/magma-core/ontologies/hqdm#superclass>	<http://www.w3.org/2000/01/rdf-schema#domain>	<http://www.semanticweb.org/magma-core/ontologies/hqdm#specialization>
<http://www.semanticweb.org/magma-core/ontologies/hqdm#superclass>	<http://www.w3.org/2000/01/rdf-schema#range>	<http://www.semanticweb.org/magma-core/ontologies/hqdm#class>
<http://www.semanticweb.org/magma-core/ontologies/hqdm#system>	<http://www.w3.org/1999/02/22-rdf-syntax-ns#type>	<http://www.w3.org/2002/07/owl#Class>
<http://www.semanticweb.org/magma-core/ontologies/hqdm#system>	<http://www.w3.org/2000/01/rdf-schema#subClassOf>	<http://www.semanticweb.org/magma-core/ontologies/hqdm#ordinary_physical_object>
<http://www.semanticweb.org/magma-core/ontologies/hqdm#system>	<http://www.w3.org/2000/01/rdf-schema#subClassOf>	<http://www.semanticweb.org/magma-core/ontologies/hqdm#state_of_system>
<http://www.semanticweb.org/magma-core/ontologies/hqdm#system>	<http://www.w3.org/2000/01/rdf-schema#subClassOf>	_:N0ea263789e2b4667959423ea91c760d1
<http://www.semanticweb.org/magma-core/ontologies/hqdm#system>	<http://www.w3.org/2000/01/rdf-schema#subClassOf>	_:N72a68c6528274cf3a4c9539c07908f1e
<http://www.semanticweb.org/magma-core/ontologies/hqdm#system_component>	<http://www.w3.org/1999/02/22-rdf-syntax-ns#type>	<http://www.w3.org/2002/07/owl#Class>
<http://www.semanticweb.org/magma-core/ontologies/hqdm#system_component>	<http://www.w3.org/2000/01/rdf-schema#subClassOf>	<http://www.semanticweb.org/magma-core/ontologies/hqdm#physical_object>
<http://www.semanticweb.org/magma-core/ontologies/hqdm#system_component>	<http://www.w3.org/2000/01/rdf-schema#subClassOf>	<http://www.semanticweb.org/magma-core/ontologies/hqdm#state_of_system_component>
<http://www.semanticweb.org/magma-core/ontologies/hqdm#system_component>	<http://www.w3.org/2000/01/rdf-schema#subClassOf>	_:N2a9544c8b70845b9aa612ebf93ad01d4
<http://www.semanticweb.org/magma-core/ontologies/hqdm#system_component>	<http://www.w3.org/2000/01/rdf-schema#subClassOf>	_:N53de7fa58aa3474fbea9354fb9edbb93
<http://www.semanticweb.org/magma-core/ontologies/hqdm#system_component>	<http://www.w3.org/2000/01/rdf-schema#subClassOf>	_:N6e6b69ebd45548f9bf17927cfc9d3b5f
<http://www.semanticweb.org/magma-core/ontologies/hqdm#temporal__part_of>	<http://www.w3.org/1999/02/22-rdf-syntax-ns#type>	<http://www.w3.org/2002/07/owl#ObjectProperty>
<http://www.semanticweb.org/magma-core/ontologies/hqdm#temporal__part_of>	<http://www.w3.org/2000/01/rdf-schema#domain>	<http://www.semanticweb.org/magma-core/ontologies/hqdm#spatio_temporal_extent>
<http://www.semanticweb.org/magma-core/ontologies/hqdm#temporal__part_of>	<http://www.w3.org/2000/01/rdf-schema#range>	<http://www.semanticweb.org/magma-core/ontologies/hqdm#spatio_temporal_extent>
<http://www.semanticweb.org/magma-core/ontologies/hqdm#temporal__part_of>	<http://www.w3.org/2000/01/rdf-schema#subPropertyOf>	<http://www.semanticweb.org/magma-core/ontologies/hqdm#part_set>
<http://www.semanticweb.org/magma-core/ontologies/hqdm#temporal_composition>	<http://www.w3.org/1999/02/22-rdf-syntax-ns#type>	<http://www.w3.org/2002/07/owl#Class>
<http://www.semanticweb.org/magma-core/ontologies/hqdm#temporal_composition>	<http://www.w3.org/2000/01/rdf-schema#subClassOf>	<http://www.semanticweb.org/magma-core/ontologies/hqdm#composition>
<http://www.semanticweb.org/magma-core/ontologies/hqdm#temporal_part_of>	<http://www.w3.org/1999/02/22-rdf-syntax-ns#type>	<http://www.w3.org/2002/07/owl#ObjectProperty>
<http://www.semanticweb.org/magma-core/ontologies/hqdm#temporal_part_of>	<http://www.w3.org/2000/01/rdf-schema#domain>	<http://www.semanticweb.org/magma-core/ontologies/hqdm#organization>
<http://www.semanticweb.org/magma-core/ontologies/hqdm#temporal_part_of>	<http://www.w3.org/2000/01/rdf-schema#domain>	<http://www.semanticweb.org/magma-core/ontologies/hqdm#period_of_time>
<http://www.semanticweb.org/magma-core/ontologies/hqdm#temporal_part_of>	<http://www.w3.org/2000/01/rdf-schema#domain>	<http://www.semanticweb.org/magma-core/ontologies/hqdm#socially_constructed_object>
<http://www.semanticweb.org/magma-core/ontologies/hqdm#temporal_part_of>	<http://www.w3.org/2000/01/rdf-schema#domain>	<http://www.semanticweb.org/magma-core/ontologies/hqdm#state>
<http://www.semanticweb.org/magma-core/ontologies/hqdm#temporal_part_of>	<http://www.w3.org/2000/01/rdf-schema#domain>	<http://www.semanticweb.org/magma-core/ontologies/hqdm#state_of_activity>
<http://www.semanticweb.org/magma-core/ontologies/hqdm#temporal_part_of>	<http://www.w3.org/2000/01/rdf-schema#domain>	<http://www.semanticweb.org/magma-core/ontologies/hqdm#state_of_amount_of_money>
<http://www.semanticweb.org/magma-core/ontologies/hqdm#temporal_part_of>	<http://www.w3.org/2000/01/rdf-schema#domain>	<http://www.semanticweb.org/magma-core/ontologies/hqdm#state_of_association>
<http://www.semanticweb.org/magma-core/ontologies/hqdm#temporal_part_of>	<http://www.w3.org/2000/01/rdf-schema#domain>	<http://www.semanticweb.org/magma-core/ontologies/hqdm#state_of_biological_object>
<http://www.semanticweb.org/magma-core/ontologies/hqdm#temporal_part_of>	<http://www.w3.org/2000/01/rdf-schema#domain>	<http://www.semanticweb.org/magma-core/ontologies/hqdm#state_of_biological_system>
<http://www.semanticweb.org/magma-core/ontologies/hqdm#temporal_part_of>	<http://www.w3.org/2000/01/rdf-schema#domain>	<http://www.semanticweb.org/magma-core/ontologies/hqdm#state_of_biological_system_component>
<http://www.semanticweb.org/magma-core/ontologies/hqdm#temporal_part_of>	<http://www.w3.org/2000/01/rdf-schema#domain>	<http://www.semanticweb.org/magma-core/ontologies/hqdm#state_of_functional_object>
<http://www.semanticweb.org/magma-core/ontologies/hqdm#temporal_part_of>	<http://www.w3.org/2000/01/rdf-schema#domain>	<http://www.semanticweb.org/magma-core/ontologies/hqdm#state_of_functional_system>
<http://www.semanticweb.org/magma-core/ontologies/hqdm#temporal_part_of>	<http://www.w3.org/2000/01/rdf-schema#domain>	<http://www.semanticweb.org/magma-core/ontologies/hqdm#state_of_functional_system_component>
<http://www.semanticweb.org/magma-core/ontologies/hqdm#temporal_part_of>	<http://www.w3.org/2000/01/rdf-schema#domain>	<http://www.semanticweb.org/magma-core/ontologies/hqdm#state_of_intentionally_constructed_object>
<http://www.semanticweb.org/magma-core/ontologies/hqdm#temporal_part_of>	<http://www.w3.org/2000/01/rdf-schema#domain>	<http://www.semanticweb.org/magma-core/ontologies/hqdm#state_of_language_community>
<http://www.semanticweb.org/magma-core/ontologies/hqdm#temporal_part_of>	<http://www.w3.org/2000/01/rdf-schema#domain>	<http://www.semanticweb.org/magma-core/ontologies/hqdm#state_of_ordinary_biological_object>
<http://www.semanticweb.org/magma-core/ontologies/hqdm#temporal_part_of>	<http://www.w3.org/2000/01/rdf-schema#domain>	<http://www.semanticweb.org/magma-core/ontologies/hqdm#state_of_ordinary_functional_object>
<http://www.semanticweb.org/magma-core/ontologies/hqdm#temporal_part_of>	<http://www.w3.org/2000/01/rdf-schema#domain>	<http://www.semanticweb.org/magma-core/ontologies/hqdm#state_of_ordinary_physical_object>
<http://www.semanticweb.org/magma-core/ontologies/hqdm#temporal_part_of>	<http://www.w3.org/2000/01/rdf-schema#domain>	<http://www.semanticweb.org/magma-core/ontologies/hqdm#state_of_organization_component>
<http://www.semanticweb.org/magma-core/ontologies/hqdm#temporal_part_of>	<http://www.w3.org/2000/01/rdf-schema#domain>	<http://www.semanticweb.org/magma-core/ontologies/hqdm#state_of_party>
<http://www.semanticweb.org/magma-core/ontologies/hqdm#temporal_part_of>	<http://www.w3.org/2000/01/rdf-schema#domain>	<http://www.semanticweb.org/magma-core/ontologies/hqdm#state_of_person>
<http://www.semanticweb.org/magma-core/ontologies/hqdm#temporal_part_of>	<http://www.w3.org/2000/01/rdf-schema#domain>	<http://www.semanticweb.org/magma-core/ontologies/hqdm#state_of_physical_object>
<http://www.semanticweb.org/magma-core/ontologies/hqdm#temporal_part_of>	<http://www.w3.org/2000/01/rdf-schema#domain>	<http://www.semanticweb.org/magma-core/ontologies/hqdm#state_of_position>
<http://www.semanticweb.org/magma-core/ontologies/hqdm#temporal_part_of>	<http://www.w3.org/2000/01/rdf-schema#domain>	<http://www.semanticweb.org/magma-core/ontologies/hqdm#state_of_sales_product_instance>
<http://www.semanticweb.org/magma-core/ontologies/hqdm#temporal_part_of>	<http://www.w3.org/2000/01/rdf-schema#domain>	<http://www.semanticweb.org/magma-core/ontologies/hqdm#state_of_sign>
<http://www.semanticweb.org/magma-core/ontologies/hqdm#temporal_part_of>	<http://www.w3.org/2000/01/rdf-schema#domain>	<http://www.semanticweb.org/magma-core/ontologies/hqdm#state_of_system>
<http://www.semanticweb.org/magma-core/ontologies/hqdm#temporal_part_of>	<http://www.w3.org/2000/01/rdf-schema#domain>	<http://www.semanticweb.org/magma-core/ontologies/hqdm#state_of_system_component>
<http://www.semanticweb.org/magma-core/ontologies/hqdm#temporal_part_of>	<http://www.w3.org/2000/01/rdf-schema#domain>	<http://www.semanticweb.org/magma-core/ontologies/hqdm#transferor>
<http://www.semanticweb.org/magma-core/ontologies/hqdm#temporal_part_of>	<http://www.w3.org/2000/01/rdf-schema#range>	<http://www.semanticweb.org/magma-core/ontologies/hqdm#activity>
<http://www.semanticweb.org/magma-core/ontologies/hqdm#temporal_part_of>	<http://www.w3.org/2000/01/rdf-schema#range>	<http://www.semanticweb.org/magma-core/ontologies/hqdm#amount_of_money>
<http://www.semanticweb.org/magma-core/ontologies/hqdm#temporal_part_of>	<http://www.w3.org/2000/01/rdf-schema#range>	<http://www.semanticweb.org/magma-core/ontologies/hqdm#association>
<http://www.semanticweb.org/magma-core/ontologies/hqdm#temporal_part_of>	<http://www.w3.org/2000/01/rdf-schema#range>	<http://www.semanticweb.org/magma-core/ontologies/hqdm#biological_object>
<http://www.semanticweb.org/magma-core/ontologies/hqdm#temporal_part_of>	<http://www.w3.org/2000/01/rdf-schema#range>	<http://www.semanticweb.org/magma-core/ontologies/hqdm#biological_system>
<http://www.semanticweb.org/magma-core/ontologies/hqdm#temporal_part_of>	<http://www.w3.org/2000/01/rdf-schema#range>	<http://www.semanticweb.org/magma-core/ontologies/hqdm#biological_system_component>
<http://www.semanticweb.org/magma-core/ontologies/hqdm#temporal_part_of>	<http://www.w3.org/2000/01/rdf-schema#range>	<http://www.semanticweb.org/magma-core/ontologies/hqdm#functional_object>
<http://www.semanticweb.org/magma-core/ontologies/hqdm#temporal_part_of>	<http://www.w3.org/2000/01/rdf-schema#range>	<http://www.semanticweb.org/magma-core/ontologies/hqdm#functional_system>
<http://www.semanticweb.org/magma-core/ontologies/hqdm#temporal_part_of>	<http://www.w3.org/2000/01/rdf-schema#range>	<http://www.semanticweb.org/magma-core/ontologies/hqdm#functional_system_component>
<http://www.semanticweb.org/magma-core/ontologies/hqdm#temporal_part_of>	<http://www.w3.org/2000/01/rdf-schema#range>	<http://www.semanticweb.org/magma-core/ontologies/hqdm#individual>
<http://www.semanticweb.org/magma-core/ontologies/hqdm#temporal_part_of>	<http://www.w3.org/2000/01/rdf-schema#range>	<http://www.semanticweb.org/magma-core/ontologies/hqdm#intentionally_constructed_object>
<http://www.semanticweb.org/magma-core/ontologies/hqdm#temporal_part_of>	<http://www.w3.org/2000/01/rdf-schema#range>	<http://www.semanticweb.org/magma-core/ontologies/hqdm#language_community>
<http://www.semanticweb.org/magma-core/ontologies/hqdm#temporal_part_of>	<http://www.w3.org/2000/01/rdf-schema#range>	<http://www.semanticweb.org/magma-core/ontologies/hqdm#ordinary_biological_object>
<http://www.semanticweb.org/magma-core/ontologies/hqdm#temporal_part_of>	<http://www.w3.org/2000/01/rdf-schema#range>	<http://www.semanticweb.org/magma-core/ontologies/hqdm#ordinary_functional_object>
<http://www.semanticweb.org/magma-core/ontologies/hqdm#temporal_part_of>	<http://www.w3.org/2000/01/rdf-schema#range>	<http://www.semanticweb.org/magma-core/ontologies/hqdm#ordinary_physical_object>
<http://www.semanticweb.org/magma-core/ontologies/hqdm#temporal_part_of>	<http://www.w3.org/2000/01/rdf-schema#range>	<http://www.semanticweb.org/magma-core/ontologies/hqdm#organization>
<http://www.semanticweb.org/magma-core/ontologies/hqdm#temporal_part_of>	<http://www.w3.org/2000/01/rdf-schema#range>	<http://www.semanticweb.org/magma-core/ontologies/hqdm#organization_component>
<http://www.semanticweb.org/magma-core/ontologies/hqdm#temporal_part_of>	<http://www.w3.org/2000/01/rdf-schema#range>	<http://www.semanticweb.org/magma-core/ontologies/hqdm#owner>
<http://www.semanticweb.org/magma-core/ontologies/hqdm#temporal_part_of>	<http://www.w3.org/2000/01/rdf-schema#range>	<http://www.semanticweb.org/magma-core/ontologies/hqdm#party>
<http://www.semanticweb.org/magma-core/ontologies/hqdm#temporal_part_of>	<http://www.w3.org/2000/01/rdf-schema#range>	<http://www.semanticweb.org/magma-core/ontologies/hqdm#person>
<http://www.semanticweb.org/magma-core/ontologies/hqdm#temporal_part_of>	<http://www.w3.org/2000/01/rdf-schema#range>	<http://www.semanticweb.org/magma-core/ontologies/hqdm#physical_object>
<http://www.semanticweb.org/magma-core/ontologies/hqdm#temporal_part_of>	<http://www.w3.org/2000/01/rdf-schema#range>	<http://www.semanticweb.org/magma-core/ontologies/hqdm#position>
<http://www.semanticweb.org/magma-core/ontologies/hqdm#temporal_part_of>	<http://www.w3.org/2000/01/rdf-schema#range>	<http://www.semanticweb.org/magma-core/ontologies/hqdm#possible_world>
<http://www.semanticweb.org/magma-core/ontologies/hqdm#temporal_part_of>	<http://www.w3.org/2000/01/rdf-schema#range>	<http://www.semanticweb.org/magma-core/ontologies/hqdm#sales_product_instance>
<http://www.semanticweb.org/magma-core/ontologies/hqdm#temporal_part_of>	<http://www.w3.org/2000/01/rdf-schema#range>	<http://www.semanticweb.org/magma-core/ontologies/hqdm#sign>
<http://www.semanticweb.org/magma-core/ontologies/hqdm#temporal_part_of>	<http://www.w3.org/2000/01/rdf-schema#range>	<http://www.semanticweb.org/magma-core/ontologies/hqdm#socially_constructed_object>
<http://www.semanticweb.org/magma-core/ontologies/hqdm#temporal_part_of>	<http://www.w3.org/2000/01/rdf-schema#range>	<http://www.semanticweb.org/magma-core/ontologies/hqdm#system>
<http://www.semanticweb.org/magma-core/ontologies/hqdm#temporal_part_of>	<http://www.w3.org/2000/01/rdf-schema#range>	<http://www.semanticweb.org/magma-core/ontologies/hqdm#system_component>
<http://www.semanticweb.org/magma-core/ontologies/hqdm#temporal_part_of>	<http://www.w3.org/2000/01/rdf-schema#subPropertyOf>	<http://www.semanticweb.org/magma-core/ontologies/hqdm#part_set>
<http://www.semanticweb.org/magma-core/ontologies/hqdm#temporal_part_of_>	<http://www.w3.org/1999/02/22-rdf-syntax-ns#type>	<http://www.w3.org/2002/07/owl#ObjectProperty>
<http://www.semanticweb.org/magma-core/ontologies/hqdm#temporal_part_of_>	<http://www.w3.org/2000/01/rdf-schema#domain>	<http://www.semanticweb.org/magma-core/ontologies/hqdm#period_of_time>
<http://www.semanticweb.org/magma-core/ontologies/hqdm#temporal_part_of_>	<http://www.w3.org/2000/01/rdf-schema#range>	<http://www.semanticweb.org/magma-core/ontologies/hqdm#possible_world>
<http://www.semanticweb.org/magma-core/ontologies/hqdm#temporal_part_of_>	<http://www.w3.org/2000/01/rdf-schema#subPropertyOf>	<http://www.semanticweb.org/magma-core/ontologies/hqdm#part_set>
<http://www.semanticweb.org/magma-core/ontologies/hqdm#thing>	<http://www.w3.org/1999/02/22-rdf-syntax-ns#type>	<http://www.w3.org/2002/07/owl#Class>
<http://www.semanticweb.org/magma-core/ontologies/hqdm#thing>	<http://www.w3.org/2000/01/rdf-schema#comment>	"A thing is (or can be) anything that exists (as data) and is the ultimate supertype of all the other entity types in the model. The immediate subtypes of thing are individual and abstract_object . The “1” on the subtype graph means that these two entity types are mutually exclusive. A spatio_temporal_extent is distinct as a region of spacetime, while an abstract_object exists in neither space nor time (it is universal). A thing may be a member__of a class . An abstract_object may be either a class or a relationship , but a relationship may not also be a class."
<http://www.semanticweb.org/magma-core/ontologies/hqdm#thing>	<http://www.w3.org/2000/01/rdf-schema#comment>	"data_EntityName set to optional to allow for the creation of instances of things where the name is unimportant or where assigning a name may create ambiguity.  Use of data_EntityName is to be discouraged once the hqdm sign and pattern naming pattern is employed in systems using this model."
<http://www.semanticweb.org/magma-core/ontologies/hqdm#thing>	<http://www.w3.org/2000/01/rdf-schema#subClassOf>	_:N0b5ce6e4756343d59500ffc24ba84c0b
<http://www.semanticweb.org/magma-core/ontologies/hqdm#thing>	<http://www.w3.org/2000/01/rdf-schema#subClassOf>	_:N1cc81431e9924b4798849d1197819953
<http://www.semanticweb.org/magma-core/ontologies/hqdm#thing>	<http://www.w3.org/2000/01/rdf-schema#subClassOf>	_:N3c1c9d8542cb40ff950fe6302077c463
<http://www.semanticweb.org/magma-core/ontologies/hqdm#thing>	<http://www.w3.org/2000/01/rdf-schema#subClassOf>	_:N3ec107b9b0e84db784b3be2ebe5b83c0
<http://www.semanticweb.org/magma-core/ontologies/hqdm#thing>	<http://www.w3.org/2000/01/rdf-schema#subClassOf>	_:N4a3ffe0f78e742b2b063a3edc4abdd86
<http://www.semanticweb.org/magma-core/ontologies/hqdm#thing>	<http://www.w3.org/2000/01/rdf-schema#subClassOf>	_:N55539ae25d1f4b0c992fcb5adefaffc2
<http://www.semanticweb.org/magma-core/ontologies/hqdm#thing>	<http://www.w3.org/2000/01/rdf-schema#subClassOf>	_:N5644c2fe6dda40fbb4fee5b6a3eae751
<http://www.semanticweb.org/magma-core/ontologies/hqdm#thing>	<http://www.w3.org/2000/01/rdf-schema#subClassOf>	_:N583277507c974bf6bf261f5a079e396c
<http://www.semanticweb.org/magma-core/ontologies/hqdm#thing>	<http://www.w3.org/2000/01/rdf-schema#subClassOf>	_:N618e85081da445b5a9725a7b018cedac
<http://www.semanticweb.org/magma-core/ontologies/hqdm#thing>	<http://www.w3.org/2000/01/rdf-schema#subClassOf>	_:N6b3d34aafbd7469d970a39d9e2b3a099
<http://www.semanticweb.org/magma-core/ontologies/hqdm#thing>	<http://www.w3.org/2000/01/rdf-schema#subClassOf>	_:N6befdd13b53e425380982b3f7a39522e
<http://www.semanticweb.org/magma-core/ontologies/hqdm#thing>	<http://www.w3.org/2000/01/rdf-schema#subClassOf>	_:N72c02572f00a44c08ac92b947123cb01
<http://www.semanticweb.org/magma-core/ontologies/hqdm#thing>	<http://www.w3.org/2000/01/rdf-schema#subClassOf>	_:N89d76044b37244c58343995a1f0adb8a
<http://www.semanticweb.org/magma-core/ontologies/hqdm#thing>	<http://www.w3.org/2000/01/rdf-schema#subClassOf>	_:N8bbb13c3b83d4a26a1a25fcd644abe3e
<http://www.semanticweb.org/magma-core/ontologies/hqdm#thing>	<http://www.w3.org/2000/01/rdf-schema#subClassOf>	_:Nb035795253f74e0cac6c6f379568da0c
<http://www.semanticweb.org/magma-core/ontologies/hqdm#thing>	<http://www.w3.org/2000/01/rdf-schema#subClassOf>	_:Ncca02678dc3e44f1b805ba01da2d6bf2
<http://www.semanticweb.org/magma-core/ontologies/hqdm#thing>	<http://www.w3.org/2000/01/rdf-schema#subClassOf>	_:Nfb2d9ada7b7c4a3fa17aeadefbf9ccc8
<http://www.semanticweb.org/magma-core/ontologies/hqdm#thing>	<http://www.w3.org/2002/07/owl#equivalentClass>	_:N810c90016a424f49826b173550bc8ab5
<http://www.semanticweb.org/magma-core/ontologies/hqdm#transfer_of_ownership>	<http://www.w3.org/1999/02/22-rdf-syntax-ns#type>	<http://www.w3.org/2002/07/owl#Class>
<http://www.semanticweb.org/magma-core/ontologies/hqdm#transfer_of_ownership>	<http://www.w3.org/2000/01/rdf-schema#subClassOf>	<http://www.semanticweb.org/magma-core/ontologies/hqdm#socially_constructed_activity>
<http://www.semanticweb.org/magma-core/ontologies/hqdm#transfer_of_ownership>	<http://www.w3.org/2000/01/rdf-schema#subClassOf>	_:N392f57b39df54ff6b9ef123354cfd3a4
<http://www.semanticweb.org/magma-core/ontologies/hqdm#transfer_of_ownership>	<http://www.w3.org/2000/01/rdf-schema#subClassOf>	_:N3de5983fd5c04c4787b64abeeaf2ea94
<http://www.semanticweb.org/magma-core/ontologies/hqdm#transfer_of_ownership>	<http://www.w3.org/2000/01/rdf-schema#subClassOf>	_:N78085be74d0a43cba56fdb9f108ab308
<http://www.semanticweb.org/magma-core/ontologies/hqdm#transfer_of_ownership>	<http://www.w3.org/2000/01/rdf-schema#subClassOf>	_:N81ef7bd4bf9f4da4be54153b0f8a022a
<http://www.semanticweb.org/magma-core/ontologies/hqdm#transfer_of_ownership>	<http://www.w3.org/2000/01/rdf-schema#subClassOf>	_:N97374d54c1454ff5a3283b7580fb858c
<http://www.semanticweb.org/magma-core/ontologies/hqdm#transfer_of_ownership>	<http://www.w3.org/2000/01/rdf-schema#subClassOf>	_:Na0d5b260491e4c1a890b4a80f4e46f89
<http://www.semanticweb.org/magma-core/ontologies/hqdm#transfer_of_ownership>	<http://www.w3.org/2000/01/rdf-schema#subClassOf>	_:Nb93b5fe601d04eb291a0de67866f17e8
<http://www.semanticweb.org/magma-core/ontologies/hqdm#transfer_of_ownership>	<http://www.w3.org/2000/01/rdf-schema#subClassOf>	_:Nba0e93442e4a4e87b29130a8df9821b0
<http://www.semanticweb.org/magma-core/ontologies/hqdm#transfer_of_ownership>	<http://www.w3.org/2000/01/rdf-schema#subClassOf>	_:Nbc824756704b467f8c02110a5cb46c3a
<http://www.semanticweb.org/magma-core/ontologies/hqdm#transfer_of_ownership>	<http://www.w3.org/2000/01/rdf-schema#subClassOf>	_:Nc9e5d0b375974ba2ac8257a7b2523a54
<http://www.semanticweb.org/magma-core/ontologies/hqdm#transfer_of_ownership>	<http://www.w3.org/2000/01/rdf-schema#subClassOf>	_:Nd3643a80ab5847769136dfafe3b1f160
<http://www.semanticweb.org/magma-core/ontologies/hqdm#transfer_of_ownership>	<http://www.w3.org/2000/01/rdf-schema#subClassOf>	_:Nf579195c2a9a4c9882e2f3349f14c083
<http://www.semanticweb.org/magma-core/ontologies/hqdm#transfer_of_ownership_of_money>	<http://www.w3.org/1999/02/22-rdf-syntax-ns#type>	<http://www.w3.org/2002/07/owl#Class>
<http://www.semanticweb.org/magma-core/ontologies/hqdm#transfer_of_ownership_of_money>	<http://www.w3.org/2000/01/rdf-schema#subClassOf>	<http://www.semanticweb.org/magma-core/ontologies/hqdm#transfer_of_ownership>
<http://www.semanticweb.org/magma-core/ontologies/hqdm#transfer_of_ownership_of_money>	<http://www.w3.org/2000/01/rdf-schema#subClassOf>	_:N09e08a4ef55047caa3986124f09b72b0
<http://www.semanticweb.org/magma-core/ontologies/hqdm#transfer_of_ownership_of_money>	<http://www.w3.org/2000/01/rdf-schema#subClassOf>	_:N0ca3ef332cee4277bea5b661f42bb79a
<http://www.semanticweb.org/magma-core/ontologies/hqdm#transfer_of_ownership_of_money>	<http://www.w3.org/2000/01/rdf-schema#subClassOf>	_:N4ce27b5544a54626aaf12d2123adb4d4
<http://www.semanticweb.org/magma-core/ontologies/hqdm#transfer_of_ownership_of_money>	<http://www.w3.org/2000/01/rdf-schema#subClassOf>	_:N7c45601f2b8e47d9bfa1c774e5f884d1
<http://www.semanticweb.org/magma-core/ontologies/hqdm#transferee>	<http://www.w3.org/1999/02/22-rdf-syntax-ns#type>	<http://www.w3.org/2002/07/owl#Class>
<http://www.semanticweb.org/magma-core/ontologies/hqdm#transferee>	<http://www.w3.org/2000/01/rdf-schema#subClassOf>	<http://www.semanticweb.org/magma-core/ontologies/hqdm#participant>
<http://www.semanticweb.org/magma-core/ontologies/hqdm#transferee>	<http://www.w3.org/2000/01/rdf-schema#subClassOf>	<http://www.semanticweb.org/magma-core/ontologies/hqdm#state_of_party>
<http://www.semanticweb.org/magma-core/ontologies/hqdm#transferee>	<http://www.w3.org/2000/01/rdf-schema#subClassOf>	_:N846821be76ae4a0686bb2ae6c2402470
<http://www.semanticweb.org/magma-core/ontologies/hqdm#transferor>	<http://www.w3.org/1999/02/22-rdf-syntax-ns#type>	<http://www.w3.org/2002/07/owl#Class>
<http://www.semanticweb.org/magma-core/ontologies/hqdm#transferor>	<http://www.w3.org/2000/01/rdf-schema#subClassOf>	<http://www.semanticweb.org/magma-core/ontologies/hqdm#participant>
<http://www.semanticweb.org/magma-core/ontologies/hqdm#transferor>	<http://www.w3.org/2000/01/rdf-schema#subClassOf>	<http://www.semanticweb.org/magma-core/ontologies/hqdm#state_of_party>
<http://www.semanticweb.org/magma-core/ontologies/hqdm#transferor>	<http://www.w3.org/2000/01/rdf-schema#subClassOf>	_:N23f4fccb76574657a8a6e787de0ea8ce
<http://www.semanticweb.org/magma-core/ontologies/hqdm#transferor>	<http://www.w3.org/2000/01/rdf-schema#subClassOf>	_:Nb37f7126b5f1494a89151f059a1f643d
<http://www.semanticweb.org/magma-core/ontologies/hqdm#unit>	<http://www.w3.org/1999/02/22-rdf-syntax-ns#type>	<http://www.w3.org/2002/07/owl#ObjectProperty>
<http://www.semanticweb.org/magma-core/ontologies/hqdm#unit>	<http://www.w3.org/2000/01/rdf-schema#domain>	<http://www.semanticweb.org/magma-core/ontologies/hqdm#scale>
<http://www.semanticweb.org/magma-core/ontologies/hqdm#unit>	<http://www.w3.org/2000/01/rdf-schema#range>	<http://www.semanticweb.org/magma-core/ontologies/hqdm#unit_of_measure>
<http://www.semanticweb.org/magma-core/ontologies/hqdm#unit_of_measure>	<http://www.w3.org/1999/02/22-rdf-syntax-ns#type>	<http://www.w3.org/2002/07/owl#Class>
<http://www.semanticweb.org/magma-core/ontologies/hqdm#unit_of_measure>	<http://www.w3.org/2000/01/rdf-schema#subClassOf>	<http://www.semanticweb.org/magma-core/ontologies/hqdm#function_>
<http://www.semanticweb.org/magma-core/ontologies/hqdm#upper_bound>	<http://www.w3.org/1999/02/22-rdf-syntax-ns#type>	<http://www.w3.org/2002/07/owl#ObjectProperty>
<http://www.semanticweb.org/magma-core/ontologies/hqdm#upper_bound>	<http://www.w3.org/2000/01/rdf-schema#domain>	<http://www.semanticweb.org/magma-core/ontologies/hqdm#physical_quantity_range>
<http://www.semanticweb.org/magma-core/ontologies/hqdm#upper_bound>	<http://www.w3.org/2000/01/rdf-schema#range>	<http://www.semanticweb.org/magma-core/ontologies/hqdm#physical_quantity>
<http://www.semanticweb.org/magma-core/ontologies/hqdm#uses>	<http://www.w3.org/1999/02/22-rdf-syntax-ns#type>	<http://www.w3.org/2002/07/owl#ObjectProperty>
<http://www.semanticweb.org/magma-core/ontologies/hqdm#uses>	<http://www.w3.org/2000/01/rdf-schema#domain>	<http://www.semanticweb.org/magma-core/ontologies/hqdm#identification_of_physical_quantity>
<http://www.semanticweb.org/magma-core/ontologies/hqdm#uses>	<http://www.w3.org/2000/01/rdf-schema#range>	<http://www.semanticweb.org/magma-core/ontologies/hqdm#scale>
<http://www.semanticweb.org/magma-core/ontologies/hqdm#value>	<http://www.w3.org/1999/02/22-rdf-syntax-ns#type>	<http://www.w3.org/2002/07/owl#ObjectProperty>
<http://www.semanticweb.org/magma-core/ontologies/hqdm#value>	<http://www.w3.org/2000/01/rdf-schema#comment>	"This isn't used in HQDM due to OWL not supporting relationships to data properties directly.  This is as a record of this difference between HQDM.EXP and HQDM.OWL.  \n\nInstead, identification_of_physical_quantity has a data property of \"real_value\" that is a xsd:float of cardinality 1."
<http://www.semanticweb.org/magma-core/ontologies/hqdm#value>	<http://www.w3.org/2000/01/rdf-schema#domain>	<http://www.semanticweb.org/magma-core/ontologies/hqdm#identification_of_physical_quantity>
<http://www.semanticweb.org/magma-core/ontologies/hqdm#value>	<http://www.w3.org/2000/01/rdf-schema#range>	_:N57d64faf43e748c2a698a9d3b13f8297
<http://www.semanticweb.org/magma-core/ontologies/hqdm#value>	<http://www.w3.org/2000/01/rdf-schema#range>	_:Ne976a40aad624aee8ae47d5881b9bbda
<http://www.semanticweb.org/magma-core/ontologies/hqdm#value>	<http://www.w3.org/2000/01/rdf-schema#subPropertyOf>	<http://www.semanticweb.org/magma-core/ontologies/hqdm#consists_of_by_class>
<http://www.semanticweb.org/magma-core/ontologies/hqdm#value_types>	<http://www.w3.org/1999/02/22-rdf-syntax-ns#type>	<http://www.w3.org/2002/07/owl#DatatypeProperty>
<http://www.semanticweb.org/magma-core/ontologies/hqdm>	<http://www.w3.org/1999/02/22-rdf-syntax-ns#type>	<http://www.w3.org/2002/07/owl#Ontology>
<http://www.semanticweb.org/magma-core/ontologies/hqdm>	<http://www.w3.org/2000/01/rdf-schema#comment>	"This is an approximation of the Entity-Relationship model called HQDM, generated with known consistency issues (largely due to EXPRESS - OWL notation differences and logic framework mismatches).  Where direct mapping was not feasible sticking to the original model in EXPRESS was favoured over internal consistency within this OWL model.  Please ask the authors if you are interested in the differences. Some references relating to these points have been left as comments in the OWL. The HQDM data object library can be used without making use of hqdm.owl but it has been provided to allow an approximately consistent representation of all of HQDM-based model and user data, including type restrictions."
<http://www.semanticweb.org/magma-core/ontologies/hqdm>	<http://www.w3.org/2002/07/owl#versionInfo>	"1.0"
_:N002db4162da943f4b34b43f3c1874f5e	<http://www.w3.org/1999/02/22-rdf-syntax-ns#type>	<http://www.w3.org/2002/07/owl#Restriction>
_:N002db4162da943f4b34b43f3c1874f5e	<http://www.w3.org/2002/07/owl#minQualifiedCardinality>	"1"
_:N002db4162da943f4b34b43f3c1874f5e	<http://www.w3.org/2002/07/owl#onClass>	<http://www.semanticweb.org/magma-core/ontologies/hqdm#offer_and_acceptance_for_goods>
_:N002db4162da943f4b34b43f3c1874f5e	<http://www.w3.org/2002/07/owl#onProperty>	<http://www.semanticweb.org/magma-core/ontologies/hqdm#consists_of>
_:N018392a822d14b68b381a7abc76e8661	<http://www.w3.org/1999/02/22-rdf-syntax-ns#type>	<http://www.w3.org/2002/07/owl#Restriction>
_:N018392a822d14b68b381a7abc76e8661	<http://www.w3.org/2002/07/owl#minQualifiedCardinality>	"1"
_:N018392a822d14b68b381a7abc76e8661	<http://www.w3.org/2002/07/owl#onClass>	<http://www.semanticweb.org/magma-core/ontologies/hqdm#owner>
_:N018392a822d14b68b381a7abc76e8661	<http://www.w3.org/2002/07/owl#onProperty>	<http://www.semanticweb.org/magma-core/ontologies/hqdm#consists_of_participant>
_:N02eb65dc1d6e45258ac2496505c84bb4	<http://www.w3.org/1999/02/22-rdf-syntax-ns#type>	<http://www.w3.org/2002/07/owl#Restriction>
_:N02eb65dc1d6e45258ac2496505c84bb4	<http://www.w3.org/2002/07/owl#minQualifiedCardinality>	"0"
_:N02eb65dc1d6e45258ac2496505c84bb4	<http://www.w3.org/2002/07/owl#onClass>	<http://www.semanticweb.org/magma-core/ontologies/hqdm#agree_contract>
_:N02eb65dc1d6e45258ac2496505c84bb4	<http://www.w3.org/2002/07/owl#onProperty>	<http://www.semanticweb.org/magma-core/ontologies/hqdm#part_of>
_:N036a39887e504df3ad5839e53ed3610a	<http://www.w3.org/1999/02/22-rdf-syntax-ns#type>	<http://www.w3.org/2002/07/owl#Restriction>
_:N036a39887e504df3ad5839e53ed3610a	<http://www.w3.org/2002/07/owl#minQualifiedCardinality>	"0"
_:N036a39887e504df3ad5839e53ed3610a	<http://www.w3.org/2002/07/owl#onClass>	<http://www.semanticweb.org/magma-core/ontologies/hqdm#event>
_:N036a39887e504df3ad5839e53ed3610a	<http://www.w3.org/2002/07/owl#onProperty>	<http://www.semanticweb.org/magma-core/ontologies/hqdm#ending>
_:N043d35b543414ea9ace1de918fb3b1f8	<http://www.w3.org/1999/02/22-rdf-syntax-ns#type>	<http://www.w3.org/2002/07/owl#Restriction>
_:N043d35b543414ea9ace1de918fb3b1f8	<http://www.w3.org/2002/07/owl#minQualifiedCardinality>	"1"
_:N043d35b543414ea9ace1de918fb3b1f8	<http://www.w3.org/2002/07/owl#onClass>	<http://www.semanticweb.org/magma-core/ontologies/hqdm#contract_process>
_:N043d35b543414ea9ace1de918fb3b1f8	<http://www.w3.org/2002/07/owl#onProperty>	<http://www.semanticweb.org/magma-core/ontologies/hqdm#part_of>
_:N0629a40ed4764ff0b269ddb80f7da0e5	<http://www.w3.org/1999/02/22-rdf-syntax-ns#type>	<http://www.w3.org/2002/07/owl#Restriction>
_:N0629a40ed4764ff0b269ddb80f7da0e5	<http://www.w3.org/2002/07/owl#minQualifiedCardinality>	"0"
_:N0629a40ed4764ff0b269ddb80f7da0e5	<http://www.w3.org/2002/07/owl#onClass>	<http://www.semanticweb.org/magma-core/ontologies/hqdm#sales_product_version>
_:N0629a40ed4764ff0b269ddb80f7da0e5	<http://www.w3.org/2002/07/owl#onProperty>	<http://www.semanticweb.org/magma-core/ontologies/hqdm#successor>
_:N074c521a0f5848ada133c5346cb15ac9	<http://www.w3.org/1999/02/22-rdf-syntax-ns#type>	<http://www.w3.org/2002/07/owl#Restriction>
_:N074c521a0f5848ada133c5346cb15ac9	<http://www.w3.org/2002/07/owl#minQualifiedCardinality>	"1"
_:N074c521a0f5848ada133c5346cb15ac9	<http://www.w3.org/2002/07/owl#onClass>	<http://www.semanticweb.org/magma-core/ontologies/hqdm#agree_contract>
_:N074c521a0f5848ada133c5346cb15ac9	<http://www.w3.org/2002/07/owl#onProperty>	<http://www.semanticweb.org/magma-core/ontologies/hqdm#consists_of>
_:N07bc338aacf84fa5880ddf8363c041a2	<http://www.w3.org/1999/02/22-rdf-syntax-ns#type>	<http://www.w3.org/2002/07/owl#Restriction>
_:N07bc338aacf84fa5880ddf8363c041a2	<http://www.w3.org/2002/07/owl#maxQualifiedCardinality>	"1"
_:N07bc338aacf84fa5880ddf8363c041a2	<http://www.w3.org/2002/07/owl#onClass>	<http://www.semanticweb.org/magma-core/ontologies/hqdm#class_of_individual>
_:N07bc338aacf84fa5880ddf8363c041a2	<http://www.w3.org/2002/07/owl#onProperty>	<http://www.semanticweb.org/magma-core/ontologies/hqdm#class_of_offered>
_:N0836d1a2e63e42e4a2e192ebd09e5ce1	<http://www.w3.org/1999/02/22-rdf-syntax-ns#type>	<http://www.w3.org/2002/07/owl#Restriction>
_:N0836d1a2e63e42e4a2e192ebd09e5ce1	<http://www.w3.org/2002/07/owl#minQualifiedCardinality>	"0"
_:N0836d1a2e63e42e4a2e192ebd09e5ce1	<http://www.w3.org/2002/07/owl#onClass>	<http://www.semanticweb.org/magma-core/ontologies/hqdm#class>
_:N0836d1a2e63e42e4a2e192ebd09e5ce1	<http://www.w3.org/2002/07/owl#onProperty>	<http://www.semanticweb.org/magma-core/ontologies/hqdm#references_by_class>
_:N0836f99748c441fc9a58fac092fd8ec4	<http://www.w3.org/1999/02/22-rdf-syntax-ns#first>	<http://www.semanticweb.org/magma-core/ontologies/hqdm#specialization>
_:N0836f99748c441fc9a58fac092fd8ec4	<http://www.w3.org/1999/02/22-rdf-syntax-ns#rest>	<http://www.w3.org/1999/02/22-rdf-syntax-ns#nil>
_:N083fa8fc24294f9b8bf95a22b9cda9fb	<http://www.w3.org/1999/02/22-rdf-syntax-ns#type>	<http://www.w3.org/2002/07/owl#Restriction>
_:N083fa8fc24294f9b8bf95a22b9cda9fb	<http://www.w3.org/2002/07/owl#minQualifiedCardinality>	"1"
_:N083fa8fc24294f9b8bf95a22b9cda9fb	<http://www.w3.org/2002/07/owl#onClass>	<http://www.semanticweb.org/magma-core/ontologies/hqdm#recognizing_language_community>
_:N083fa8fc24294f9b8bf95a22b9cda9fb	<http://www.w3.org/2002/07/owl#onProperty>	<http://www.semanticweb.org/magma-core/ontologies/hqdm#consists_of_>
_:N08506d8160ce4bddb8b7390151c673e5	<http://www.w3.org/1999/02/22-rdf-syntax-ns#type>	<http://www.w3.org/2002/07/owl#Restriction>
_:N08506d8160ce4bddb8b7390151c673e5	<http://www.w3.org/2002/07/owl#minQualifiedCardinality>	"0"
_:N08506d8160ce4bddb8b7390151c673e5	<http://www.w3.org/2002/07/owl#onClass>	<http://www.semanticweb.org/magma-core/ontologies/hqdm#class_of_sign>
_:N08506d8160ce4bddb8b7390151c673e5	<http://www.w3.org/2002/07/owl#onProperty>	<http://www.semanticweb.org/magma-core/ontologies/hqdm#member_of>
_:N09e08a4ef55047caa3986124f09b72b0	<http://www.w3.org/1999/02/22-rdf-syntax-ns#type>	<http://www.w3.org/2002/07/owl#Restriction>
_:N09e08a4ef55047caa3986124f09b72b0	<http://www.w3.org/2002/07/owl#minQualifiedCardinality>	"0"
_:N09e08a4ef55047caa3986124f09b72b0	<http://www.w3.org/2002/07/owl#onClass>	<http://www.semanticweb.org/magma-core/ontologies/hqdm#exchange_of_goods_and_money>
_:N09e08a4ef55047caa3986124f09b72b0	<http://www.w3.org/2002/07/owl#onProperty>	<http://www.semanticweb.org/magma-core/ontologies/hqdm#part_of>
_:N0a774a44ffbc4c368590596ee5f43c93	<http://www.w3.org/1999/02/22-rdf-syntax-ns#type>	<http://www.w3.org/2002/07/owl#Restriction>
_:N0a774a44ffbc4c368590596ee5f43c93	<http://www.w3.org/2002/07/owl#minQualifiedCardinality>	"0"
_:N0a774a44ffbc4c368590596ee5f43c93	<http://www.w3.org/2002/07/owl#onClass>	<http://www.semanticweb.org/magma-core/ontologies/hqdm#activity>
_:N0a774a44ffbc4c368590596ee5f43c93	<http://www.w3.org/2002/07/owl#onProperty>	<http://www.semanticweb.org/magma-core/ontologies/hqdm#part_of>
_:N0adac09b612c4139a09b225149d4358a	<http://www.w3.org/2002/07/owl#inverseOf>	<http://www.semanticweb.org/magma-core/ontologies/hqdm#participant_in>
_:N0b5ce6e4756343d59500ffc24ba84c0b	<http://www.w3.org/1999/02/22-rdf-syntax-ns#type>	<http://www.w3.org/2002/07/owl#Restriction>
_:N0b5ce6e4756343d59500ffc24ba84c0b	<http://www.w3.org/2002/07/owl#minCardinality>	"1"
_:N0b5ce6e4756343d59500ffc24ba84c0b	<http://www.w3.org/2002/07/owl#onProperty>	<http://www.semanticweb.org/magma-core/ontologies/hqdm#data_record_creator>
_:N0b7f78b6c47f4f8581cdfe7f2718133c	<http://www.w3.org/1999/02/22-rdf-syntax-ns#type>	<http://www.w3.org/2002/07/owl#Restriction>
_:N0b7f78b6c47f4f8581cdfe7f2718133c	<http://www.w3.org/2002/07/owl#minQualifiedCardinality>	"1"
_:N0b7f78b6c47f4f8581cdfe7f2718133c	<http://www.w3.org/2002/07/owl#onClass>	<http://www.semanticweb.org/magma-core/ontologies/hqdm#representation_by_sign>
_:N0b7f78b6c47f4f8581cdfe7f2718133c	<http://www.w3.org/2002/07/owl#onProperty>	<http://www.semanticweb.org/magma-core/ontologies/hqdm#participant_in>
_:N0bb491ffe1ce4ca094f260f14a4b3833	<http://www.w3.org/1999/02/22-rdf-syntax-ns#first>	<http://www.semanticweb.org/magma-core/ontologies/hqdm#abstract_object>
_:N0bb491ffe1ce4ca094f260f14a4b3833	<http://www.w3.org/1999/02/22-rdf-syntax-ns#rest>	_:N294aa0beca044882ac345498d1f3cd50
_:N0c08b8433a9642b7ac8a9a2f0064c20f	<http://www.w3.org/1999/02/22-rdf-syntax-ns#type>	<http://www.w3.org/2002/07/owl#Restriction>
_:N0c08b8433a9642b7ac8a9a2f0064c20f	<http://www.w3.org/2002/07/owl#minQualifiedCardinality>	"0"
_:N0c08b8433a9642b7ac8a9a2f0064c20f	<http://www.w3.org/2002/07/owl#onClass>	<http://www.semanticweb.org/magma-core/ontologies/hqdm#class_of_state_of_intentionally_constructed_object>
_:N0c08b8433a9642b7ac8a9a2f0064c20f	<http://www.w3.org/2002/07/owl#onProperty>	<http://www.semanticweb.org/magma-core/ontologies/hqdm#member_of>
_:N0c87cefc73f74a81acfd8fb1faed0d80	<http://www.w3.org/1999/02/22-rdf-syntax-ns#type>	<http://www.w3.org/2002/07/owl#Restriction>
_:N0c87cefc73f74a81acfd8fb1faed0d80	<http://www.w3.org/2002/07/owl#minQualifiedCardinality>	"1"
_:N0c87cefc73f74a81acfd8fb1faed0d80	<http://www.w3.org/2002/07/owl#onClass>	<http://www.semanticweb.org/magma-core/ontologies/hqdm#class>
_:N0c87cefc73f74a81acfd8fb1faed0d80	<http://www.w3.org/2002/07/owl#onProperty>	<http://www.semanticweb.org/magma-core/ontologies/hqdm#represented>
_:N0ca3ef332cee4277bea5b661f42bb79a	<http://www.w3.org/1999/02/22-rdf-syntax-ns#type>	<http://www.w3.org/2002/07/owl#Restriction>
_:N0ca3ef332cee4277bea5b661f42bb79a	<http://www.w3.org/2002/07/owl#maxQualifiedCardinality>	"1"
_:N0ca3ef332cee4277bea5b661f42bb79a	<http://www.w3.org/2002/07/owl#onClass>	<http://www.semanticweb.org/magma-core/ontologies/hqdm#money_asset>
_:N0ca3ef332cee4277bea5b661f42bb79a	<http://www.w3.org/2002/07/owl#onProperty>	<http://www.semanticweb.org/magma-core/ontologies/hqdm#references>
_:N0ccb0cf6196244289768b12c380d97d2	<http://www.w3.org/1999/02/22-rdf-syntax-ns#type>	<http://www.w3.org/2002/07/owl#Restriction>
_:N0ccb0cf6196244289768b12c380d97d2	<http://www.w3.org/2002/07/owl#maxQualifiedCardinality>	"1"
_:N0ccb0cf6196244289768b12c380d97d2	<http://www.w3.org/2002/07/owl#onClass>	<http://www.semanticweb.org/magma-core/ontologies/hqdm#thing>
_:N0ccb0cf6196244289768b12c380d97d2	<http://www.w3.org/2002/07/owl#onProperty>	<http://www.semanticweb.org/magma-core/ontologies/hqdm#member>
_:N0ea263789e2b4667959423ea91c760d1	<http://www.w3.org/1999/02/22-rdf-syntax-ns#type>	<http://www.w3.org/2002/07/owl#Restriction>
_:N0ea263789e2b4667959423ea91c760d1	<http://www.w3.org/2002/07/owl#minQualifiedCardinality>	"0"
_:N0ea263789e2b4667959423ea91c760d1	<http://www.w3.org/2002/07/owl#onClass>	<http://www.semanticweb.org/magma-core/ontologies/hqdm#kind_of_system>
_:N0ea263789e2b4667959423ea91c760d1	<http://www.w3.org/2002/07/owl#onProperty>	<http://www.semanticweb.org/magma-core/ontologies/hqdm#member_of_kind>
_:N0eca87dbe34f4729988f8a3ca2be8dbf	<http://www.w3.org/1999/02/22-rdf-syntax-ns#type>	<http://www.w3.org/2002/07/owl#Restriction>
_:N0eca87dbe34f4729988f8a3ca2be8dbf	<http://www.w3.org/2002/07/owl#minQualifiedCardinality>	"0"
_:N0eca87dbe34f4729988f8a3ca2be8dbf	<http://www.w3.org/2002/07/owl#onClass>	<http://www.semanticweb.org/magma-core/ontologies/hqdm#ordinary_physical_object>
_:N0eca87dbe34f4729988f8a3ca2be8dbf	<http://www.w3.org/2002/07/owl#onProperty>	<http://www.semanticweb.org/magma-core/ontologies/hqdm#temporal_part_of>
_:N100e6dcb9d1e4c61b87b85439b3c7352	<http://www.w3.org/1999/02/22-rdf-syntax-ns#type>	<http://www.w3.org/2002/07/owl#Restriction>
_:N100e6dcb9d1e4c61b87b85439b3c7352	<http://www.w3.org/2002/07/owl#maxQualifiedCardinality>	"1"
_:N100e6dcb9d1e4c61b87b85439b3c7352	<http://www.w3.org/2002/07/owl#onDataRange>	<http://www.w3.org/2002/07/owl#real>
_:N100e6dcb9d1e4c61b87b85439b3c7352	<http://www.w3.org/2002/07/owl#onProperty>	<http://www.semanticweb.org/magma-core/ontologies/hqdm#real_value>
_:N110eeb9f617944c397e65675349c319c	<http://www.w3.org/1999/02/22-rdf-syntax-ns#type>	<http://www.w3.org/2002/07/owl#Restriction>
_:N110eeb9f617944c397e65675349c319c	<http://www.w3.org/2002/07/owl#maxQualifiedCardinality>	"1"
_:N110eeb9f617944c397e65675349c319c	<http://www.w3.org/2002/07/owl#onClass>	<http://www.semanticweb.org/magma-core/ontologies/hqdm#party>
_:N110eeb9f617944c397e65675349c319c	<http://www.w3.org/2002/07/owl#onProperty>	<http://www.semanticweb.org/magma-core/ontologies/hqdm#offeror>
_:N125860d2e231453eafce66fa618ff4c4	<http://www.w3.org/1999/02/22-rdf-syntax-ns#type>	<http://www.w3.org/2002/07/owl#Restriction>
_:N125860d2e231453eafce66fa618ff4c4	<http://www.w3.org/2002/07/owl#minQualifiedCardinality>	"1"
_:N125860d2e231453eafce66fa618ff4c4	<http://www.w3.org/2002/07/owl#onClass>	<http://www.semanticweb.org/magma-core/ontologies/hqdm#requirement_specification>
_:N125860d2e231453eafce66fa618ff4c4	<http://www.w3.org/2002/07/owl#onProperty>	<http://www.semanticweb.org/magma-core/ontologies/hqdm#defined_by>
_:N13088a7bebcf4a7f8c067c9ac896d98b	<http://www.w3.org/1999/02/22-rdf-syntax-ns#type>	<http://www.w3.org/2002/07/owl#Restriction>
_:N13088a7bebcf4a7f8c067c9ac896d98b	<http://www.w3.org/2002/07/owl#minQualifiedCardinality>	"1"
_:N13088a7bebcf4a7f8c067c9ac896d98b	<http://www.w3.org/2002/07/owl#onClass>	<http://www.semanticweb.org/magma-core/ontologies/hqdm#thing>
_:N13088a7bebcf4a7f8c067c9ac896d98b	<http://www.w3.org/2002/07/owl#onProperty>	<http://www.semanticweb.org/magma-core/ontologies/hqdm#represented>
_:N1327fdbf882c48d6b8ee1b171f78f0bb	<http://www.w3.org/1999/02/22-rdf-syntax-ns#type>	<http://www.w3.org/2002/07/owl#Restriction>
_:N1327fdbf882c48d6b8ee1b171f78f0bb	<http://www.w3.org/2002/07/owl#maxQualifiedCardinality>	"1"
_:N1327fdbf882c48d6b8ee1b171f78f0bb	<http://www.w3.org/2002/07/owl#onClass>	<http://www.semanticweb.org/magma-core/ontologies/hqdm#class>
_:N1327fdbf882c48d6b8ee1b171f78f0bb	<http://www.w3.org/2002/07/owl#onProperty>	<http://www.semanticweb.org/magma-core/ontologies/hqdm#represented>
_:N137d12255aa440919b46ac9c96c4ba51	<http://www.w3.org/1999/02/22-rdf-syntax-ns#type>	<http://www.w3.org/2002/07/owl#Restriction>
_:N137d12255aa440919b46ac9c96c4ba51	<http://www.w3.org/2002/07/owl#minQualifiedCardinality>	"0"
_:N137d12255aa440919b46ac9c96c4ba51	<http://www.w3.org/2002/07/owl#onClass>	<http://www.semanticweb.org/magma-core/ontologies/hqdm#class_of_state_of_position>
_:N137d12255aa440919b46ac9c96c4ba51	<http://www.w3.org/2002/07/owl#onProperty>	<http://www.semanticweb.org/magma-core/ontologies/hqdm#member_of>
_:N1424ebac798e49b99d14876e4e3a32ec	<http://www.w3.org/1999/02/22-rdf-syntax-ns#type>	<http://www.w3.org/2002/07/owl#Restriction>
_:N1424ebac798e49b99d14876e4e3a32ec	<http://www.w3.org/2002/07/owl#minQualifiedCardinality>	"0"
_:N1424ebac798e49b99d14876e4e3a32ec	<http://www.w3.org/2002/07/owl#onClass>	<http://www.semanticweb.org/magma-core/ontologies/hqdm#thing>
_:N1424ebac798e49b99d14876e4e3a32ec	<http://www.w3.org/2002/07/owl#onProperty>	<http://www.semanticweb.org/magma-core/ontologies/hqdm#references>
_:N1458ab5c309b41bf95cdebcb6a2b5fa0	<http://www.w3.org/1999/02/22-rdf-syntax-ns#type>	<http://www.w3.org/2002/07/owl#Restriction>
_:N1458ab5c309b41bf95cdebcb6a2b5fa0	<http://www.w3.org/2002/07/owl#minQualifiedCardinality>	"0"
_:N1458ab5c309b41bf95cdebcb6a2b5fa0	<http://www.w3.org/2002/07/owl#onClass>	<http://www.semanticweb.org/magma-core/ontologies/hqdm#class_of_socially_constructed_activity>
_:N1458ab5c309b41bf95cdebcb6a2b5fa0	<http://www.w3.org/2002/07/owl#onProperty>	<http://www.semanticweb.org/magma-core/ontologies/hqdm#member_of>
_:N1496b7421b404d129daaacdcfd6d6236	<http://www.w3.org/1999/02/22-rdf-syntax-ns#type>	<http://www.w3.org/2002/07/owl#Restriction>
_:N1496b7421b404d129daaacdcfd6d6236	<http://www.w3.org/2002/07/owl#minQualifiedCardinality>	"0"
_:N1496b7421b404d129daaacdcfd6d6236	<http://www.w3.org/2002/07/owl#onClass>	<http://www.semanticweb.org/magma-core/ontologies/hqdm#class_of_offer>
_:N1496b7421b404d129daaacdcfd6d6236	<http://www.w3.org/2002/07/owl#onProperty>	<http://www.semanticweb.org/magma-core/ontologies/hqdm#member_of>
_:N15003ee1cc3b42478830e040f4ef6968	<http://www.w3.org/1999/02/22-rdf-syntax-ns#type>	<http://www.w3.org/2002/07/owl#Restriction>
_:N15003ee1cc3b42478830e040f4ef6968	<http://www.w3.org/2002/07/owl#minQualifiedCardinality>	"0"
_:N15003ee1cc3b42478830e040f4ef6968	<http://www.w3.org/2002/07/owl#onClass>	<http://www.semanticweb.org/magma-core/ontologies/hqdm#class_of_person>
_:N15003ee1cc3b42478830e040f4ef6968	<http://www.w3.org/2002/07/owl#onProperty>	<http://www.semanticweb.org/magma-core/ontologies/hqdm#member_of>
_:N155f9ff0a9e14577957d6c4b5ad34f09	<http://www.w3.org/1999/02/22-rdf-syntax-ns#type>	<http://www.w3.org/2002/07/owl#Restriction>
_:N155f9ff0a9e14577957d6c4b5ad34f09	<http://www.w3.org/2002/07/owl#minQualifiedCardinality>	"0"
_:N155f9ff0a9e14577957d6c4b5ad34f09	<http://www.w3.org/2002/07/owl#onClass>	<http://www.semanticweb.org/magma-core/ontologies/hqdm#class_of_contract_execution>
_:N155f9ff0a9e14577957d6c4b5ad34f09	<http://www.w3.org/2002/07/owl#onProperty>	<http://www.semanticweb.org/magma-core/ontologies/hqdm#member_of>
_:N16964cc5faff489b97fcfad62e2f6284	<http://www.w3.org/1999/02/22-rdf-syntax-ns#type>	<http://www.w3.org/2002/07/owl#Restriction>
_:N16964cc5faff489b97fcfad62e2f6284	<http://www.w3.org/2002/07/owl#minQualifiedCardinality>	"1"
_:N16964cc5faff489b97fcfad62e2f6284	<http://www.w3.org/2002/07/owl#onClass>	<http://www.semanticweb.org/magma-core/ontologies/hqdm#offer>
_:N16964cc5faff489b97fcfad62e2f6284	<http://www.w3.org/2002/07/owl#onProperty>	<http://www.semanticweb.org/magma-core/ontologies/hqdm#references>
_:N1b55c43aaeb3490b819499b39c90b6db	<http://www.w3.org/1999/02/22-rdf-syntax-ns#type>	<http://www.w3.org/2002/07/owl#Restriction>
_:N1b55c43aaeb3490b819499b39c90b6db	<http://www.w3.org/2002/07/owl#minQualifiedCardinality>	"0"
_:N1b55c43aaeb3490b819499b39c90b6db	<http://www.w3.org/2002/07/owl#onClass>	<http://www.semanticweb.org/magma-core/ontologies/hqdm#kind_of_association>
_:N1b55c43aaeb3490b819499b39c90b6db	<http://www.w3.org/2002/07/owl#onProperty>	<http://www.semanticweb.org/magma-core/ontologies/hqdm#part_of_by_class_>
_:N1c302465384141b2bbbfabac2f387bbc	<http://www.w3.org/1999/02/22-rdf-syntax-ns#type>	<http://www.w3.org/2002/07/owl#Restriction>
_:N1c302465384141b2bbbfabac2f387bbc	<http://www.w3.org/2002/07/owl#minQualifiedCardinality>	"1"
_:N1c302465384141b2bbbfabac2f387bbc	<http://www.w3.org/2002/07/owl#onClass>	<http://www.semanticweb.org/magma-core/ontologies/hqdm#asset>
_:N1c302465384141b2bbbfabac2f387bbc	<http://www.w3.org/2002/07/owl#onProperty>	<http://www.semanticweb.org/magma-core/ontologies/hqdm#consists_of_participant_>
_:N1cc81431e9924b4798849d1197819953	<http://www.w3.org/1999/02/22-rdf-syntax-ns#type>	<http://www.w3.org/2002/07/owl#Restriction>
_:N1cc81431e9924b4798849d1197819953	<http://www.w3.org/2002/07/owl#maxCardinality>	"1"
_:N1cc81431e9924b4798849d1197819953	<http://www.w3.org/2002/07/owl#onProperty>	<http://www.semanticweb.org/magma-core/ontologies/hqdm#data_uniqueID>
_:N1d76b1527e034fd5b90b305d1078c931	<http://www.w3.org/1999/02/22-rdf-syntax-ns#type>	<http://www.w3.org/2002/07/owl#Restriction>
_:N1d76b1527e034fd5b90b305d1078c931	<http://www.w3.org/2002/07/owl#minQualifiedCardinality>	"0"
_:N1d76b1527e034fd5b90b305d1078c931	<http://www.w3.org/2002/07/owl#onClass>	<http://www.semanticweb.org/magma-core/ontologies/hqdm#class_of_agreement_process>
_:N1d76b1527e034fd5b90b305d1078c931	<http://www.w3.org/2002/07/owl#onProperty>	<http://www.semanticweb.org/magma-core/ontologies/hqdm#part_of_by_class>
_:N1dbff48c740548c08b3cd4e09f647bb5	<http://www.w3.org/1999/02/22-rdf-syntax-ns#first>	<http://www.semanticweb.org/magma-core/ontologies/hqdm#class_of_spatio_temporal_extent>
_:N1dbff48c740548c08b3cd4e09f647bb5	<http://www.w3.org/1999/02/22-rdf-syntax-ns#rest>	<http://www.w3.org/1999/02/22-rdf-syntax-ns#nil>
_:N1e464ff5026548ada1b277cd126319fa	<http://www.w3.org/1999/02/22-rdf-syntax-ns#type>	<http://www.w3.org/2002/07/owl#Restriction>
_:N1e464ff5026548ada1b277cd126319fa	<http://www.w3.org/2002/07/owl#minQualifiedCardinality>	"0"
_:N1e464ff5026548ada1b277cd126319fa	<http://www.w3.org/2002/07/owl#onClass>	<http://www.semanticweb.org/magma-core/ontologies/hqdm#class_of_biological_system_component>
_:N1e464ff5026548ada1b277cd126319fa	<http://www.w3.org/2002/07/owl#onProperty>	<http://www.semanticweb.org/magma-core/ontologies/hqdm#member_of>
_:N1fdd52c1c1254777ade91b999b4efe36	<http://www.w3.org/1999/02/22-rdf-syntax-ns#type>	<http://www.w3.org/2002/07/owl#Restriction>
_:N1fdd52c1c1254777ade91b999b4efe36	<http://www.w3.org/2002/07/owl#minQualifiedCardinality>	"0"
_:N1fdd52c1c1254777ade91b999b4efe36	<http://www.w3.org/2002/07/owl#onClass>	<http://www.semanticweb.org/magma-core/ontologies/hqdm#kind_of_functional_object>
_:N1fdd52c1c1254777ade91b999b4efe36	<http://www.w3.org/2002/07/owl#onProperty>	<http://www.semanticweb.org/magma-core/ontologies/hqdm#member_of_kind>
_:N201d23ec39de4798ba59cba573d399dd	<http://www.w3.org/1999/02/22-rdf-syntax-ns#type>	<http://www.w3.org/2002/07/owl#Restriction>
_:N201d23ec39de4798ba59cba573d399dd	<http://www.w3.org/2002/07/owl#maxQualifiedCardinality>	"1"
_:N201d23ec39de4798ba59cba573d399dd	<http://www.w3.org/2002/07/owl#onClass>	<http://www.semanticweb.org/magma-core/ontologies/hqdm#contract_execution>
_:N201d23ec39de4798ba59cba573d399dd	<http://www.w3.org/2002/07/owl#onProperty>	<http://www.semanticweb.org/magma-core/ontologies/hqdm#consists_of_>
_:N21a8b749eb24405194278679b543e7a1	<http://www.w3.org/1999/02/22-rdf-syntax-ns#type>	<http://www.w3.org/2002/07/owl#Axiom>
_:N21a8b749eb24405194278679b543e7a1	<http://www.w3.org/2000/01/rdf-schema#comment>	"This should be mutually exclusive with a participant_in relationship with activity"
_:N21a8b749eb24405194278679b543e7a1	<http://www.w3.org/2002/07/owl#annotatedProperty>	<http://www.w3.org/2000/01/rdf-schema#subClassOf>
_:N21a8b749eb24405194278679b543e7a1	<http://www.w3.org/2002/07/owl#annotatedSource>	<http://www.semanticweb.org/magma-core/ontologies/hqdm#participant>
_:N21a8b749eb24405194278679b543e7a1	<http://www.w3.org/2002/07/owl#annotatedTarget>	_:Nf73ae46d3ac64a199ac89e6e7647850f
_:N22010a29e74c4ab0918dd8f559cb2338	<http://www.w3.org/1999/02/22-rdf-syntax-ns#type>	<http://www.w3.org/2002/07/owl#Restriction>
_:N22010a29e74c4ab0918dd8f559cb2338	<http://www.w3.org/2002/07/owl#minQualifiedCardinality>	"0"
_:N22010a29e74c4ab0918dd8f559cb2338	<http://www.w3.org/2002/07/owl#onClass>	<http://www.semanticweb.org/magma-core/ontologies/hqdm#kind_of_ordinary_physical_object>
_:N22010a29e74c4ab0918dd8f559cb2338	<http://www.w3.org/2002/07/owl#onProperty>	<http://www.semanticweb.org/magma-core/ontologies/hqdm#member_of_kind>
_:N22057a53f3514eda923670b82e8fdb54	<http://www.w3.org/1999/02/22-rdf-syntax-ns#type>	<http://www.w3.org/2002/07/owl#Restriction>
_:N22057a53f3514eda923670b82e8fdb54	<http://www.w3.org/2002/07/owl#minQualifiedCardinality>	"0"
_:N22057a53f3514eda923670b82e8fdb54	<http://www.w3.org/2002/07/owl#onClass>	<http://www.semanticweb.org/magma-core/ontologies/hqdm#class_of_position>
_:N22057a53f3514eda923670b82e8fdb54	<http://www.w3.org/2002/07/owl#onProperty>	<http://www.semanticweb.org/magma-core/ontologies/hqdm#member_of>
_:N2230767f81c34e209ff877c7fffc2b58	<http://www.w3.org/1999/02/22-rdf-syntax-ns#type>	<http://www.w3.org/2002/07/owl#Restriction>
_:N2230767f81c34e209ff877c7fffc2b58	<http://www.w3.org/2002/07/owl#minQualifiedCardinality>	"1"
_:N2230767f81c34e209ff877c7fffc2b58	<http://www.w3.org/2002/07/owl#onClass>	<http://www.semanticweb.org/magma-core/ontologies/hqdm#plan>
_:N2230767f81c34e209ff877c7fffc2b58	<http://www.w3.org/2002/07/owl#onProperty>	<http://www.semanticweb.org/magma-core/ontologies/hqdm#part_of_plan>
_:N224d40574d8f41a5ab31004ec0a8f539	<http://www.w3.org/1999/02/22-rdf-syntax-ns#type>	<http://www.w3.org/2002/07/owl#Restriction>
_:N224d40574d8f41a5ab31004ec0a8f539	<http://www.w3.org/2002/07/owl#minQualifiedCardinality>	"0"
_:N224d40574d8f41a5ab31004ec0a8f539	<http://www.w3.org/2002/07/owl#onClass>	<http://www.semanticweb.org/magma-core/ontologies/hqdm#class_of_individual>
_:N224d40574d8f41a5ab31004ec0a8f539	<http://www.w3.org/2002/07/owl#onProperty>	<http://www.semanticweb.org/magma-core/ontologies/hqdm#member_of>
_:N228131f8acb74a0e8696ec433d93f5ce	<http://www.w3.org/1999/02/22-rdf-syntax-ns#type>	<http://www.w3.org/2002/07/owl#Restriction>
_:N228131f8acb74a0e8696ec433d93f5ce	<http://www.w3.org/2002/07/owl#minQualifiedCardinality>	"1"
_:N228131f8acb74a0e8696ec433d93f5ce	<http://www.w3.org/2002/07/owl#onClass>	<http://www.semanticweb.org/magma-core/ontologies/hqdm#thing>
_:N228131f8acb74a0e8696ec433d93f5ce	<http://www.w3.org/2002/07/owl#onProperty>	<http://www.semanticweb.org/magma-core/ontologies/hqdm#member>
_:N22d91f74d59c46e88abce44ffddd515f	<http://www.w3.org/1999/02/22-rdf-syntax-ns#type>	<http://www.w3.org/2002/07/owl#Class>
_:N22d91f74d59c46e88abce44ffddd515f	<http://www.w3.org/2002/07/owl#unionOf>	_:N696b0df0f71a40399e40273c08a1d4e5
_:N23e8ecee0d4143da944b3a41887442de	<http://www.w3.org/1999/02/22-rdf-syntax-ns#type>	<http://www.w3.org/2002/07/owl#Restriction>
_:N23e8ecee0d4143da944b3a41887442de	<http://www.w3.org/2002/07/owl#minQualifiedCardinality>	"1"
_:N23e8ecee0d4143da944b3a41887442de	<http://www.w3.org/2002/07/owl#onClass>	<http://www.semanticweb.org/magma-core/ontologies/hqdm#role>
_:N23e8ecee0d4143da944b3a41887442de	<http://www.w3.org/2002/07/owl#onProperty>	<http://www.semanticweb.org/magma-core/ontologies/hqdm#natural_role_by_class>
_:N23f4fccb76574657a8a6e787de0ea8ce	<http://www.w3.org/1999/02/22-rdf-syntax-ns#type>	<http://www.w3.org/2002/07/owl#Restriction>
_:N23f4fccb76574657a8a6e787de0ea8ce	<http://www.w3.org/2002/07/owl#minQualifiedCardinality>	"1"
_:N23f4fccb76574657a8a6e787de0ea8ce	<http://www.w3.org/2002/07/owl#onClass>	<http://www.semanticweb.org/magma-core/ontologies/hqdm#transfer_of_ownership>
_:N23f4fccb76574657a8a6e787de0ea8ce	<http://www.w3.org/2002/07/owl#onProperty>	<http://www.semanticweb.org/magma-core/ontologies/hqdm#participant_in>
_:N252b8e2e053f4d4cace65d38c26c9df6	<http://www.w3.org/1999/02/22-rdf-syntax-ns#type>	<http://www.w3.org/2002/07/owl#Restriction>
_:N252b8e2e053f4d4cace65d38c26c9df6	<http://www.w3.org/2002/07/owl#minQualifiedCardinality>	"1"
_:N252b8e2e053f4d4cace65d38c26c9df6	<http://www.w3.org/2002/07/owl#onClass>	<http://www.semanticweb.org/magma-core/ontologies/hqdm#role>
_:N252b8e2e053f4d4cace65d38c26c9df6	<http://www.w3.org/2002/07/owl#onProperty>	<http://www.semanticweb.org/magma-core/ontologies/hqdm#natural_role>
_:N262de53a0bac4bc4809bf517f4653fb3	<http://www.w3.org/1999/02/22-rdf-syntax-ns#type>	<http://www.w3.org/2002/07/owl#Restriction>
_:N262de53a0bac4bc4809bf517f4653fb3	<http://www.w3.org/2002/07/owl#minQualifiedCardinality>	"0"
_:N262de53a0bac4bc4809bf517f4653fb3	<http://www.w3.org/2002/07/owl#onClass>	<http://www.semanticweb.org/magma-core/ontologies/hqdm#socially_constructed_object>
_:N262de53a0bac4bc4809bf517f4653fb3	<http://www.w3.org/2002/07/owl#onProperty>	<http://www.semanticweb.org/magma-core/ontologies/hqdm#temporal_part_of>
_:N2671eab9cba148d1b8fb86aff01e8b46	<http://www.w3.org/1999/02/22-rdf-syntax-ns#type>	<http://www.w3.org/2002/07/owl#Restriction>
_:N2671eab9cba148d1b8fb86aff01e8b46	<http://www.w3.org/2002/07/owl#minQualifiedCardinality>	"1"
_:N2671eab9cba148d1b8fb86aff01e8b46	<http://www.w3.org/2002/07/owl#onClass>	<http://www.semanticweb.org/magma-core/ontologies/hqdm#employee>
_:N2671eab9cba148d1b8fb86aff01e8b46	<http://www.w3.org/2002/07/owl#onProperty>	<http://www.semanticweb.org/magma-core/ontologies/hqdm#consists_of_participant>
_:N268df13c5ab445a39b7598632fea6bbd	<http://www.w3.org/1999/02/22-rdf-syntax-ns#type>	<http://www.w3.org/2002/07/owl#Restriction>
_:N268df13c5ab445a39b7598632fea6bbd	<http://www.w3.org/2002/07/owl#minQualifiedCardinality>	"0"
_:N268df13c5ab445a39b7598632fea6bbd	<http://www.w3.org/2002/07/owl#onClass>	<http://www.semanticweb.org/magma-core/ontologies/hqdm#class_of_state_of_person>
_:N268df13c5ab445a39b7598632fea6bbd	<http://www.w3.org/2002/07/owl#onProperty>	<http://www.semanticweb.org/magma-core/ontologies/hqdm#member_of>
_:N28ef19e472db431caba5616f79b4eef8	<http://www.w3.org/1999/02/22-rdf-syntax-ns#type>	<http://www.w3.org/2002/07/owl#Restriction>
_:N28ef19e472db431caba5616f79b4eef8	<http://www.w3.org/2002/07/owl#minQualifiedCardinality>	"0"
_:N28ef19e472db431caba5616f79b4eef8	<http://www.w3.org/2002/07/owl#onClass>	<http://www.semanticweb.org/magma-core/ontologies/hqdm#class_of_state_of_organization>
_:N28ef19e472db431caba5616f79b4eef8	<http://www.w3.org/2002/07/owl#onProperty>	<http://www.semanticweb.org/magma-core/ontologies/hqdm#member_of>
_:N294aa0beca044882ac345498d1f3cd50	<http://www.w3.org/1999/02/22-rdf-syntax-ns#first>	<http://www.semanticweb.org/magma-core/ontologies/hqdm#spatio_temporal_extent>
_:N294aa0beca044882ac345498d1f3cd50	<http://www.w3.org/1999/02/22-rdf-syntax-ns#rest>	<http://www.w3.org/1999/02/22-rdf-syntax-ns#nil>
_:N2a9544c8b70845b9aa612ebf93ad01d4	<http://www.w3.org/1999/02/22-rdf-syntax-ns#type>	<http://www.w3.org/2002/07/owl#Restriction>
_:N2a9544c8b70845b9aa612ebf93ad01d4	<http://www.w3.org/2002/07/owl#maxQualifiedCardinality>	"1"
_:N2a9544c8b70845b9aa612ebf93ad01d4	<http://www.w3.org/2002/07/owl#onClass>	<http://www.semanticweb.org/magma-core/ontologies/hqdm#system>
_:N2a9544c8b70845b9aa612ebf93ad01d4	<http://www.w3.org/2002/07/owl#onProperty>	<http://www.semanticweb.org/magma-core/ontologies/hqdm#component_of>
_:N2b2e655b2a4442d3aa02a55668551f6f	<http://www.w3.org/1999/02/22-rdf-syntax-ns#type>	<http://www.w3.org/2002/07/owl#Restriction>
_:N2b2e655b2a4442d3aa02a55668551f6f	<http://www.w3.org/2002/07/owl#minQualifiedCardinality>	"0"
_:N2b2e655b2a4442d3aa02a55668551f6f	<http://www.w3.org/2002/07/owl#onClass>	<http://www.semanticweb.org/magma-core/ontologies/hqdm#biological_system>
_:N2b2e655b2a4442d3aa02a55668551f6f	<http://www.w3.org/2002/07/owl#onProperty>	<http://www.semanticweb.org/magma-core/ontologies/hqdm#temporal_part_of>
_:N2b53d5a929f34e9489a37c5e1f7edd93	<http://www.w3.org/1999/02/22-rdf-syntax-ns#type>	<http://www.w3.org/2002/07/owl#Restriction>
_:N2b53d5a929f34e9489a37c5e1f7edd93	<http://www.w3.org/2002/07/owl#minQualifiedCardinality>	"1"
_:N2b53d5a929f34e9489a37c5e1f7edd93	<http://www.w3.org/2002/07/owl#onClass>	<http://www.semanticweb.org/magma-core/ontologies/hqdm#recognizing_language_community>
_:N2b53d5a929f34e9489a37c5e1f7edd93	<http://www.w3.org/2002/07/owl#onProperty>	<http://www.semanticweb.org/magma-core/ontologies/hqdm#consists_of_in_members>
_:N2cd545fb27354695bd5304f89a913233	<http://www.w3.org/1999/02/22-rdf-syntax-ns#type>	<http://www.w3.org/2002/07/owl#Restriction>
_:N2cd545fb27354695bd5304f89a913233	<http://www.w3.org/2002/07/owl#minQualifiedCardinality>	"0"
_:N2cd545fb27354695bd5304f89a913233	<http://www.w3.org/2002/07/owl#onClass>	<http://www.semanticweb.org/magma-core/ontologies/hqdm#kind_of_association>
_:N2cd545fb27354695bd5304f89a913233	<http://www.w3.org/2002/07/owl#onProperty>	<http://www.semanticweb.org/magma-core/ontologies/hqdm#part_of_by_class_>
_:N2cf046a632034b77b98055675124f426	<http://www.w3.org/1999/02/22-rdf-syntax-ns#type>	<http://www.w3.org/2002/07/owl#Restriction>
_:N2cf046a632034b77b98055675124f426	<http://www.w3.org/2002/07/owl#minQualifiedCardinality>	"0"
_:N2cf046a632034b77b98055675124f426	<http://www.w3.org/2002/07/owl#onClass>	<http://www.semanticweb.org/magma-core/ontologies/hqdm#class_of_physical_quantity>
_:N2cf046a632034b77b98055675124f426	<http://www.w3.org/2002/07/owl#onProperty>	<http://www.semanticweb.org/magma-core/ontologies/hqdm#member_of>
_:N2d31bdcd633142b99b307926015d1f58	<http://www.w3.org/1999/02/22-rdf-syntax-ns#type>	<http://www.w3.org/2002/07/owl#Restriction>
_:N2d31bdcd633142b99b307926015d1f58	<http://www.w3.org/2002/07/owl#minQualifiedCardinality>	"1"
_:N2d31bdcd633142b99b307926015d1f58	<http://www.w3.org/2002/07/owl#onClass>	<http://www.semanticweb.org/magma-core/ontologies/hqdm#role>
_:N2d31bdcd633142b99b307926015d1f58	<http://www.w3.org/2002/07/owl#onProperty>	<http://www.semanticweb.org/magma-core/ontologies/hqdm#intended_role>
_:N2d9bef426f364fc6a795e12f4f6cd2b0	<http://www.w3.org/1999/02/22-rdf-syntax-ns#type>	<http://www.w3.org/2002/07/owl#Restriction>
_:N2d9bef426f364fc6a795e12f4f6cd2b0	<http://www.w3.org/2002/07/owl#minQualifiedCardinality>	"0"
_:N2d9bef426f364fc6a795e12f4f6cd2b0	<http://www.w3.org/2002/07/owl#onClass>	<http://www.semanticweb.org/magma-core/ontologies/hqdm#class_of_agree_contract>
_:N2d9bef426f364fc6a795e12f4f6cd2b0	<http://www.w3.org/2002/07/owl#onProperty>	<http://www.semanticweb.org/magma-core/ontologies/hqdm#member_of>
_:N2ece024c74624cc7a3fa08ef95cb1c73	<http://www.w3.org/1999/02/22-rdf-syntax-ns#type>	<http://www.w3.org/2002/07/owl#Restriction>
_:N2ece024c74624cc7a3fa08ef95cb1c73	<http://www.w3.org/2002/07/owl#minQualifiedCardinality>	"0"
_:N2ece024c74624cc7a3fa08ef95cb1c73	<http://www.w3.org/2002/07/owl#onClass>	<http://www.semanticweb.org/magma-core/ontologies/hqdm#unit_of_measure>
_:N2ece024c74624cc7a3fa08ef95cb1c73	<http://www.w3.org/2002/07/owl#onProperty>	<http://www.semanticweb.org/magma-core/ontologies/hqdm#unit>
_:N2f4ce7a0ef5044b99005da71804855f6	<http://www.w3.org/1999/02/22-rdf-syntax-ns#type>	<http://www.w3.org/2002/07/owl#Restriction>
_:N2f4ce7a0ef5044b99005da71804855f6	<http://www.w3.org/2002/07/owl#minQualifiedCardinality>	"0"
_:N2f4ce7a0ef5044b99005da71804855f6	<http://www.w3.org/2002/07/owl#onClass>	<http://www.semanticweb.org/magma-core/ontologies/hqdm#association>
_:N2f4ce7a0ef5044b99005da71804855f6	<http://www.w3.org/2002/07/owl#onProperty>	<http://www.semanticweb.org/magma-core/ontologies/hqdm#temporal_part_of>
_:N3048fb2fe25241e688edc1be020aedea	<http://www.w3.org/1999/02/22-rdf-syntax-ns#type>	<http://www.w3.org/2002/07/owl#Restriction>
_:N3048fb2fe25241e688edc1be020aedea	<http://www.w3.org/2002/07/owl#minQualifiedCardinality>	"0"
_:N3048fb2fe25241e688edc1be020aedea	<http://www.w3.org/2002/07/owl#onClass>	<http://www.semanticweb.org/magma-core/ontologies/hqdm#class_of_representation>
_:N3048fb2fe25241e688edc1be020aedea	<http://www.w3.org/2002/07/owl#onProperty>	<http://www.semanticweb.org/magma-core/ontologies/hqdm#member_of>
_:N30bb0c560829419a936d74d9fd1529e1	<http://www.w3.org/1999/02/22-rdf-syntax-ns#type>	<http://www.w3.org/2002/07/owl#Restriction>
_:N30bb0c560829419a936d74d9fd1529e1	<http://www.w3.org/2002/07/owl#minQualifiedCardinality>	"1"
_:N30bb0c560829419a936d74d9fd1529e1	<http://www.w3.org/2002/07/owl#onClass>	<http://www.semanticweb.org/magma-core/ontologies/hqdm#offer>
_:N30bb0c560829419a936d74d9fd1529e1	<http://www.w3.org/2002/07/owl#onProperty>	<http://www.semanticweb.org/magma-core/ontologies/hqdm#consists_of_>
_:N3224692df3d94dc585b70eac082af022	<http://www.w3.org/1999/02/22-rdf-syntax-ns#type>	<http://www.w3.org/2002/07/owl#Restriction>
_:N3224692df3d94dc585b70eac082af022	<http://www.w3.org/2002/07/owl#maxQualifiedCardinality>	"1"
_:N3224692df3d94dc585b70eac082af022	<http://www.w3.org/2002/07/owl#onClass>	<http://www.semanticweb.org/magma-core/ontologies/hqdm#agreement_process>
_:N3224692df3d94dc585b70eac082af022	<http://www.w3.org/2002/07/owl#onProperty>	<http://www.semanticweb.org/magma-core/ontologies/hqdm#part_of>
_:N33c01cbea7dc4f4db217c10233648897	<http://www.w3.org/1999/02/22-rdf-syntax-ns#type>	<http://www.w3.org/2002/07/owl#Restriction>
_:N33c01cbea7dc4f4db217c10233648897	<http://www.w3.org/2002/07/owl#minQualifiedCardinality>	"1"
_:N33c01cbea7dc4f4db217c10233648897	<http://www.w3.org/2002/07/owl#onClass>	<http://www.semanticweb.org/magma-core/ontologies/hqdm#role>
_:N33c01cbea7dc4f4db217c10233648897	<http://www.w3.org/2002/07/owl#onProperty>	<http://www.semanticweb.org/magma-core/ontologies/hqdm#intended_role_by_class>
_:N33cf974508c646349894ece88a0b00f5	<http://www.w3.org/1999/02/22-rdf-syntax-ns#type>	<http://www.w3.org/2002/07/owl#Restriction>
_:N33cf974508c646349894ece88a0b00f5	<http://www.w3.org/2002/07/owl#minQualifiedCardinality>	"0"
_:N33cf974508c646349894ece88a0b00f5	<http://www.w3.org/2002/07/owl#onClass>	<http://www.semanticweb.org/magma-core/ontologies/hqdm#class_of_participant>
_:N33cf974508c646349894ece88a0b00f5	<http://www.w3.org/2002/07/owl#onProperty>	<http://www.semanticweb.org/magma-core/ontologies/hqdm#member_of>
_:N35352eb544f5423bb8eecc7209b98b03	<http://www.w3.org/1999/02/22-rdf-syntax-ns#type>	<http://www.w3.org/2002/07/owl#Restriction>
_:N35352eb544f5423bb8eecc7209b98b03	<http://www.w3.org/2002/07/owl#maxQualifiedCardinality>	"1"
_:N35352eb544f5423bb8eecc7209b98b03	<http://www.w3.org/2002/07/owl#onClass>	<http://www.semanticweb.org/magma-core/ontologies/hqdm#offer_and_acceptance_for_goods>
_:N35352eb544f5423bb8eecc7209b98b03	<http://www.w3.org/2002/07/owl#onProperty>	<http://www.semanticweb.org/magma-core/ontologies/hqdm#consists_of>
_:N354299e68c73472abdf4d1ef45977993	<http://www.w3.org/1999/02/22-rdf-syntax-ns#type>	<http://www.w3.org/2002/07/owl#Restriction>
_:N354299e68c73472abdf4d1ef45977993	<http://www.w3.org/2002/07/owl#maxQualifiedCardinality>	"1"
_:N354299e68c73472abdf4d1ef45977993	<http://www.w3.org/2002/07/owl#onClass>	<http://www.semanticweb.org/magma-core/ontologies/hqdm#spatio_temporal_extent>
_:N354299e68c73472abdf4d1ef45977993	<http://www.w3.org/2002/07/owl#onProperty>	<http://www.semanticweb.org/magma-core/ontologies/hqdm#hasWhole>
_:N35c067c544624687b85912191241c4f8	<http://www.w3.org/2002/07/owl#inverseOf>	<http://www.semanticweb.org/magma-core/ontologies/hqdm#part_of_by_class_>
_:N390e00107ba14bc8b388e843f783380b	<http://www.w3.org/1999/02/22-rdf-syntax-ns#type>	<http://www.w3.org/2002/07/owl#Restriction>
_:N390e00107ba14bc8b388e843f783380b	<http://www.w3.org/2002/07/owl#minQualifiedCardinality>	"1"
_:N390e00107ba14bc8b388e843f783380b	<http://www.w3.org/2002/07/owl#onClass>	<http://www.semanticweb.org/magma-core/ontologies/hqdm#ownership>
_:N390e00107ba14bc8b388e843f783380b	<http://www.w3.org/2002/07/owl#onProperty>	<http://www.semanticweb.org/magma-core/ontologies/hqdm#participant_in>
_:N392f57b39df54ff6b9ef123354cfd3a4	<http://www.w3.org/1999/02/22-rdf-syntax-ns#type>	<http://www.w3.org/2002/07/owl#Restriction>
_:N392f57b39df54ff6b9ef123354cfd3a4	<http://www.w3.org/2002/07/owl#minQualifiedCardinality>	"1"
_:N392f57b39df54ff6b9ef123354cfd3a4	<http://www.w3.org/2002/07/owl#onClass>	<http://www.semanticweb.org/magma-core/ontologies/hqdm#beginning_of_ownership>
_:N392f57b39df54ff6b9ef123354cfd3a4	<http://www.w3.org/2002/07/owl#onProperty>	<http://www.semanticweb.org/magma-core/ontologies/hqdm#causes_beginning>
_:N396df5d384e24ced8d797629844f688e	<http://www.w3.org/1999/02/22-rdf-syntax-ns#type>	<http://www.w3.org/2002/07/owl#Restriction>
_:N396df5d384e24ced8d797629844f688e	<http://www.w3.org/2002/07/owl#minQualifiedCardinality>	"1"
_:N396df5d384e24ced8d797629844f688e	<http://www.w3.org/2002/07/owl#onClass>	<http://www.semanticweb.org/magma-core/ontologies/hqdm#event>
_:N396df5d384e24ced8d797629844f688e	<http://www.w3.org/2002/07/owl#onProperty>	<http://www.semanticweb.org/magma-core/ontologies/hqdm#causes>
_:N39aee1c2ad75406987c124370f87997e	<http://www.w3.org/1999/02/22-rdf-syntax-ns#type>	<http://www.w3.org/2002/07/owl#Restriction>
_:N39aee1c2ad75406987c124370f87997e	<http://www.w3.org/2002/07/owl#minQualifiedCardinality>	"1"
_:N39aee1c2ad75406987c124370f87997e	<http://www.w3.org/2002/07/owl#onClass>	<http://www.semanticweb.org/magma-core/ontologies/hqdm#agreement_execution>
_:N39aee1c2ad75406987c124370f87997e	<http://www.w3.org/2002/07/owl#onProperty>	<http://www.semanticweb.org/magma-core/ontologies/hqdm#consists_of_>
_:N39d54661cf894dcebd4ca7ced4bfe201	<http://www.w3.org/1999/02/22-rdf-syntax-ns#type>	<http://www.w3.org/2002/07/owl#Restriction>
_:N39d54661cf894dcebd4ca7ced4bfe201	<http://www.w3.org/2002/07/owl#minQualifiedCardinality>	"0"
_:N39d54661cf894dcebd4ca7ced4bfe201	<http://www.w3.org/2002/07/owl#onClass>	<http://www.semanticweb.org/magma-core/ontologies/hqdm#class_of_intentionally_constructed_object>
_:N39d54661cf894dcebd4ca7ced4bfe201	<http://www.w3.org/2002/07/owl#onProperty>	<http://www.semanticweb.org/magma-core/ontologies/hqdm#member_of>
_:N3a40d37c78b943368d4744803c57af11	<http://www.w3.org/1999/02/22-rdf-syntax-ns#type>	<http://www.w3.org/2002/07/owl#Restriction>
_:N3a40d37c78b943368d4744803c57af11	<http://www.w3.org/2002/07/owl#minQualifiedCardinality>	"0"
_:N3a40d37c78b943368d4744803c57af11	<http://www.w3.org/2002/07/owl#onClass>	<http://www.semanticweb.org/magma-core/ontologies/hqdm#class_of_in_place_biological_component>
_:N3a40d37c78b943368d4744803c57af11	<http://www.w3.org/2002/07/owl#onProperty>	<http://www.semanticweb.org/magma-core/ontologies/hqdm#member_of>
_:N3c1c9d8542cb40ff950fe6302077c463	<http://www.w3.org/1999/02/22-rdf-syntax-ns#type>	<http://www.w3.org/2002/07/owl#Restriction>
_:N3c1c9d8542cb40ff950fe6302077c463	<http://www.w3.org/2002/07/owl#minCardinality>	"0"
_:N3c1c9d8542cb40ff950fe6302077c463	<http://www.w3.org/2002/07/owl#onProperty>	<http://www.semanticweb.org/magma-core/ontologies/hqdm#data_why_deleted>
_:N3d0c509c55704b5b981e383560f30a5d	<http://www.w3.org/1999/02/22-rdf-syntax-ns#type>	<http://www.w3.org/2002/07/owl#Restriction>
_:N3d0c509c55704b5b981e383560f30a5d	<http://www.w3.org/2002/07/owl#minQualifiedCardinality>	"1"
_:N3d0c509c55704b5b981e383560f30a5d	<http://www.w3.org/2002/07/owl#onClass>	<http://www.semanticweb.org/magma-core/ontologies/hqdm#employment>
_:N3d0c509c55704b5b981e383560f30a5d	<http://www.w3.org/2002/07/owl#onProperty>	<http://www.semanticweb.org/magma-core/ontologies/hqdm#participant_in>
_:N3db629832a884589a9ed1a0ce615d5a1	<http://www.w3.org/1999/02/22-rdf-syntax-ns#first>	<http://www.semanticweb.org/magma-core/ontologies/hqdm#class_of_abstract_object>
_:N3db629832a884589a9ed1a0ce615d5a1	<http://www.w3.org/1999/02/22-rdf-syntax-ns#rest>	_:N1dbff48c740548c08b3cd4e09f647bb5
_:N3de5983fd5c04c4787b64abeeaf2ea94	<http://www.w3.org/1999/02/22-rdf-syntax-ns#type>	<http://www.w3.org/2002/07/owl#Restriction>
_:N3de5983fd5c04c4787b64abeeaf2ea94	<http://www.w3.org/2002/07/owl#minQualifiedCardinality>	"1"
_:N3de5983fd5c04c4787b64abeeaf2ea94	<http://www.w3.org/2002/07/owl#onClass>	<http://www.semanticweb.org/magma-core/ontologies/hqdm#ending_of_ownership>
_:N3de5983fd5c04c4787b64abeeaf2ea94	<http://www.w3.org/2002/07/owl#onProperty>	<http://www.semanticweb.org/magma-core/ontologies/hqdm#causes_ending>
_:N3ec107b9b0e84db784b3be2ebe5b83c0	<http://www.w3.org/1999/02/22-rdf-syntax-ns#type>	<http://www.w3.org/2002/07/owl#Restriction>
_:N3ec107b9b0e84db784b3be2ebe5b83c0	<http://www.w3.org/2002/07/owl#maxCardinality>	"1"
_:N3ec107b9b0e84db784b3be2ebe5b83c0	<http://www.w3.org/2002/07/owl#onProperty>	<http://www.semanticweb.org/magma-core/ontologies/hqdm#data_Comment>
_:N3fa27cd58a774ed7ac4975d34f8b3a16	<http://www.w3.org/1999/02/22-rdf-syntax-ns#first>	<http://www.semanticweb.org/magma-core/ontologies/hqdm#class>
_:N3fa27cd58a774ed7ac4975d34f8b3a16	<http://www.w3.org/1999/02/22-rdf-syntax-ns#rest>	_:N9ebc52be879441ff8ceeb41fc951e50a
_:N3fa61d7d87dc4ee1a15832577241cd87	<http://www.w3.org/2002/07/owl#inverseOf>	<http://www.semanticweb.org/magma-core/ontologies/hqdm#part_of>
_:N3faccb4533844ed8b79c883096da7d18	<http://www.w3.org/1999/02/22-rdf-syntax-ns#type>	<http://www.w3.org/2002/07/owl#Restriction>
_:N3faccb4533844ed8b79c883096da7d18	<http://www.w3.org/2002/07/owl#minQualifiedCardinality>	"0"
_:N3faccb4533844ed8b79c883096da7d18	<http://www.w3.org/2002/07/owl#onClass>	<http://www.semanticweb.org/magma-core/ontologies/hqdm#class_of_party>
_:N3faccb4533844ed8b79c883096da7d18	<http://www.w3.org/2002/07/owl#onProperty>	<http://www.semanticweb.org/magma-core/ontologies/hqdm#member_of>
_:N3fd46980c2ee4d9590e0b5d36e8bb3c9	<http://www.w3.org/1999/02/22-rdf-syntax-ns#type>	<http://www.w3.org/2002/07/owl#Restriction>
_:N3fd46980c2ee4d9590e0b5d36e8bb3c9	<http://www.w3.org/2002/07/owl#minQualifiedCardinality>	"0"
_:N3fd46980c2ee4d9590e0b5d36e8bb3c9	<http://www.w3.org/2002/07/owl#onClass>	<http://www.semanticweb.org/magma-core/ontologies/hqdm#class_of_state_of_biological_system_component>
_:N3fd46980c2ee4d9590e0b5d36e8bb3c9	<http://www.w3.org/2002/07/owl#onProperty>	<http://www.semanticweb.org/magma-core/ontologies/hqdm#member_of>
_:N40d98f5c469a406c98e1ecc6eec53bc8	<http://www.w3.org/1999/02/22-rdf-syntax-ns#type>	<http://www.w3.org/2002/07/owl#Restriction>
_:N40d98f5c469a406c98e1ecc6eec53bc8	<http://www.w3.org/2002/07/owl#minQualifiedCardinality>	"0"
_:N40d98f5c469a406c98e1ecc6eec53bc8	<http://www.w3.org/2002/07/owl#onClass>	<http://www.semanticweb.org/magma-core/ontologies/hqdm#class_of_ordinary_functional_object>
_:N40d98f5c469a406c98e1ecc6eec53bc8	<http://www.w3.org/2002/07/owl#onProperty>	<http://www.semanticweb.org/magma-core/ontologies/hqdm#member_of>
_:N4133e1361ca94dc5aab2b46e0ab67205	<http://www.w3.org/1999/02/22-rdf-syntax-ns#type>	<http://www.w3.org/2002/07/owl#Restriction>
_:N4133e1361ca94dc5aab2b46e0ab67205	<http://www.w3.org/2002/07/owl#minQualifiedCardinality>	"0"
_:N4133e1361ca94dc5aab2b46e0ab67205	<http://www.w3.org/2002/07/owl#onClass>	<http://www.semanticweb.org/magma-core/ontologies/hqdm#kind_of_ordinary_biological_object>
_:N4133e1361ca94dc5aab2b46e0ab67205	<http://www.w3.org/2002/07/owl#onProperty>	<http://www.semanticweb.org/magma-core/ontologies/hqdm#member_of_kind>
_:N4171a91230a64af490a1dff0676591f7	<http://www.w3.org/1999/02/22-rdf-syntax-ns#type>	<http://www.w3.org/2002/07/owl#Restriction>
_:N4171a91230a64af490a1dff0676591f7	<http://www.w3.org/2002/07/owl#minQualifiedCardinality>	"1"
_:N4171a91230a64af490a1dff0676591f7	<http://www.w3.org/2002/07/owl#onClass>	<http://www.semanticweb.org/magma-core/ontologies/hqdm#offer_for_goods>
_:N4171a91230a64af490a1dff0676591f7	<http://www.w3.org/2002/07/owl#onProperty>	<http://www.semanticweb.org/magma-core/ontologies/hqdm#references>
_:N4235f373c6b74c079d82c8cf28ecb869	<http://www.w3.org/1999/02/22-rdf-syntax-ns#type>	<http://www.w3.org/2002/07/owl#Restriction>
_:N4235f373c6b74c079d82c8cf28ecb869	<http://www.w3.org/2002/07/owl#minQualifiedCardinality>	"1"
_:N4235f373c6b74c079d82c8cf28ecb869	<http://www.w3.org/2002/07/owl#onClass>	<http://www.semanticweb.org/magma-core/ontologies/hqdm#class>
_:N4235f373c6b74c079d82c8cf28ecb869	<http://www.w3.org/2002/07/owl#onProperty>	<http://www.semanticweb.org/magma-core/ontologies/hqdm#superclass>
_:N427889d87e9440d19872db98df026f86	<http://www.w3.org/1999/02/22-rdf-syntax-ns#type>	<http://www.w3.org/2002/07/owl#Restriction>
_:N427889d87e9440d19872db98df026f86	<http://www.w3.org/2002/07/owl#minQualifiedCardinality>	"0"
_:N427889d87e9440d19872db98df026f86	<http://www.w3.org/2002/07/owl#onClass>	<http://www.semanticweb.org/magma-core/ontologies/hqdm#class_of_biological_object>
_:N427889d87e9440d19872db98df026f86	<http://www.w3.org/2002/07/owl#onProperty>	<http://www.semanticweb.org/magma-core/ontologies/hqdm#member_of>
_:N42e305c4b13a43c293ea4cd852aa88f0	<http://www.w3.org/1999/02/22-rdf-syntax-ns#type>	<http://www.w3.org/2002/07/owl#Restriction>
_:N42e305c4b13a43c293ea4cd852aa88f0	<http://www.w3.org/2002/07/owl#minQualifiedCardinality>	"0"
_:N42e305c4b13a43c293ea4cd852aa88f0	<http://www.w3.org/2002/07/owl#onClass>	<http://www.semanticweb.org/magma-core/ontologies/hqdm#class_of_spatio_temporal_extent>
_:N42e305c4b13a43c293ea4cd852aa88f0	<http://www.w3.org/2002/07/owl#onProperty>	<http://www.semanticweb.org/magma-core/ontologies/hqdm#part__of_by_class>
_:N433bb03d2aac4643b348252d58905295	<http://www.w3.org/1999/02/22-rdf-syntax-ns#type>	<http://www.w3.org/2002/07/owl#Restriction>
_:N433bb03d2aac4643b348252d58905295	<http://www.w3.org/2002/07/owl#minQualifiedCardinality>	"1"
_:N433bb03d2aac4643b348252d58905295	<http://www.w3.org/2002/07/owl#onClass>	<http://www.semanticweb.org/magma-core/ontologies/hqdm#kind_of_organization_component>
_:N433bb03d2aac4643b348252d58905295	<http://www.w3.org/2002/07/owl#onProperty>	<http://www.semanticweb.org/magma-core/ontologies/hqdm#component_by_class>
_:N4424b12449ec4688808f36f82ffa0b2c	<http://www.w3.org/1999/02/22-rdf-syntax-ns#type>	<http://www.w3.org/2002/07/owl#Restriction>
_:N4424b12449ec4688808f36f82ffa0b2c	<http://www.w3.org/2002/07/owl#minQualifiedCardinality>	"0"
_:N4424b12449ec4688808f36f82ffa0b2c	<http://www.w3.org/2002/07/owl#onClass>	<http://www.semanticweb.org/magma-core/ontologies/hqdm#class_of_spatio_temporal_extent>
_:N4424b12449ec4688808f36f82ffa0b2c	<http://www.w3.org/2002/07/owl#onProperty>	<http://www.semanticweb.org/magma-core/ontologies/hqdm#member_of>
_:N44b0c7eddde74752b0aaa439fb72fd43	<http://www.w3.org/1999/02/22-rdf-syntax-ns#type>	<http://www.w3.org/2002/07/owl#Restriction>
_:N44b0c7eddde74752b0aaa439fb72fd43	<http://www.w3.org/2002/07/owl#minQualifiedCardinality>	"0"
_:N44b0c7eddde74752b0aaa439fb72fd43	<http://www.w3.org/2002/07/owl#onClass>	<http://www.semanticweb.org/magma-core/ontologies/hqdm#class_of_agreement_execution>
_:N44b0c7eddde74752b0aaa439fb72fd43	<http://www.w3.org/2002/07/owl#onProperty>	<http://www.semanticweb.org/magma-core/ontologies/hqdm#member_of>
_:N453d40b789ff4ea0a017a979d6d0fd21	<http://www.w3.org/1999/02/22-rdf-syntax-ns#type>	<http://www.w3.org/2002/07/owl#Restriction>
_:N453d40b789ff4ea0a017a979d6d0fd21	<http://www.w3.org/2002/07/owl#minQualifiedCardinality>	"0"
_:N453d40b789ff4ea0a017a979d6d0fd21	<http://www.w3.org/2002/07/owl#onClass>	<http://www.semanticweb.org/magma-core/ontologies/hqdm#class_of_installed_functional_system_component>
_:N453d40b789ff4ea0a017a979d6d0fd21	<http://www.w3.org/2002/07/owl#onProperty>	<http://www.semanticweb.org/magma-core/ontologies/hqdm#member_of>
_:N456a256ae83c4b2482a2f1d6e8163a17	<http://www.w3.org/1999/02/22-rdf-syntax-ns#type>	<http://www.w3.org/2002/07/owl#Restriction>
_:N456a256ae83c4b2482a2f1d6e8163a17	<http://www.w3.org/2002/07/owl#maxQualifiedCardinality>	"1"
_:N456a256ae83c4b2482a2f1d6e8163a17	<http://www.w3.org/2002/07/owl#onClass>	<http://www.semanticweb.org/magma-core/ontologies/hqdm#offer>
_:N456a256ae83c4b2482a2f1d6e8163a17	<http://www.w3.org/2002/07/owl#onProperty>	<http://www.semanticweb.org/magma-core/ontologies/hqdm#references>
_:N468a1e9e95e24e1ebd4dd2ab8d85c4f9	<http://www.w3.org/1999/02/22-rdf-syntax-ns#type>	<http://www.w3.org/2002/07/owl#Restriction>
_:N468a1e9e95e24e1ebd4dd2ab8d85c4f9	<http://www.w3.org/2002/07/owl#maxQualifiedCardinality>	"1"
_:N468a1e9e95e24e1ebd4dd2ab8d85c4f9	<http://www.w3.org/2002/07/owl#onClass>	<http://www.semanticweb.org/magma-core/ontologies/hqdm#pattern>
_:N468a1e9e95e24e1ebd4dd2ab8d85c4f9	<http://www.w3.org/2002/07/owl#onProperty>	<http://www.semanticweb.org/magma-core/ontologies/hqdm#consists_of_by_class>
_:N46d7f064b5b04a0093ca4c9a7d4e2fc3	<http://www.w3.org/1999/02/22-rdf-syntax-ns#type>	<http://www.w3.org/2002/07/owl#Restriction>
_:N46d7f064b5b04a0093ca4c9a7d4e2fc3	<http://www.w3.org/2002/07/owl#minQualifiedCardinality>	"0"
_:N46d7f064b5b04a0093ca4c9a7d4e2fc3	<http://www.w3.org/2002/07/owl#onClass>	<http://www.semanticweb.org/magma-core/ontologies/hqdm#class_of_state_of_sales_product_instance>
_:N46d7f064b5b04a0093ca4c9a7d4e2fc3	<http://www.w3.org/2002/07/owl#onProperty>	<http://www.semanticweb.org/magma-core/ontologies/hqdm#member_of>
_:N4701960494a34c57bac74dda3f251242	<http://www.w3.org/1999/02/22-rdf-syntax-ns#type>	<http://www.w3.org/2002/07/owl#Restriction>
_:N4701960494a34c57bac74dda3f251242	<http://www.w3.org/2002/07/owl#maxQualifiedCardinality>	"1"
_:N4701960494a34c57bac74dda3f251242	<http://www.w3.org/2002/07/owl#onClass>	<http://www.semanticweb.org/magma-core/ontologies/hqdm#kind_of_organization_component>
_:N4701960494a34c57bac74dda3f251242	<http://www.w3.org/2002/07/owl#onProperty>	<http://www.semanticweb.org/magma-core/ontologies/hqdm#component_by_class>
_:N471d620c99cc4682b5a9a587fc77696c	<http://www.w3.org/1999/02/22-rdf-syntax-ns#type>	<http://www.w3.org/2002/07/owl#Restriction>
_:N471d620c99cc4682b5a9a587fc77696c	<http://www.w3.org/2002/07/owl#minQualifiedCardinality>	"0"
_:N471d620c99cc4682b5a9a587fc77696c	<http://www.w3.org/2002/07/owl#onClass>	<http://www.semanticweb.org/magma-core/ontologies/hqdm#class>
_:N471d620c99cc4682b5a9a587fc77696c	<http://www.w3.org/2002/07/owl#onProperty>	<http://www.semanticweb.org/magma-core/ontologies/hqdm#has_superclass>
_:N472db6d48cd849d19cee7ad660f02f4f	<http://www.w3.org/1999/02/22-rdf-syntax-ns#type>	<http://www.w3.org/2002/07/owl#Restriction>
_:N472db6d48cd849d19cee7ad660f02f4f	<http://www.w3.org/2002/07/owl#minQualifiedCardinality>	"0"
_:N472db6d48cd849d19cee7ad660f02f4f	<http://www.w3.org/2002/07/owl#onClass>	<http://www.semanticweb.org/magma-core/ontologies/hqdm#currency>
_:N472db6d48cd849d19cee7ad660f02f4f	<http://www.w3.org/2002/07/owl#onProperty>	<http://www.semanticweb.org/magma-core/ontologies/hqdm#member_of_currency>
_:N49028850b06240c781bbb6213a716012	<http://www.w3.org/1999/02/22-rdf-syntax-ns#type>	<http://www.w3.org/2002/07/owl#Restriction>
_:N49028850b06240c781bbb6213a716012	<http://www.w3.org/2002/07/owl#minQualifiedCardinality>	"0"
_:N49028850b06240c781bbb6213a716012	<http://www.w3.org/2002/07/owl#onClass>	<http://www.semanticweb.org/magma-core/ontologies/hqdm#amount_of_money>
_:N49028850b06240c781bbb6213a716012	<http://www.w3.org/2002/07/owl#onProperty>	<http://www.semanticweb.org/magma-core/ontologies/hqdm#temporal_part_of>
_:N4a3ffe0f78e742b2b063a3edc4abdd86	<http://www.w3.org/1999/02/22-rdf-syntax-ns#type>	<http://www.w3.org/2002/07/owl#Restriction>
_:N4a3ffe0f78e742b2b063a3edc4abdd86	<http://www.w3.org/2002/07/owl#minQualifiedCardinality>	"1"
_:N4a3ffe0f78e742b2b063a3edc4abdd86	<http://www.w3.org/2002/07/owl#onDataRange>	<http://www.w3.org/2001/XMLSchema#dateTime>
_:N4a3ffe0f78e742b2b063a3edc4abdd86	<http://www.w3.org/2002/07/owl#onProperty>	<http://www.semanticweb.org/magma-core/ontologies/hqdm#data_date_record_created>
_:N4a57dead8b414e6cb4027d6a74a33b16	<http://www.w3.org/1999/02/22-rdf-syntax-ns#type>	<http://www.w3.org/2002/07/owl#Restriction>
_:N4a57dead8b414e6cb4027d6a74a33b16	<http://www.w3.org/2002/07/owl#minQualifiedCardinality>	"1"
_:N4a57dead8b414e6cb4027d6a74a33b16	<http://www.w3.org/2002/07/owl#onClass>	<http://www.semanticweb.org/magma-core/ontologies/hqdm#classification>
_:N4a57dead8b414e6cb4027d6a74a33b16	<http://www.w3.org/2002/07/owl#onProperty>	<http://www.semanticweb.org/magma-core/ontologies/hqdm#required_role_player>
_:N4a91258cb5f347609bed6c0bd7cd3314	<http://www.w3.org/1999/02/22-rdf-syntax-ns#type>	<http://www.w3.org/2002/07/owl#Restriction>
_:N4a91258cb5f347609bed6c0bd7cd3314	<http://www.w3.org/2002/07/owl#minQualifiedCardinality>	"0"
_:N4a91258cb5f347609bed6c0bd7cd3314	<http://www.w3.org/2002/07/owl#onClass>	<http://www.semanticweb.org/magma-core/ontologies/hqdm#kind_of_biological_system>
_:N4a91258cb5f347609bed6c0bd7cd3314	<http://www.w3.org/2002/07/owl#onProperty>	<http://www.semanticweb.org/magma-core/ontologies/hqdm#member_of_kind>
_:N4afbf2ab4d52483090c2f6dde00f6f70	<http://www.w3.org/1999/02/22-rdf-syntax-ns#type>	<http://www.w3.org/2002/07/owl#Restriction>
_:N4afbf2ab4d52483090c2f6dde00f6f70	<http://www.w3.org/2002/07/owl#minQualifiedCardinality>	"0"
_:N4afbf2ab4d52483090c2f6dde00f6f70	<http://www.w3.org/2002/07/owl#onClass>	<http://www.semanticweb.org/magma-core/ontologies/hqdm#class_of_contract_process>
_:N4afbf2ab4d52483090c2f6dde00f6f70	<http://www.w3.org/2002/07/owl#onProperty>	<http://www.semanticweb.org/magma-core/ontologies/hqdm#part_of_by_class>
_:N4b50e4ff148a4be1800dd09f8f652b07	<http://www.w3.org/1999/02/22-rdf-syntax-ns#type>	<http://www.w3.org/2002/07/owl#Restriction>
_:N4b50e4ff148a4be1800dd09f8f652b07	<http://www.w3.org/2002/07/owl#minQualifiedCardinality>	"1"
_:N4b50e4ff148a4be1800dd09f8f652b07	<http://www.w3.org/2002/07/owl#onClass>	<http://www.semanticweb.org/magma-core/ontologies/hqdm#scale>
_:N4b50e4ff148a4be1800dd09f8f652b07	<http://www.w3.org/2002/07/owl#onProperty>	<http://www.semanticweb.org/magma-core/ontologies/hqdm#uses>
_:N4bf9eb8612a54635a4a35a17dd06ec55	<http://www.w3.org/1999/02/22-rdf-syntax-ns#type>	<http://www.w3.org/2002/07/owl#Restriction>
_:N4bf9eb8612a54635a4a35a17dd06ec55	<http://www.w3.org/2002/07/owl#minQualifiedCardinality>	"0"
_:N4bf9eb8612a54635a4a35a17dd06ec55	<http://www.w3.org/2002/07/owl#onClass>	<http://www.semanticweb.org/magma-core/ontologies/hqdm#position>
_:N4bf9eb8612a54635a4a35a17dd06ec55	<http://www.w3.org/2002/07/owl#onProperty>	<http://www.semanticweb.org/magma-core/ontologies/hqdm#temporal_part_of>
_:N4ce27b5544a54626aaf12d2123adb4d4	<http://www.w3.org/1999/02/22-rdf-syntax-ns#type>	<http://www.w3.org/2002/07/owl#Restriction>
_:N4ce27b5544a54626aaf12d2123adb4d4	<http://www.w3.org/2002/07/owl#maxQualifiedCardinality>	"1"
_:N4ce27b5544a54626aaf12d2123adb4d4	<http://www.w3.org/2002/07/owl#onClass>	<http://www.semanticweb.org/magma-core/ontologies/hqdm#exchange_of_goods_and_money>
_:N4ce27b5544a54626aaf12d2123adb4d4	<http://www.w3.org/2002/07/owl#onProperty>	<http://www.semanticweb.org/magma-core/ontologies/hqdm#part_of>
_:N4d3706ab79784d70b8876ba4ab1c33bb	<http://www.w3.org/1999/02/22-rdf-syntax-ns#type>	<http://www.w3.org/2002/07/owl#Restriction>
_:N4d3706ab79784d70b8876ba4ab1c33bb	<http://www.w3.org/2002/07/owl#maxQualifiedCardinality>	"1"
_:N4d3706ab79784d70b8876ba4ab1c33bb	<http://www.w3.org/2002/07/owl#onClass>	<http://www.semanticweb.org/magma-core/ontologies/hqdm#contract_process>
_:N4d3706ab79784d70b8876ba4ab1c33bb	<http://www.w3.org/2002/07/owl#onProperty>	<http://www.semanticweb.org/magma-core/ontologies/hqdm#part_of>
_:N4d68c6f1cfc7447d9686ce9707d890e6	<http://www.w3.org/1999/02/22-rdf-syntax-ns#type>	<http://www.w3.org/2002/07/owl#Restriction>
_:N4d68c6f1cfc7447d9686ce9707d890e6	<http://www.w3.org/2002/07/owl#minQualifiedCardinality>	"0"
_:N4d68c6f1cfc7447d9686ce9707d890e6	<http://www.w3.org/2002/07/owl#onClass>	<http://www.semanticweb.org/magma-core/ontologies/hqdm#class_of_ordinary_physical_object>
_:N4d68c6f1cfc7447d9686ce9707d890e6	<http://www.w3.org/2002/07/owl#onProperty>	<http://www.semanticweb.org/magma-core/ontologies/hqdm#member_of>
_:N4da784ef941846e8b1daa3826ed1b4c8	<http://www.w3.org/1999/02/22-rdf-syntax-ns#type>	<http://www.w3.org/2002/07/owl#Restriction>
_:N4da784ef941846e8b1daa3826ed1b4c8	<http://www.w3.org/2002/07/owl#maxQualifiedCardinality>	"1"
_:N4da784ef941846e8b1daa3826ed1b4c8	<http://www.w3.org/2002/07/owl#onClass>	<http://www.semanticweb.org/magma-core/ontologies/hqdm#role>
_:N4da784ef941846e8b1daa3826ed1b4c8	<http://www.w3.org/2002/07/owl#onProperty>	<http://www.semanticweb.org/magma-core/ontologies/hqdm#natural_role_by_class>
_:N4ea97e2de1fe48109d34684467c93a80	<http://www.w3.org/1999/02/22-rdf-syntax-ns#type>	<http://www.w3.org/2002/07/owl#Restriction>
_:N4ea97e2de1fe48109d34684467c93a80	<http://www.w3.org/2002/07/owl#minQualifiedCardinality>	"0"
_:N4ea97e2de1fe48109d34684467c93a80	<http://www.w3.org/2002/07/owl#onClass>	<http://www.semanticweb.org/magma-core/ontologies/hqdm#class_of_activity>
_:N4ea97e2de1fe48109d34684467c93a80	<http://www.w3.org/2002/07/owl#onProperty>	<http://www.semanticweb.org/magma-core/ontologies/hqdm#member_of>
_:N4eae547ba28c4793b87bb94a31ab7f29	<http://www.w3.org/1999/02/22-rdf-syntax-ns#type>	<http://www.w3.org/2002/07/owl#Restriction>
_:N4eae547ba28c4793b87bb94a31ab7f29	<http://www.w3.org/2002/07/owl#minQualifiedCardinality>	"0"
_:N4eae547ba28c4793b87bb94a31ab7f29	<http://www.w3.org/2002/07/owl#onClass>	<http://www.semanticweb.org/magma-core/ontologies/hqdm#class_of_contract_process>
_:N4eae547ba28c4793b87bb94a31ab7f29	<http://www.w3.org/2002/07/owl#onProperty>	<http://www.semanticweb.org/magma-core/ontologies/hqdm#member_of>
_:N507d7f9fdfe2465abc0b731310e3b811	<http://www.w3.org/1999/02/22-rdf-syntax-ns#type>	<http://www.w3.org/2002/07/owl#Restriction>
_:N507d7f9fdfe2465abc0b731310e3b811	<http://www.w3.org/2002/07/owl#maxQualifiedCardinality>	"1"
_:N507d7f9fdfe2465abc0b731310e3b811	<http://www.w3.org/2002/07/owl#onClass>	<http://www.semanticweb.org/magma-core/ontologies/hqdm#requirement_specification>
_:N507d7f9fdfe2465abc0b731310e3b811	<http://www.w3.org/2002/07/owl#onProperty>	<http://www.semanticweb.org/magma-core/ontologies/hqdm#defined_by>
_:N513c53a3d6e24b4583f770bf846f3328	<http://www.w3.org/1999/02/22-rdf-syntax-ns#type>	<http://www.w3.org/2002/07/owl#Restriction>
_:N513c53a3d6e24b4583f770bf846f3328	<http://www.w3.org/2002/07/owl#maxQualifiedCardinality>	"1"
_:N513c53a3d6e24b4583f770bf846f3328	<http://www.w3.org/2002/07/owl#onClass>	<http://www.semanticweb.org/magma-core/ontologies/hqdm#kind_of_physical_property>
_:N513c53a3d6e24b4583f770bf846f3328	<http://www.w3.org/2002/07/owl#onProperty>	<http://www.semanticweb.org/magma-core/ontologies/hqdm#member_of_kind>
_:N514172c09d264aad9701f36b442defb3	<http://www.w3.org/1999/02/22-rdf-syntax-ns#type>	<http://www.w3.org/2002/07/owl#Restriction>
_:N514172c09d264aad9701f36b442defb3	<http://www.w3.org/2002/07/owl#minQualifiedCardinality>	"1"
_:N514172c09d264aad9701f36b442defb3	<http://www.w3.org/2002/07/owl#onClass>	<http://www.semanticweb.org/magma-core/ontologies/hqdm#employer>
_:N514172c09d264aad9701f36b442defb3	<http://www.w3.org/2002/07/owl#onProperty>	<http://www.semanticweb.org/magma-core/ontologies/hqdm#consists_of_participant>
_:N51e44663a8504de29b85b51d6fc706a6	<http://www.w3.org/1999/02/22-rdf-syntax-ns#type>	<http://www.w3.org/2002/07/owl#Restriction>
_:N51e44663a8504de29b85b51d6fc706a6	<http://www.w3.org/2002/07/owl#minQualifiedCardinality>	"1"
_:N51e44663a8504de29b85b51d6fc706a6	<http://www.w3.org/2002/07/owl#onClass>	<http://www.semanticweb.org/magma-core/ontologies/hqdm#employment>
_:N51e44663a8504de29b85b51d6fc706a6	<http://www.w3.org/2002/07/owl#onProperty>	<http://www.semanticweb.org/magma-core/ontologies/hqdm#participant_in>
_:N530b4be1f89d432db243f0ef4601faab	<http://www.w3.org/1999/02/22-rdf-syntax-ns#type>	<http://www.w3.org/2002/07/owl#Restriction>
_:N530b4be1f89d432db243f0ef4601faab	<http://www.w3.org/2002/07/owl#minQualifiedCardinality>	"1"
_:N530b4be1f89d432db243f0ef4601faab	<http://www.w3.org/2002/07/owl#onClass>	<http://www.semanticweb.org/magma-core/ontologies/hqdm#class>
_:N530b4be1f89d432db243f0ef4601faab	<http://www.w3.org/2002/07/owl#onProperty>	<http://www.semanticweb.org/magma-core/ontologies/hqdm#classifier>
_:N533d82a880254cb9b1ca63f892a06e4a	<http://www.w3.org/1999/02/22-rdf-syntax-ns#type>	<http://www.w3.org/2002/07/owl#Restriction>
_:N533d82a880254cb9b1ca63f892a06e4a	<http://www.w3.org/2002/07/owl#maxQualifiedCardinality>	"1"
_:N533d82a880254cb9b1ca63f892a06e4a	<http://www.w3.org/2002/07/owl#onClass>	<http://www.semanticweb.org/magma-core/ontologies/hqdm#offer_and_acceptance_for_goods>
_:N533d82a880254cb9b1ca63f892a06e4a	<http://www.w3.org/2002/07/owl#onProperty>	<http://www.semanticweb.org/magma-core/ontologies/hqdm#part_of>
_:N53de7fa58aa3474fbea9354fb9edbb93	<http://www.w3.org/1999/02/22-rdf-syntax-ns#type>	<http://www.w3.org/2002/07/owl#Restriction>
_:N53de7fa58aa3474fbea9354fb9edbb93	<http://www.w3.org/2002/07/owl#minQualifiedCardinality>	"0"
_:N53de7fa58aa3474fbea9354fb9edbb93	<http://www.w3.org/2002/07/owl#onClass>	<http://www.semanticweb.org/magma-core/ontologies/hqdm#class_of_system_component>
_:N53de7fa58aa3474fbea9354fb9edbb93	<http://www.w3.org/2002/07/owl#onProperty>	<http://www.semanticweb.org/magma-core/ontologies/hqdm#member_of>
_:N543ddc2cc3644a84944b1c0b15f5d9c9	<http://www.w3.org/1999/02/22-rdf-syntax-ns#type>	<http://www.w3.org/2002/07/owl#Restriction>
_:N543ddc2cc3644a84944b1c0b15f5d9c9	<http://www.w3.org/2002/07/owl#maxQualifiedCardinality>	"1"
_:N543ddc2cc3644a84944b1c0b15f5d9c9	<http://www.w3.org/2002/07/owl#onClass>	<http://www.semanticweb.org/magma-core/ontologies/hqdm#organization>
_:N543ddc2cc3644a84944b1c0b15f5d9c9	<http://www.w3.org/2002/07/owl#onProperty>	<http://www.semanticweb.org/magma-core/ontologies/hqdm#component_of>
_:N54cc20d0162c46d6b41777a80c244ee6	<http://www.w3.org/1999/02/22-rdf-syntax-ns#type>	<http://www.w3.org/2002/07/owl#Restriction>
_:N54cc20d0162c46d6b41777a80c244ee6	<http://www.w3.org/2002/07/owl#minQualifiedCardinality>	"0"
_:N54cc20d0162c46d6b41777a80c244ee6	<http://www.w3.org/2002/07/owl#onClass>	<http://www.semanticweb.org/magma-core/ontologies/hqdm#kind_of_organization>
_:N54cc20d0162c46d6b41777a80c244ee6	<http://www.w3.org/2002/07/owl#onProperty>	<http://www.semanticweb.org/magma-core/ontologies/hqdm#member_of_kind>
_:N55539ae25d1f4b0c992fcb5adefaffc2	<http://www.w3.org/1999/02/22-rdf-syntax-ns#type>	<http://www.w3.org/2002/07/owl#Restriction>
_:N55539ae25d1f4b0c992fcb5adefaffc2	<http://www.w3.org/2002/07/owl#maxCardinality>	"1"
_:N55539ae25d1f4b0c992fcb5adefaffc2	<http://www.w3.org/2002/07/owl#onProperty>	<http://www.semanticweb.org/magma-core/ontologies/hqdm#data_why_deleted>
_:N563dffbacb3b4ab9919f203243d36635	<http://www.w3.org/1999/02/22-rdf-syntax-ns#type>	<http://www.w3.org/2002/07/owl#Restriction>
_:N563dffbacb3b4ab9919f203243d36635	<http://www.w3.org/2002/07/owl#minQualifiedCardinality>	"1"
_:N563dffbacb3b4ab9919f203243d36635	<http://www.w3.org/2002/07/owl#onClass>	<http://www.semanticweb.org/magma-core/ontologies/hqdm#offer_for_goods>
_:N563dffbacb3b4ab9919f203243d36635	<http://www.w3.org/2002/07/owl#onProperty>	<http://www.semanticweb.org/magma-core/ontologies/hqdm#consists_of_>
_:N5644c2fe6dda40fbb4fee5b6a3eae751	<http://www.w3.org/1999/02/22-rdf-syntax-ns#type>	<http://www.w3.org/2002/07/owl#Restriction>
_:N5644c2fe6dda40fbb4fee5b6a3eae751	<http://www.w3.org/2002/07/owl#maxQualifiedCardinality>	"1"
_:N5644c2fe6dda40fbb4fee5b6a3eae751	<http://www.w3.org/2002/07/owl#onDataRange>	<http://www.w3.org/2001/XMLSchema#dateTime>
_:N5644c2fe6dda40fbb4fee5b6a3eae751	<http://www.w3.org/2002/07/owl#onProperty>	<http://www.semanticweb.org/magma-core/ontologies/hqdm#data_record_logically_deleted>
_:N572358ff5d04499282f7b4ae2ac0d5b4	<http://www.w3.org/1999/02/22-rdf-syntax-ns#type>	<http://www.w3.org/2002/07/owl#Restriction>
_:N572358ff5d04499282f7b4ae2ac0d5b4	<http://www.w3.org/2002/07/owl#maxQualifiedCardinality>	"1"
_:N572358ff5d04499282f7b4ae2ac0d5b4	<http://www.w3.org/2002/07/owl#onClass>	<http://www.semanticweb.org/magma-core/ontologies/hqdm#representation_by_pattern>
_:N572358ff5d04499282f7b4ae2ac0d5b4	<http://www.w3.org/2002/07/owl#onProperty>	<http://www.semanticweb.org/magma-core/ontologies/hqdm#member_of_>
_:N57d64faf43e748c2a698a9d3b13f8297	<http://www.w3.org/1999/02/22-rdf-syntax-ns#type>	<http://www.w3.org/2002/07/owl#Restriction>
_:N57d64faf43e748c2a698a9d3b13f8297	<http://www.w3.org/2002/07/owl#maxQualifiedCardinality>	"1"
_:N57d64faf43e748c2a698a9d3b13f8297	<http://www.w3.org/2002/07/owl#onDataRange>	<http://www.w3.org/2001/XMLSchema#float>
_:N57d64faf43e748c2a698a9d3b13f8297	<http://www.w3.org/2002/07/owl#onProperty>	<http://www.semanticweb.org/magma-core/ontologies/hqdm#real_value>
_:N583277507c974bf6bf261f5a079e396c	<http://www.w3.org/1999/02/22-rdf-syntax-ns#type>	<http://www.w3.org/2002/07/owl#Restriction>
_:N583277507c974bf6bf261f5a079e396c	<http://www.w3.org/2002/07/owl#minCardinality>	"1"
_:N583277507c974bf6bf261f5a079e396c	<http://www.w3.org/2002/07/owl#onProperty>	<http://www.semanticweb.org/magma-core/ontologies/hqdm#data_EntityName>
_:N5a2bc04713a3435bbcabfb5588251922	<http://www.w3.org/1999/02/22-rdf-syntax-ns#type>	<http://www.w3.org/2002/07/owl#Restriction>
_:N5a2bc04713a3435bbcabfb5588251922	<http://www.w3.org/2002/07/owl#maxQualifiedCardinality>	"1"
_:N5a2bc04713a3435bbcabfb5588251922	<http://www.w3.org/2002/07/owl#onClass>	<http://www.semanticweb.org/magma-core/ontologies/hqdm#physical_quantity>
_:N5a2bc04713a3435bbcabfb5588251922	<http://www.w3.org/2002/07/owl#onProperty>	<http://www.semanticweb.org/magma-core/ontologies/hqdm#lower_bound>
_:N5a4d5a8293154aaeac40c53f7483924e	<http://www.w3.org/1999/02/22-rdf-syntax-ns#type>	<http://www.w3.org/2002/07/owl#Restriction>
_:N5a4d5a8293154aaeac40c53f7483924e	<http://www.w3.org/2002/07/owl#minQualifiedCardinality>	"0"
_:N5a4d5a8293154aaeac40c53f7483924e	<http://www.w3.org/2002/07/owl#onClass>	<http://www.semanticweb.org/magma-core/ontologies/hqdm#class_of_state_of_ordinary_biological_object>
_:N5a4d5a8293154aaeac40c53f7483924e	<http://www.w3.org/2002/07/owl#onProperty>	<http://www.semanticweb.org/magma-core/ontologies/hqdm#member_of>
_:N5b5a8a0488274497857286cfff2a45cb	<http://www.w3.org/1999/02/22-rdf-syntax-ns#type>	<http://www.w3.org/2002/07/owl#Restriction>
_:N5b5a8a0488274497857286cfff2a45cb	<http://www.w3.org/2002/07/owl#minQualifiedCardinality>	"1"
_:N5b5a8a0488274497857286cfff2a45cb	<http://www.w3.org/2002/07/owl#onClass>	<http://www.semanticweb.org/magma-core/ontologies/hqdm#kind_of_biological_system_component>
_:N5b5a8a0488274497857286cfff2a45cb	<http://www.w3.org/2002/07/owl#onProperty>	<http://www.semanticweb.org/magma-core/ontologies/hqdm#has_component_by_class>
_:N5b7b039d5ba04e809e6f43d8fecaf818	<http://www.w3.org/1999/02/22-rdf-syntax-ns#type>	<http://www.w3.org/2002/07/owl#Restriction>
_:N5b7b039d5ba04e809e6f43d8fecaf818	<http://www.w3.org/2002/07/owl#minQualifiedCardinality>	"0"
_:N5b7b039d5ba04e809e6f43d8fecaf818	<http://www.w3.org/2002/07/owl#onClass>	<http://www.semanticweb.org/magma-core/ontologies/hqdm#class_of_amount_of_money>
_:N5b7b039d5ba04e809e6f43d8fecaf818	<http://www.w3.org/2002/07/owl#onProperty>	<http://www.semanticweb.org/magma-core/ontologies/hqdm#member_of>
_:N5bc8090365764628b7e2a9307a9a33ac	<http://www.w3.org/1999/02/22-rdf-syntax-ns#type>	<http://www.w3.org/2002/07/owl#Restriction>
_:N5bc8090365764628b7e2a9307a9a33ac	<http://www.w3.org/2002/07/owl#minQualifiedCardinality>	"1"
_:N5bc8090365764628b7e2a9307a9a33ac	<http://www.w3.org/2002/07/owl#onClass>	<http://www.semanticweb.org/magma-core/ontologies/hqdm#spatio_temporal_extent>
_:N5bc8090365764628b7e2a9307a9a33ac	<http://www.w3.org/2002/07/owl#onProperty>	<http://www.semanticweb.org/magma-core/ontologies/hqdm#hasWhole>
_:N5c66075a010645c5b259bc95e7a21e78	<http://www.w3.org/1999/02/22-rdf-syntax-ns#type>	<http://www.w3.org/2002/07/owl#Restriction>
_:N5c66075a010645c5b259bc95e7a21e78	<http://www.w3.org/2002/07/owl#minQualifiedCardinality>	"0"
_:N5c66075a010645c5b259bc95e7a21e78	<http://www.w3.org/2002/07/owl#onClass>	<http://www.semanticweb.org/magma-core/ontologies/hqdm#class_of_state_of_biological_object>
_:N5c66075a010645c5b259bc95e7a21e78	<http://www.w3.org/2002/07/owl#onProperty>	<http://www.semanticweb.org/magma-core/ontologies/hqdm#member_of>
_:N5d1e00a6ca0f47f8b9fa8154e6a587e1	<http://www.w3.org/1999/02/22-rdf-syntax-ns#type>	<http://www.w3.org/2002/07/owl#Restriction>
_:N5d1e00a6ca0f47f8b9fa8154e6a587e1	<http://www.w3.org/2002/07/owl#minQualifiedCardinality>	"0"
_:N5d1e00a6ca0f47f8b9fa8154e6a587e1	<http://www.w3.org/2002/07/owl#onClass>	<http://www.semanticweb.org/magma-core/ontologies/hqdm#class_of_state_of_party>
_:N5d1e00a6ca0f47f8b9fa8154e6a587e1	<http://www.w3.org/2002/07/owl#onProperty>	<http://www.semanticweb.org/magma-core/ontologies/hqdm#member_of>
_:N6021d4c9a2c3460a8a196219b7976a9e	<http://www.w3.org/1999/02/22-rdf-syntax-ns#type>	<http://www.w3.org/2002/07/owl#Restriction>
_:N6021d4c9a2c3460a8a196219b7976a9e	<http://www.w3.org/2002/07/owl#minQualifiedCardinality>	"1"
_:N6021d4c9a2c3460a8a196219b7976a9e	<http://www.w3.org/2002/07/owl#onClass>	<http://www.semanticweb.org/magma-core/ontologies/hqdm#kind_of_system_component>
_:N6021d4c9a2c3460a8a196219b7976a9e	<http://www.w3.org/2002/07/owl#onProperty>	<http://www.semanticweb.org/magma-core/ontologies/hqdm#has_component_by_class>
_:N6070a467e7cb4c6f95f6789485091126	<http://www.w3.org/1999/02/22-rdf-syntax-ns#type>	<http://www.w3.org/2002/07/owl#Restriction>
_:N6070a467e7cb4c6f95f6789485091126	<http://www.w3.org/2002/07/owl#maxQualifiedCardinality>	"1"
_:N6070a467e7cb4c6f95f6789485091126	<http://www.w3.org/2002/07/owl#onClass>	<http://www.semanticweb.org/magma-core/ontologies/hqdm#currency>
_:N6070a467e7cb4c6f95f6789485091126	<http://www.w3.org/2002/07/owl#onProperty>	<http://www.semanticweb.org/magma-core/ontologies/hqdm#member_of_currency>
_:N610ddf0675174edcbeec652ff63ea9ed	<http://www.w3.org/1999/02/22-rdf-syntax-ns#type>	<http://www.w3.org/2002/07/owl#Restriction>
_:N610ddf0675174edcbeec652ff63ea9ed	<http://www.w3.org/2002/07/owl#minQualifiedCardinality>	"0"
_:N610ddf0675174edcbeec652ff63ea9ed	<http://www.w3.org/2002/07/owl#onClass>	<http://www.semanticweb.org/magma-core/ontologies/hqdm#class_of_state_of_activity>
_:N610ddf0675174edcbeec652ff63ea9ed	<http://www.w3.org/2002/07/owl#onProperty>	<http://www.semanticweb.org/magma-core/ontologies/hqdm#member_of>
_:N618e85081da445b5a9725a7b018cedac	<http://www.w3.org/1999/02/22-rdf-syntax-ns#type>	<http://www.w3.org/2002/07/owl#Restriction>
_:N618e85081da445b5a9725a7b018cedac	<http://www.w3.org/2002/07/owl#maxCardinality>	"1"
_:N618e85081da445b5a9725a7b018cedac	<http://www.w3.org/2002/07/owl#onProperty>	<http://www.semanticweb.org/magma-core/ontologies/hqdm#data_EntityName>
_:N61af1979ae714e3596d61ccb6801ed3c	<http://www.w3.org/1999/02/22-rdf-syntax-ns#type>	<http://www.w3.org/2002/07/owl#Restriction>
_:N61af1979ae714e3596d61ccb6801ed3c	<http://www.w3.org/2002/07/owl#minQualifiedCardinality>	"0"
_:N61af1979ae714e3596d61ccb6801ed3c	<http://www.w3.org/2002/07/owl#onClass>	<http://www.semanticweb.org/magma-core/ontologies/hqdm#person>
_:N61af1979ae714e3596d61ccb6801ed3c	<http://www.w3.org/2002/07/owl#onProperty>	<http://www.semanticweb.org/magma-core/ontologies/hqdm#temporal_part_of>
_:N628b7c4e5089432a9722104fb675f6f9	<http://www.w3.org/1999/02/22-rdf-syntax-ns#type>	<http://www.w3.org/2002/07/owl#Restriction>
_:N628b7c4e5089432a9722104fb675f6f9	<http://www.w3.org/2002/07/owl#minQualifiedCardinality>	"0"
_:N628b7c4e5089432a9722104fb675f6f9	<http://www.w3.org/2002/07/owl#onClass>	<http://www.semanticweb.org/magma-core/ontologies/hqdm#class_of_agreement_process>
_:N628b7c4e5089432a9722104fb675f6f9	<http://www.w3.org/2002/07/owl#onProperty>	<http://www.semanticweb.org/magma-core/ontologies/hqdm#member_of>
_:N62c0ccb8da794b63a07a08e5b83cfd9a	<http://www.w3.org/1999/02/22-rdf-syntax-ns#type>	<http://www.w3.org/2002/07/owl#Restriction>
_:N62c0ccb8da794b63a07a08e5b83cfd9a	<http://www.w3.org/2002/07/owl#minQualifiedCardinality>	"0"
_:N62c0ccb8da794b63a07a08e5b83cfd9a	<http://www.w3.org/2002/07/owl#onClass>	<http://www.semanticweb.org/magma-core/ontologies/hqdm#class_of_agreement_process>
_:N62c0ccb8da794b63a07a08e5b83cfd9a	<http://www.w3.org/2002/07/owl#onProperty>	<http://www.semanticweb.org/magma-core/ontologies/hqdm#part_of_by_class>
_:N636a311a9bba4cd9ae77ba24d2c5828f	<http://www.w3.org/1999/02/22-rdf-syntax-ns#type>	<http://www.w3.org/2002/07/owl#Restriction>
_:N636a311a9bba4cd9ae77ba24d2c5828f	<http://www.w3.org/2002/07/owl#minQualifiedCardinality>	"0"
_:N636a311a9bba4cd9ae77ba24d2c5828f	<http://www.w3.org/2002/07/owl#onClass>	<http://www.semanticweb.org/magma-core/ontologies/hqdm#class_of_state_of_amount_of_money>
_:N636a311a9bba4cd9ae77ba24d2c5828f	<http://www.w3.org/2002/07/owl#onProperty>	<http://www.semanticweb.org/magma-core/ontologies/hqdm#member_of>
_:N6379ca0659b04f2e860631cc7c764ba5	<http://www.w3.org/1999/02/22-rdf-syntax-ns#type>	<http://www.w3.org/2002/07/owl#Restriction>
_:N6379ca0659b04f2e860631cc7c764ba5	<http://www.w3.org/2002/07/owl#allValuesFrom>	<http://www.semanticweb.org/magma-core/ontologies/hqdm#class>
_:N6379ca0659b04f2e860631cc7c764ba5	<http://www.w3.org/2002/07/owl#onProperty>	<http://www.semanticweb.org/magma-core/ontologies/hqdm#roles>
_:N6435c08ab42c4463a09d9f213e051653	<http://www.w3.org/1999/02/22-rdf-syntax-ns#type>	<http://www.w3.org/2002/07/owl#Restriction>
_:N6435c08ab42c4463a09d9f213e051653	<http://www.w3.org/2002/07/owl#minQualifiedCardinality>	"1"
_:N6435c08ab42c4463a09d9f213e051653	<http://www.w3.org/2002/07/owl#onClass>	<http://www.semanticweb.org/magma-core/ontologies/hqdm#acceptance_of_offer_for_goods>
_:N6435c08ab42c4463a09d9f213e051653	<http://www.w3.org/2002/07/owl#onProperty>	<http://www.semanticweb.org/magma-core/ontologies/hqdm#consists_of>
_:N6446c58fff83400c9509bbe22958023d	<http://www.w3.org/1999/02/22-rdf-syntax-ns#type>	<http://www.w3.org/2002/07/owl#Restriction>
_:N6446c58fff83400c9509bbe22958023d	<http://www.w3.org/2002/07/owl#minQualifiedCardinality>	"1"
_:N6446c58fff83400c9509bbe22958023d	<http://www.w3.org/2002/07/owl#onClass>	<http://www.semanticweb.org/magma-core/ontologies/hqdm#spatio_temporal_extent>
_:N6446c58fff83400c9509bbe22958023d	<http://www.w3.org/2002/07/owl#onProperty>	<http://www.semanticweb.org/magma-core/ontologies/hqdm#hasPart>
_:N65386064530d4a65a341b0c547ce6071	<http://www.w3.org/1999/02/22-rdf-syntax-ns#type>	<http://www.w3.org/2002/07/owl#Restriction>
_:N65386064530d4a65a341b0c547ce6071	<http://www.w3.org/2002/07/owl#minQualifiedCardinality>	"0"
_:N65386064530d4a65a341b0c547ce6071	<http://www.w3.org/2002/07/owl#onClass>	<http://www.semanticweb.org/magma-core/ontologies/hqdm#activity>
_:N65386064530d4a65a341b0c547ce6071	<http://www.w3.org/2002/07/owl#onProperty>	<http://www.semanticweb.org/magma-core/ontologies/hqdm#temporal_part_of>
_:N66f763cd48074a99904435b900185634	<http://www.w3.org/1999/02/22-rdf-syntax-ns#type>	<http://www.w3.org/2002/07/owl#Restriction>
_:N66f763cd48074a99904435b900185634	<http://www.w3.org/2002/07/owl#minQualifiedCardinality>	"1"
_:N66f763cd48074a99904435b900185634	<http://www.w3.org/2002/07/owl#onClass>	<http://www.semanticweb.org/magma-core/ontologies/hqdm#pattern>
_:N66f763cd48074a99904435b900185634	<http://www.w3.org/2002/07/owl#onProperty>	<http://www.semanticweb.org/magma-core/ontologies/hqdm#member_of_>
_:N67fd92d04e1a486497487e968937177b	<http://www.w3.org/1999/02/22-rdf-syntax-ns#type>	<http://www.w3.org/2002/07/owl#Restriction>
_:N67fd92d04e1a486497487e968937177b	<http://www.w3.org/2002/07/owl#maxQualifiedCardinality>	"1"
_:N67fd92d04e1a486497487e968937177b	<http://www.w3.org/2002/07/owl#onClass>	<http://www.semanticweb.org/magma-core/ontologies/hqdm#physical_quantity>
_:N67fd92d04e1a486497487e968937177b	<http://www.w3.org/2002/07/owl#onProperty>	<http://www.semanticweb.org/magma-core/ontologies/hqdm#upper_bound>
_:N68c144f923d440adb64e9f429b8b09de	<http://www.w3.org/1999/02/22-rdf-syntax-ns#type>	<http://www.w3.org/2002/07/owl#Restriction>
_:N68c144f923d440adb64e9f429b8b09de	<http://www.w3.org/2002/07/owl#minQualifiedCardinality>	"1"
_:N68c144f923d440adb64e9f429b8b09de	<http://www.w3.org/2002/07/owl#onClass>	<http://www.semanticweb.org/magma-core/ontologies/hqdm#physical_quantity>
_:N68c144f923d440adb64e9f429b8b09de	<http://www.w3.org/2002/07/owl#onProperty>	<http://www.semanticweb.org/magma-core/ontologies/hqdm#upper_bound>
_:N696b0df0f71a40399e40273c08a1d4e5	<http://www.w3.org/1999/02/22-rdf-syntax-ns#first>	<http://www.semanticweb.org/magma-core/ontologies/hqdm#aggregation>
_:N696b0df0f71a40399e40273c08a1d4e5	<http://www.w3.org/1999/02/22-rdf-syntax-ns#rest>	_:Na3c3e40ef174478caef13eeddbe02ff5
_:N69c5d7a60efb4b6a98bcb84934276e3c	<http://www.w3.org/1999/02/22-rdf-syntax-ns#type>	<http://www.w3.org/2002/07/owl#Restriction>
_:N69c5d7a60efb4b6a98bcb84934276e3c	<http://www.w3.org/2002/07/owl#minQualifiedCardinality>	"1"
_:N69c5d7a60efb4b6a98bcb84934276e3c	<http://www.w3.org/2002/07/owl#onClass>	<http://www.semanticweb.org/magma-core/ontologies/hqdm#class_of_state>
_:N69c5d7a60efb4b6a98bcb84934276e3c	<http://www.w3.org/2002/07/owl#onProperty>	<http://www.semanticweb.org/magma-core/ontologies/hqdm#intersection_of>
_:N6a58d0583ca244c7859e83d7f941a30c	<http://www.w3.org/1999/02/22-rdf-syntax-ns#type>	<http://www.w3.org/2002/07/owl#Restriction>
_:N6a58d0583ca244c7859e83d7f941a30c	<http://www.w3.org/2002/07/owl#minQualifiedCardinality>	"2"
_:N6a58d0583ca244c7859e83d7f941a30c	<http://www.w3.org/2002/07/owl#onClass>	<http://www.semanticweb.org/magma-core/ontologies/hqdm#classification>
_:N6a58d0583ca244c7859e83d7f941a30c	<http://www.w3.org/2002/07/owl#onProperty>	<http://www.semanticweb.org/magma-core/ontologies/hqdm#involves>
_:N6ae258331e1d43d9a324d3c14f434539	<http://www.w3.org/1999/02/22-rdf-syntax-ns#type>	<http://www.w3.org/2002/07/owl#Restriction>
_:N6ae258331e1d43d9a324d3c14f434539	<http://www.w3.org/2002/07/owl#minQualifiedCardinality>	"0"
_:N6ae258331e1d43d9a324d3c14f434539	<http://www.w3.org/2002/07/owl#onClass>	<http://www.semanticweb.org/magma-core/ontologies/hqdm#spatio_temporal_extent>
_:N6ae258331e1d43d9a324d3c14f434539	<http://www.w3.org/2002/07/owl#onProperty>	<http://www.semanticweb.org/magma-core/ontologies/hqdm#consists_of>
_:N6b135495864c4988b50db7da10dc8b1e	<http://www.w3.org/1999/02/22-rdf-syntax-ns#type>	<http://www.w3.org/2002/07/owl#Restriction>
_:N6b135495864c4988b50db7da10dc8b1e	<http://www.w3.org/2002/07/owl#minQualifiedCardinality>	"1"
_:N6b135495864c4988b50db7da10dc8b1e	<http://www.w3.org/2002/07/owl#onClass>	<http://www.semanticweb.org/magma-core/ontologies/hqdm#ownership>
_:N6b135495864c4988b50db7da10dc8b1e	<http://www.w3.org/2002/07/owl#onProperty>	<http://www.semanticweb.org/magma-core/ontologies/hqdm#participant_in>
_:N6b3ae5f4ad5342c98c75df168a09adc5	<http://www.w3.org/1999/02/22-rdf-syntax-ns#type>	<http://www.w3.org/2002/07/owl#Restriction>
_:N6b3ae5f4ad5342c98c75df168a09adc5	<http://www.w3.org/2002/07/owl#minQualifiedCardinality>	"0"
_:N6b3ae5f4ad5342c98c75df168a09adc5	<http://www.w3.org/2002/07/owl#onClass>	<http://www.semanticweb.org/magma-core/ontologies/hqdm#class_of_state_of_functional_system_component>
_:N6b3ae5f4ad5342c98c75df168a09adc5	<http://www.w3.org/2002/07/owl#onProperty>	<http://www.semanticweb.org/magma-core/ontologies/hqdm#member_of>
_:N6b3cffa699764943b011c25eadd993c5	<http://www.w3.org/1999/02/22-rdf-syntax-ns#type>	<http://www.w3.org/2002/07/owl#Restriction>
_:N6b3cffa699764943b011c25eadd993c5	<http://www.w3.org/2002/07/owl#minQualifiedCardinality>	"0"
_:N6b3cffa699764943b011c25eadd993c5	<http://www.w3.org/2002/07/owl#onClass>	<http://www.semanticweb.org/magma-core/ontologies/hqdm#class>
_:N6b3cffa699764943b011c25eadd993c5	<http://www.w3.org/2002/07/owl#onProperty>	<http://www.semanticweb.org/magma-core/ontologies/hqdm#determines_by_class>
_:N6b3d34aafbd7469d970a39d9e2b3a099	<http://www.w3.org/1999/02/22-rdf-syntax-ns#type>	<http://www.w3.org/2002/07/owl#Restriction>
_:N6b3d34aafbd7469d970a39d9e2b3a099	<http://www.w3.org/2002/07/owl#maxCardinality>	"1"
_:N6b3d34aafbd7469d970a39d9e2b3a099	<http://www.w3.org/2002/07/owl#onProperty>	<http://www.semanticweb.org/magma-core/ontologies/hqdm#data_record_creator>
_:N6b890177c0ec48419d9c494b227dd818	<http://www.w3.org/1999/02/22-rdf-syntax-ns#type>	<http://www.w3.org/2002/07/owl#Restriction>
_:N6b890177c0ec48419d9c494b227dd818	<http://www.w3.org/2002/07/owl#minQualifiedCardinality>	"0"
_:N6b890177c0ec48419d9c494b227dd818	<http://www.w3.org/2002/07/owl#onClass>	<http://www.semanticweb.org/magma-core/ontologies/hqdm#possible_world>
_:N6b890177c0ec48419d9c494b227dd818	<http://www.w3.org/2002/07/owl#onProperty>	<http://www.semanticweb.org/magma-core/ontologies/hqdm#part_of_possible_world>
_:N6befdd13b53e425380982b3f7a39522e	<http://www.w3.org/1999/02/22-rdf-syntax-ns#type>	<http://www.w3.org/2002/07/owl#Restriction>
_:N6befdd13b53e425380982b3f7a39522e	<http://www.w3.org/2002/07/owl#maxQualifiedCardinality>	"1"
_:N6befdd13b53e425380982b3f7a39522e	<http://www.w3.org/2002/07/owl#onDataRange>	<http://www.w3.org/2001/XMLSchema#dateTime>
_:N6befdd13b53e425380982b3f7a39522e	<http://www.w3.org/2002/07/owl#onProperty>	<http://www.semanticweb.org/magma-core/ontologies/hqdm#data_date_record_created>
_:N6c0d56d931584e60b90857cdbe34e048	<http://www.w3.org/1999/02/22-rdf-syntax-ns#type>	<http://www.w3.org/2002/07/owl#Restriction>
_:N6c0d56d931584e60b90857cdbe34e048	<http://www.w3.org/2002/07/owl#minQualifiedCardinality>	"0"
_:N6c0d56d931584e60b90857cdbe34e048	<http://www.w3.org/2002/07/owl#onClass>	<http://www.semanticweb.org/magma-core/ontologies/hqdm#class_of_state_of_association>
_:N6c0d56d931584e60b90857cdbe34e048	<http://www.w3.org/2002/07/owl#onProperty>	<http://www.semanticweb.org/magma-core/ontologies/hqdm#member_of>
_:N6c21cfabe65149b9ab42d534f060d993	<http://www.w3.org/1999/02/22-rdf-syntax-ns#type>	<http://www.w3.org/2002/07/owl#Restriction>
_:N6c21cfabe65149b9ab42d534f060d993	<http://www.w3.org/2002/07/owl#minQualifiedCardinality>	"0"
_:N6c21cfabe65149b9ab42d534f060d993	<http://www.w3.org/2002/07/owl#onClass>	<http://www.semanticweb.org/magma-core/ontologies/hqdm#class_of_state_of_biological_system>
_:N6c21cfabe65149b9ab42d534f060d993	<http://www.w3.org/2002/07/owl#onProperty>	<http://www.semanticweb.org/magma-core/ontologies/hqdm#member_of>
_:N6c89adb76779437e959500241a0850f6	<http://www.w3.org/1999/02/22-rdf-syntax-ns#type>	<http://www.w3.org/2002/07/owl#Restriction>
_:N6c89adb76779437e959500241a0850f6	<http://www.w3.org/2002/07/owl#minQualifiedCardinality>	"0"
_:N6c89adb76779437e959500241a0850f6	<http://www.w3.org/2002/07/owl#onClass>	<http://www.semanticweb.org/magma-core/ontologies/hqdm#class>
_:N6c89adb76779437e959500241a0850f6	<http://www.w3.org/2002/07/owl#onProperty>	<http://www.semanticweb.org/magma-core/ontologies/hqdm#references_by_class>
_:N6d092b3bbdd04c69b1acff4f9608e7ff	<http://www.w3.org/1999/02/22-rdf-syntax-ns#type>	<http://www.w3.org/2002/07/owl#Restriction>
_:N6d092b3bbdd04c69b1acff4f9608e7ff	<http://www.w3.org/2002/07/owl#minQualifiedCardinality>	"0"
_:N6d092b3bbdd04c69b1acff4f9608e7ff	<http://www.w3.org/2002/07/owl#onClass>	<http://www.semanticweb.org/magma-core/ontologies/hqdm#class_of_state_of_functional_object>
_:N6d092b3bbdd04c69b1acff4f9608e7ff	<http://www.w3.org/2002/07/owl#onProperty>	<http://www.semanticweb.org/magma-core/ontologies/hqdm#member_of>
_:N6de32ce78c314ae3a1608d5c48b072b4	<http://www.w3.org/1999/02/22-rdf-syntax-ns#first>	<http://www.semanticweb.org/magma-core/ontologies/hqdm#defined_relationship>
_:N6de32ce78c314ae3a1608d5c48b072b4	<http://www.w3.org/1999/02/22-rdf-syntax-ns#rest>	_:Ne902b34a028b487ca3285a641df7557f
_:N6e6b69ebd45548f9bf17927cfc9d3b5f	<http://www.w3.org/1999/02/22-rdf-syntax-ns#type>	<http://www.w3.org/2002/07/owl#Restriction>
_:N6e6b69ebd45548f9bf17927cfc9d3b5f	<http://www.w3.org/2002/07/owl#minQualifiedCardinality>	"1"
_:N6e6b69ebd45548f9bf17927cfc9d3b5f	<http://www.w3.org/2002/07/owl#onClass>	<http://www.semanticweb.org/magma-core/ontologies/hqdm#system>
_:N6e6b69ebd45548f9bf17927cfc9d3b5f	<http://www.w3.org/2002/07/owl#onProperty>	<http://www.semanticweb.org/magma-core/ontologies/hqdm#component_of>
_:N6e84c9ed2ad140d0896fe910bf4a8a99	<http://www.w3.org/1999/02/22-rdf-syntax-ns#type>	<http://www.w3.org/2002/07/owl#Restriction>
_:N6e84c9ed2ad140d0896fe910bf4a8a99	<http://www.w3.org/2002/07/owl#minQualifiedCardinality>	"0"
_:N6e84c9ed2ad140d0896fe910bf4a8a99	<http://www.w3.org/2002/07/owl#onClass>	<http://www.semanticweb.org/magma-core/ontologies/hqdm#class_of_socially_constructed_object>
_:N6e84c9ed2ad140d0896fe910bf4a8a99	<http://www.w3.org/2002/07/owl#onProperty>	<http://www.semanticweb.org/magma-core/ontologies/hqdm#member_of>
_:N6ef70a06e59340ba8b0c363812190ea4	<http://www.w3.org/1999/02/22-rdf-syntax-ns#type>	<http://www.w3.org/2002/07/owl#Restriction>
_:N6ef70a06e59340ba8b0c363812190ea4	<http://www.w3.org/2002/07/owl#minQualifiedCardinality>	"0"
_:N6ef70a06e59340ba8b0c363812190ea4	<http://www.w3.org/2002/07/owl#onClass>	<http://www.semanticweb.org/magma-core/ontologies/hqdm#class_of_possible_world>
_:N6ef70a06e59340ba8b0c363812190ea4	<http://www.w3.org/2002/07/owl#onProperty>	<http://www.semanticweb.org/magma-core/ontologies/hqdm#member_of>
_:N6f19e6997c2e480a879ebdfa7bc5a768	<http://www.w3.org/1999/02/22-rdf-syntax-ns#type>	<http://www.w3.org/2002/07/owl#Restriction>
_:N6f19e6997c2e480a879ebdfa7bc5a768	<http://www.w3.org/2002/07/owl#minQualifiedCardinality>	"0"
_:N6f19e6997c2e480a879ebdfa7bc5a768	<http://www.w3.org/2002/07/owl#onClass>	<http://www.semanticweb.org/magma-core/ontologies/hqdm#spatio_temporal_extent>
_:N6f19e6997c2e480a879ebdfa7bc5a768	<http://www.w3.org/2002/07/owl#onProperty>	<http://www.semanticweb.org/magma-core/ontologies/hqdm#aggregated_into>
_:N6f2206bd47dd40d9b449c2dd3e506c4a	<http://www.w3.org/1999/02/22-rdf-syntax-ns#type>	<http://www.w3.org/2002/07/owl#Restriction>
_:N6f2206bd47dd40d9b449c2dd3e506c4a	<http://www.w3.org/2002/07/owl#minQualifiedCardinality>	"0"
_:N6f2206bd47dd40d9b449c2dd3e506c4a	<http://www.w3.org/2002/07/owl#onClass>	<http://www.semanticweb.org/magma-core/ontologies/hqdm#class_of_event>
_:N6f2206bd47dd40d9b449c2dd3e506c4a	<http://www.w3.org/2002/07/owl#onProperty>	<http://www.semanticweb.org/magma-core/ontologies/hqdm#member_of>
_:N6f8e4040070549d2ab2ba59cba3ceb7d	<http://www.w3.org/1999/02/22-rdf-syntax-ns#type>	<http://www.w3.org/2002/07/owl#Restriction>
_:N6f8e4040070549d2ab2ba59cba3ceb7d	<http://www.w3.org/2002/07/owl#minQualifiedCardinality>	"1"
_:N6f8e4040070549d2ab2ba59cba3ceb7d	<http://www.w3.org/2002/07/owl#onClass>	<http://www.semanticweb.org/magma-core/ontologies/hqdm#agreement_process>
_:N6f8e4040070549d2ab2ba59cba3ceb7d	<http://www.w3.org/2002/07/owl#onProperty>	<http://www.semanticweb.org/magma-core/ontologies/hqdm#part_of>
_:N7079e5e90e424eb987448dcfc369819d	<http://www.w3.org/1999/02/22-rdf-syntax-ns#type>	<http://www.w3.org/2002/07/owl#Restriction>
_:N7079e5e90e424eb987448dcfc369819d	<http://www.w3.org/2002/07/owl#onClass>	<http://www.semanticweb.org/magma-core/ontologies/hqdm#kind_of_relationship_with_signature>
_:N7079e5e90e424eb987448dcfc369819d	<http://www.w3.org/2002/07/owl#onProperty>	<http://www.semanticweb.org/magma-core/ontologies/hqdm#member_of_kind>
_:N7079e5e90e424eb987448dcfc369819d	<http://www.w3.org/2002/07/owl#qualifiedCardinality>	"1"
_:N720b44732f964db4a2c199998e240a62	<http://www.w3.org/1999/02/22-rdf-syntax-ns#type>	<http://www.w3.org/2002/07/owl#Restriction>
_:N720b44732f964db4a2c199998e240a62	<http://www.w3.org/2002/07/owl#minQualifiedCardinality>	"0"
_:N720b44732f964db4a2c199998e240a62	<http://www.w3.org/2002/07/owl#onClass>	<http://www.semanticweb.org/magma-core/ontologies/hqdm#event>
_:N720b44732f964db4a2c199998e240a62	<http://www.w3.org/2002/07/owl#onProperty>	<http://www.semanticweb.org/magma-core/ontologies/hqdm#beginning>
_:N72a68c6528274cf3a4c9539c07908f1e	<http://www.w3.org/1999/02/22-rdf-syntax-ns#type>	<http://www.w3.org/2002/07/owl#Restriction>
_:N72a68c6528274cf3a4c9539c07908f1e	<http://www.w3.org/2002/07/owl#minQualifiedCardinality>	"0"
_:N72a68c6528274cf3a4c9539c07908f1e	<http://www.w3.org/2002/07/owl#onClass>	<http://www.semanticweb.org/magma-core/ontologies/hqdm#class_of_system>
_:N72a68c6528274cf3a4c9539c07908f1e	<http://www.w3.org/2002/07/owl#onProperty>	<http://www.semanticweb.org/magma-core/ontologies/hqdm#member_of>
_:N72c02572f00a44c08ac92b947123cb01	<http://www.w3.org/1999/02/22-rdf-syntax-ns#type>	<http://www.w3.org/2002/07/owl#Restriction>
_:N72c02572f00a44c08ac92b947123cb01	<http://www.w3.org/2002/07/owl#minQualifiedCardinality>	"0"
_:N72c02572f00a44c08ac92b947123cb01	<http://www.w3.org/2002/07/owl#onDataRange>	<http://www.w3.org/2001/XMLSchema#dateTime>
_:N72c02572f00a44c08ac92b947123cb01	<http://www.w3.org/2002/07/owl#onProperty>	<http://www.semanticweb.org/magma-core/ontologies/hqdm#data_record_logically_deleted>
_:N737074e27fee4b169792d4fed0a7fac5	<http://www.w3.org/1999/02/22-rdf-syntax-ns#type>	<http://www.w3.org/2002/07/owl#Restriction>
_:N737074e27fee4b169792d4fed0a7fac5	<http://www.w3.org/2002/07/owl#minQualifiedCardinality>	"0"
_:N737074e27fee4b169792d4fed0a7fac5	<http://www.w3.org/2002/07/owl#onClass>	<http://www.semanticweb.org/magma-core/ontologies/hqdm#kind_of_physical_object>
_:N737074e27fee4b169792d4fed0a7fac5	<http://www.w3.org/2002/07/owl#onProperty>	<http://www.semanticweb.org/magma-core/ontologies/hqdm#member_of_kind>
_:N7375f416591440228913c48b097c5966	<http://www.w3.org/1999/02/22-rdf-syntax-ns#type>	<http://www.w3.org/2002/07/owl#Restriction>
_:N7375f416591440228913c48b097c5966	<http://www.w3.org/2002/07/owl#maxQualifiedCardinality>	"1"
_:N7375f416591440228913c48b097c5966	<http://www.w3.org/2002/07/owl#onClass>	<http://www.semanticweb.org/magma-core/ontologies/hqdm#owner>
_:N7375f416591440228913c48b097c5966	<http://www.w3.org/2002/07/owl#onProperty>	<http://www.semanticweb.org/magma-core/ontologies/hqdm#consists_of_participant>
_:N738a24fb9e9c48f888e4e4c3b9f5645e	<http://www.w3.org/1999/02/22-rdf-syntax-ns#type>	<http://www.w3.org/2002/07/owl#Restriction>
_:N738a24fb9e9c48f888e4e4c3b9f5645e	<http://www.w3.org/2002/07/owl#minQualifiedCardinality>	"0"
_:N738a24fb9e9c48f888e4e4c3b9f5645e	<http://www.w3.org/2002/07/owl#onClass>	<http://www.semanticweb.org/magma-core/ontologies/hqdm#reaching_agreement>
_:N738a24fb9e9c48f888e4e4c3b9f5645e	<http://www.w3.org/2002/07/owl#onProperty>	<http://www.semanticweb.org/magma-core/ontologies/hqdm#part_of>
_:N73b16e1587f748e3af116ce0a5ca7a4e	<http://www.w3.org/1999/02/22-rdf-syntax-ns#type>	<http://www.w3.org/2002/07/owl#Restriction>
_:N73b16e1587f748e3af116ce0a5ca7a4e	<http://www.w3.org/2002/07/owl#minQualifiedCardinality>	"0"
_:N73b16e1587f748e3af116ce0a5ca7a4e	<http://www.w3.org/2002/07/owl#onClass>	<http://www.semanticweb.org/magma-core/ontologies/hqdm#class_of_biological_system>
_:N73b16e1587f748e3af116ce0a5ca7a4e	<http://www.w3.org/2002/07/owl#onProperty>	<http://www.semanticweb.org/magma-core/ontologies/hqdm#member_of>
_:N78085be74d0a43cba56fdb9f108ab308	<http://www.w3.org/1999/02/22-rdf-syntax-ns#type>	<http://www.w3.org/2002/07/owl#Restriction>
_:N78085be74d0a43cba56fdb9f108ab308	<http://www.w3.org/2002/07/owl#minQualifiedCardinality>	"1"
_:N78085be74d0a43cba56fdb9f108ab308	<http://www.w3.org/2002/07/owl#onClass>	<http://www.semanticweb.org/magma-core/ontologies/hqdm#transferee>
_:N78085be74d0a43cba56fdb9f108ab308	<http://www.w3.org/2002/07/owl#onProperty>	<http://www.semanticweb.org/magma-core/ontologies/hqdm#consists_of_participant_>
_:N7851c48e6d734fdba2c41ce2ac049b6b	<http://www.w3.org/1999/02/22-rdf-syntax-ns#type>	<http://www.w3.org/2002/07/owl#Restriction>
_:N7851c48e6d734fdba2c41ce2ac049b6b	<http://www.w3.org/2002/07/owl#maxQualifiedCardinality>	"1"
_:N7851c48e6d734fdba2c41ce2ac049b6b	<http://www.w3.org/2002/07/owl#onClass>	<http://www.semanticweb.org/magma-core/ontologies/hqdm#agreement_process>
_:N7851c48e6d734fdba2c41ce2ac049b6b	<http://www.w3.org/2002/07/owl#onProperty>	<http://www.semanticweb.org/magma-core/ontologies/hqdm#part_of>
_:N78706389ccad436a9d000d5cd01e4a0f	<http://www.w3.org/1999/02/22-rdf-syntax-ns#type>	<http://www.w3.org/2002/07/owl#Restriction>
_:N78706389ccad436a9d000d5cd01e4a0f	<http://www.w3.org/2002/07/owl#minQualifiedCardinality>	"0"
_:N78706389ccad436a9d000d5cd01e4a0f	<http://www.w3.org/2002/07/owl#onClass>	<http://www.semanticweb.org/magma-core/ontologies/hqdm#class_of_class_of_spatio_temporal_extent>
_:N78706389ccad436a9d000d5cd01e4a0f	<http://www.w3.org/2002/07/owl#onProperty>	<http://www.semanticweb.org/magma-core/ontologies/hqdm#member_of_>
_:N78ed0effc6de4b8da23c11af0908cf2a	<http://www.w3.org/1999/02/22-rdf-syntax-ns#type>	<http://www.w3.org/2002/07/owl#Restriction>
_:N78ed0effc6de4b8da23c11af0908cf2a	<http://www.w3.org/2002/07/owl#minQualifiedCardinality>	"0"
_:N78ed0effc6de4b8da23c11af0908cf2a	<http://www.w3.org/2002/07/owl#onClass>	<http://www.semanticweb.org/magma-core/ontologies/hqdm#class_of_event>
_:N78ed0effc6de4b8da23c11af0908cf2a	<http://www.w3.org/2002/07/owl#onProperty>	<http://www.semanticweb.org/magma-core/ontologies/hqdm#causes_by_class>
_:N7a578b63969443a19d07f38965eca9b8	<http://www.w3.org/1999/02/22-rdf-syntax-ns#type>	<http://www.w3.org/2002/07/owl#Restriction>
_:N7a578b63969443a19d07f38965eca9b8	<http://www.w3.org/2002/07/owl#maxQualifiedCardinality>	"1"
_:N7a578b63969443a19d07f38965eca9b8	<http://www.w3.org/2002/07/owl#onClass>	<http://www.semanticweb.org/magma-core/ontologies/hqdm#acceptance_of_offer>
_:N7a578b63969443a19d07f38965eca9b8	<http://www.w3.org/2002/07/owl#onProperty>	<http://www.semanticweb.org/magma-core/ontologies/hqdm#consists_of>
_:N7c45601f2b8e47d9bfa1c774e5f884d1	<http://www.w3.org/1999/02/22-rdf-syntax-ns#type>	<http://www.w3.org/2002/07/owl#Restriction>
_:N7c45601f2b8e47d9bfa1c774e5f884d1	<http://www.w3.org/2002/07/owl#minQualifiedCardinality>	"1"
_:N7c45601f2b8e47d9bfa1c774e5f884d1	<http://www.w3.org/2002/07/owl#onClass>	<http://www.semanticweb.org/magma-core/ontologies/hqdm#money_asset>
_:N7c45601f2b8e47d9bfa1c774e5f884d1	<http://www.w3.org/2002/07/owl#onProperty>	<http://www.semanticweb.org/magma-core/ontologies/hqdm#references>
_:N7cce6a2019b74ec7a6a9192b71f2507f	<http://www.w3.org/1999/02/22-rdf-syntax-ns#type>	<http://www.w3.org/2002/07/owl#Restriction>
_:N7cce6a2019b74ec7a6a9192b71f2507f	<http://www.w3.org/2002/07/owl#minQualifiedCardinality>	"0"
_:N7cce6a2019b74ec7a6a9192b71f2507f	<http://www.w3.org/2002/07/owl#onClass>	<http://www.semanticweb.org/magma-core/ontologies/hqdm#class_of_physical_property>
_:N7cce6a2019b74ec7a6a9192b71f2507f	<http://www.w3.org/2002/07/owl#onProperty>	<http://www.semanticweb.org/magma-core/ontologies/hqdm#member_of>
_:N7d0854fd0f6043a0b81f5b5ae82143e9	<http://www.w3.org/1999/02/22-rdf-syntax-ns#type>	<http://www.w3.org/2002/07/owl#Restriction>
_:N7d0854fd0f6043a0b81f5b5ae82143e9	<http://www.w3.org/2002/07/owl#maxQualifiedCardinality>	"1"
_:N7d0854fd0f6043a0b81f5b5ae82143e9	<http://www.w3.org/2002/07/owl#onClass>	<http://www.semanticweb.org/magma-core/ontologies/hqdm#pattern>
_:N7d0854fd0f6043a0b81f5b5ae82143e9	<http://www.w3.org/2002/07/owl#onProperty>	<http://www.semanticweb.org/magma-core/ontologies/hqdm#member_of_>
_:N7d1d109908e14955ac6c39981a2bf653	<http://www.w3.org/1999/02/22-rdf-syntax-ns#type>	<http://www.w3.org/2002/07/owl#Restriction>
_:N7d1d109908e14955ac6c39981a2bf653	<http://www.w3.org/2002/07/owl#maxQualifiedCardinality>	"1"
_:N7d1d109908e14955ac6c39981a2bf653	<http://www.w3.org/2002/07/owl#onClass>	<http://www.semanticweb.org/magma-core/ontologies/hqdm#price>
_:N7d1d109908e14955ac6c39981a2bf653	<http://www.w3.org/2002/07/owl#onProperty>	<http://www.semanticweb.org/magma-core/ontologies/hqdm#consideration_by_class>
_:N7e5804ef35f9433dbabea1af6861fc36	<http://www.w3.org/1999/02/22-rdf-syntax-ns#type>	<http://www.w3.org/2002/07/owl#Restriction>
_:N7e5804ef35f9433dbabea1af6861fc36	<http://www.w3.org/2002/07/owl#minQualifiedCardinality>	"0"
_:N7e5804ef35f9433dbabea1af6861fc36	<http://www.w3.org/2002/07/owl#onClass>	<http://www.semanticweb.org/magma-core/ontologies/hqdm#kind_of_functional_system>
_:N7e5804ef35f9433dbabea1af6861fc36	<http://www.w3.org/2002/07/owl#onProperty>	<http://www.semanticweb.org/magma-core/ontologies/hqdm#member_of_kind>
_:N7f517ebb74c8411095510c1950216b85	<http://www.w3.org/1999/02/22-rdf-syntax-ns#type>	<http://www.w3.org/2002/07/owl#Restriction>
_:N7f517ebb74c8411095510c1950216b85	<http://www.w3.org/2002/07/owl#maxQualifiedCardinality>	"1"
_:N7f517ebb74c8411095510c1950216b85	<http://www.w3.org/2002/07/owl#onClass>	<http://www.semanticweb.org/magma-core/ontologies/hqdm#ownership>
_:N7f517ebb74c8411095510c1950216b85	<http://www.w3.org/2002/07/owl#onProperty>	<http://www.semanticweb.org/magma-core/ontologies/hqdm#participant_in>
_:N810c90016a424f49826b173550bc8ab5	<http://www.w3.org/1999/02/22-rdf-syntax-ns#type>	<http://www.w3.org/2002/07/owl#Class>
_:N810c90016a424f49826b173550bc8ab5	<http://www.w3.org/2002/07/owl#unionOf>	_:N0bb491ffe1ce4ca094f260f14a4b3833
_:N81d9a1cf6c464239b2eea49873564da9	<http://www.w3.org/1999/02/22-rdf-syntax-ns#type>	<http://www.w3.org/2002/07/owl#Restriction>
_:N81d9a1cf6c464239b2eea49873564da9	<http://www.w3.org/2002/07/owl#minQualifiedCardinality>	"0"
_:N81d9a1cf6c464239b2eea49873564da9	<http://www.w3.org/2002/07/owl#onClass>	<http://www.semanticweb.org/magma-core/ontologies/hqdm#class_of_agreement_execution>
_:N81d9a1cf6c464239b2eea49873564da9	<http://www.w3.org/2002/07/owl#onProperty>	<http://www.semanticweb.org/magma-core/ontologies/hqdm#part_of_by_class_>
_:N81ef7bd4bf9f4da4be54153b0f8a022a	<http://www.w3.org/1999/02/22-rdf-syntax-ns#type>	<http://www.w3.org/2002/07/owl#Restriction>
_:N81ef7bd4bf9f4da4be54153b0f8a022a	<http://www.w3.org/2002/07/owl#maxQualifiedCardinality>	"1"
_:N81ef7bd4bf9f4da4be54153b0f8a022a	<http://www.w3.org/2002/07/owl#onClass>	<http://www.semanticweb.org/magma-core/ontologies/hqdm#transferor>
_:N81ef7bd4bf9f4da4be54153b0f8a022a	<http://www.w3.org/2002/07/owl#onProperty>	<http://www.semanticweb.org/magma-core/ontologies/hqdm#consists_of_participant>
_:N8273af6ab313452f9e9e714fb913a394	<http://www.w3.org/1999/02/22-rdf-syntax-ns#type>	<http://www.w3.org/2002/07/owl#Restriction>
_:N8273af6ab313452f9e9e714fb913a394	<http://www.w3.org/2002/07/owl#minQualifiedCardinality>	"2"
_:N8273af6ab313452f9e9e714fb913a394	<http://www.w3.org/2002/07/owl#onClass>	<http://www.semanticweb.org/magma-core/ontologies/hqdm#role>
_:N8273af6ab313452f9e9e714fb913a394	<http://www.w3.org/2002/07/owl#onProperty>	<http://www.semanticweb.org/magma-core/ontologies/hqdm#consists_of_by_class>
_:N83c8923d3d6c4a588d3fb54d4f38894e	<http://www.w3.org/1999/02/22-rdf-syntax-ns#type>	<http://www.w3.org/2002/07/owl#Restriction>
_:N83c8923d3d6c4a588d3fb54d4f38894e	<http://www.w3.org/2002/07/owl#maxQualifiedCardinality>	"1"
_:N83c8923d3d6c4a588d3fb54d4f38894e	<http://www.w3.org/2002/07/owl#onClass>	<http://www.semanticweb.org/magma-core/ontologies/hqdm#agree_contract>
_:N83c8923d3d6c4a588d3fb54d4f38894e	<http://www.w3.org/2002/07/owl#onProperty>	<http://www.semanticweb.org/magma-core/ontologies/hqdm#part_of>
_:N846821be76ae4a0686bb2ae6c2402470	<http://www.w3.org/1999/02/22-rdf-syntax-ns#type>	<http://www.w3.org/2002/07/owl#Restriction>
_:N846821be76ae4a0686bb2ae6c2402470	<http://www.w3.org/2002/07/owl#minQualifiedCardinality>	"1"
_:N846821be76ae4a0686bb2ae6c2402470	<http://www.w3.org/2002/07/owl#onClass>	<http://www.semanticweb.org/magma-core/ontologies/hqdm#transfer_of_ownership>
_:N846821be76ae4a0686bb2ae6c2402470	<http://www.w3.org/2002/07/owl#onProperty>	<http://www.semanticweb.org/magma-core/ontologies/hqdm#participant_in>
_:N8521497a841e4b31a2da8177525f916a	<http://www.w3.org/1999/02/22-rdf-syntax-ns#type>	<http://www.w3.org/2002/07/owl#Restriction>
_:N8521497a841e4b31a2da8177525f916a	<http://www.w3.org/2002/07/owl#minQualifiedCardinality>	"0"
_:N8521497a841e4b31a2da8177525f916a	<http://www.w3.org/2002/07/owl#onClass>	<http://www.semanticweb.org/magma-core/ontologies/hqdm#class_of_installed_object>
_:N8521497a841e4b31a2da8177525f916a	<http://www.w3.org/2002/07/owl#onProperty>	<http://www.semanticweb.org/magma-core/ontologies/hqdm#member_of>
_:N859e0197070e4fa994b354c9e7b42411	<http://www.w3.org/1999/02/22-rdf-syntax-ns#type>	<http://www.w3.org/2002/07/owl#Restriction>
_:N859e0197070e4fa994b354c9e7b42411	<http://www.w3.org/2002/07/owl#maxQualifiedCardinality>	"1"
_:N859e0197070e4fa994b354c9e7b42411	<http://www.w3.org/2002/07/owl#onClass>	<http://www.semanticweb.org/magma-core/ontologies/hqdm#acceptance_of_offer_for_goods>
_:N859e0197070e4fa994b354c9e7b42411	<http://www.w3.org/2002/07/owl#onProperty>	<http://www.semanticweb.org/magma-core/ontologies/hqdm#consists_of>
_:N879160c8990f4c2ebd8776b977d18e5b	<http://www.w3.org/1999/02/22-rdf-syntax-ns#type>	<http://www.w3.org/2002/07/owl#Restriction>
_:N879160c8990f4c2ebd8776b977d18e5b	<http://www.w3.org/2002/07/owl#minQualifiedCardinality>	"0"
_:N879160c8990f4c2ebd8776b977d18e5b	<http://www.w3.org/2002/07/owl#onClass>	<http://www.semanticweb.org/magma-core/ontologies/hqdm#kind_of_intentionally_constructed_object>
_:N879160c8990f4c2ebd8776b977d18e5b	<http://www.w3.org/2002/07/owl#onProperty>	<http://www.semanticweb.org/magma-core/ontologies/hqdm#member_of_kind>
_:N89a198456dab44d5b27433a27be961ea	<http://www.w3.org/1999/02/22-rdf-syntax-ns#type>	<http://www.w3.org/2002/07/owl#Restriction>
_:N89a198456dab44d5b27433a27be961ea	<http://www.w3.org/2002/07/owl#minQualifiedCardinality>	"0"
_:N89a198456dab44d5b27433a27be961ea	<http://www.w3.org/2002/07/owl#onClass>	<http://www.semanticweb.org/magma-core/ontologies/hqdm#kind_of_functional_system_component>
_:N89a198456dab44d5b27433a27be961ea	<http://www.w3.org/2002/07/owl#onProperty>	<http://www.semanticweb.org/magma-core/ontologies/hqdm#member_of_kind>
_:N89be5deb431c47f1b8ca6392eb262c1d	<http://www.w3.org/1999/02/22-rdf-syntax-ns#type>	<http://www.w3.org/2002/07/owl#Restriction>
_:N89be5deb431c47f1b8ca6392eb262c1d	<http://www.w3.org/2002/07/owl#maxQualifiedCardinality>	"1"
_:N89be5deb431c47f1b8ca6392eb262c1d	<http://www.w3.org/2002/07/owl#onClass>	<http://www.semanticweb.org/magma-core/ontologies/hqdm#transfer_of_ownership>
_:N89be5deb431c47f1b8ca6392eb262c1d	<http://www.w3.org/2002/07/owl#onProperty>	<http://www.semanticweb.org/magma-core/ontologies/hqdm#consists_of>
_:N89d76044b37244c58343995a1f0adb8a	<http://www.w3.org/1999/02/22-rdf-syntax-ns#type>	<http://www.w3.org/2002/07/owl#Restriction>
_:N89d76044b37244c58343995a1f0adb8a	<http://www.w3.org/2002/07/owl#maxQualifiedCardinality>	"1"
_:N89d76044b37244c58343995a1f0adb8a	<http://www.w3.org/2002/07/owl#onDataRange>	<http://www.w3.org/2001/XMLSchema#dateTime>
_:N89d76044b37244c58343995a1f0adb8a	<http://www.w3.org/2002/07/owl#onProperty>	<http://www.semanticweb.org/magma-core/ontologies/hqdm#data_record_copy_created>
_:N8a49e318687a421cabc2c88230f8a329	<http://www.w3.org/1999/02/22-rdf-syntax-ns#type>	<http://www.w3.org/2002/07/owl#Restriction>
_:N8a49e318687a421cabc2c88230f8a329	<http://www.w3.org/2002/07/owl#minQualifiedCardinality>	"0"
_:N8a49e318687a421cabc2c88230f8a329	<http://www.w3.org/2002/07/owl#onClass>	<http://www.semanticweb.org/magma-core/ontologies/hqdm#role>
_:N8a49e318687a421cabc2c88230f8a329	<http://www.w3.org/2002/07/owl#onProperty>	<http://www.semanticweb.org/magma-core/ontologies/hqdm#consists_of_by_class>
_:N8a9d2d1bccde4cca9c0334033ef744d4	<http://www.w3.org/1999/02/22-rdf-syntax-ns#type>	<http://www.w3.org/2002/07/owl#Restriction>
_:N8a9d2d1bccde4cca9c0334033ef744d4	<http://www.w3.org/2002/07/owl#maxQualifiedCardinality>	"1"
_:N8a9d2d1bccde4cca9c0334033ef744d4	<http://www.w3.org/2002/07/owl#onClass>	<http://www.semanticweb.org/magma-core/ontologies/hqdm#product_brand>
_:N8a9d2d1bccde4cca9c0334033ef744d4	<http://www.w3.org/2002/07/owl#onProperty>	<http://www.semanticweb.org/magma-core/ontologies/hqdm#sold_under>
_:N8b809c5a2a1e4fa7afe6098ee783404b	<http://www.w3.org/1999/02/22-rdf-syntax-ns#type>	<http://www.w3.org/2002/07/owl#Restriction>
_:N8b809c5a2a1e4fa7afe6098ee783404b	<http://www.w3.org/2002/07/owl#minQualifiedCardinality>	"1"
_:N8b809c5a2a1e4fa7afe6098ee783404b	<http://www.w3.org/2002/07/owl#onClass>	<http://www.semanticweb.org/magma-core/ontologies/hqdm#offer_and_acceptance_for_goods>
_:N8b809c5a2a1e4fa7afe6098ee783404b	<http://www.w3.org/2002/07/owl#onProperty>	<http://www.semanticweb.org/magma-core/ontologies/hqdm#part_of>
_:N8bbb13c3b83d4a26a1a25fcd644abe3e	<http://www.w3.org/1999/02/22-rdf-syntax-ns#type>	<http://www.w3.org/2002/07/owl#Restriction>
_:N8bbb13c3b83d4a26a1a25fcd644abe3e	<http://www.w3.org/2002/07/owl#minQualifiedCardinality>	"0"
_:N8bbb13c3b83d4a26a1a25fcd644abe3e	<http://www.w3.org/2002/07/owl#onClass>	<http://www.semanticweb.org/magma-core/ontologies/hqdm#class>
_:N8bbb13c3b83d4a26a1a25fcd644abe3e	<http://www.w3.org/2002/07/owl#onProperty>	<http://www.semanticweb.org/magma-core/ontologies/hqdm#member__of>
_:N8c988dd0edf2454b870981448d1a6f33	<http://www.w3.org/1999/02/22-rdf-syntax-ns#type>	<http://www.w3.org/2002/07/owl#Restriction>
_:N8c988dd0edf2454b870981448d1a6f33	<http://www.w3.org/2002/07/owl#minQualifiedCardinality>	"1"
_:N8c988dd0edf2454b870981448d1a6f33	<http://www.w3.org/2002/07/owl#onDataRange>	<http://www.w3.org/2001/XMLSchema#float>
_:N8c988dd0edf2454b870981448d1a6f33	<http://www.w3.org/2002/07/owl#onProperty>	<http://www.semanticweb.org/magma-core/ontologies/hqdm#real_value>
_:N8c9c57e41dc64d17bdbe4164fecbab37	<http://www.w3.org/1999/02/22-rdf-syntax-ns#type>	<http://www.w3.org/2002/07/owl#Restriction>
_:N8c9c57e41dc64d17bdbe4164fecbab37	<http://www.w3.org/2002/07/owl#maxQualifiedCardinality>	"1"
_:N8c9c57e41dc64d17bdbe4164fecbab37	<http://www.w3.org/2002/07/owl#onClass>	<http://www.semanticweb.org/magma-core/ontologies/hqdm#scale>
_:N8c9c57e41dc64d17bdbe4164fecbab37	<http://www.w3.org/2002/07/owl#onProperty>	<http://www.semanticweb.org/magma-core/ontologies/hqdm#uses>
_:N8d0b8ab6e8a84914b19f37786dff6433	<http://www.w3.org/1999/02/22-rdf-syntax-ns#type>	<http://www.w3.org/2002/07/owl#Restriction>
_:N8d0b8ab6e8a84914b19f37786dff6433	<http://www.w3.org/2002/07/owl#minQualifiedCardinality>	"1"
_:N8d0b8ab6e8a84914b19f37786dff6433	<http://www.w3.org/2002/07/owl#onClass>	<http://www.semanticweb.org/magma-core/ontologies/hqdm#acceptance_of_offer>
_:N8d0b8ab6e8a84914b19f37786dff6433	<http://www.w3.org/2002/07/owl#onProperty>	<http://www.semanticweb.org/magma-core/ontologies/hqdm#consists_of>
_:N8e0b814d7cad4c06a9f55aad67d163d0	<http://www.w3.org/1999/02/22-rdf-syntax-ns#type>	<http://www.w3.org/2002/07/owl#Restriction>
_:N8e0b814d7cad4c06a9f55aad67d163d0	<http://www.w3.org/2002/07/owl#minQualifiedCardinality>	"0"
_:N8e0b814d7cad4c06a9f55aad67d163d0	<http://www.w3.org/2002/07/owl#onClass>	<http://www.semanticweb.org/magma-core/ontologies/hqdm#class_of_state>
_:N8e0b814d7cad4c06a9f55aad67d163d0	<http://www.w3.org/2002/07/owl#onProperty>	<http://www.semanticweb.org/magma-core/ontologies/hqdm#member_of>
_:N8ea26a742f7d48d0890420113829735e	<http://www.w3.org/1999/02/22-rdf-syntax-ns#type>	<http://www.w3.org/2002/07/owl#Restriction>
_:N8ea26a742f7d48d0890420113829735e	<http://www.w3.org/2002/07/owl#minQualifiedCardinality>	"1"
_:N8ea26a742f7d48d0890420113829735e	<http://www.w3.org/2002/07/owl#onClass>	<http://www.semanticweb.org/magma-core/ontologies/hqdm#agreement_process>
_:N8ea26a742f7d48d0890420113829735e	<http://www.w3.org/2002/07/owl#onProperty>	<http://www.semanticweb.org/magma-core/ontologies/hqdm#part_of>
_:N8ec4b22a8c034d6582ed840e90207dd8	<http://www.w3.org/1999/02/22-rdf-syntax-ns#type>	<http://www.w3.org/2002/07/owl#Restriction>
_:N8ec4b22a8c034d6582ed840e90207dd8	<http://www.w3.org/2002/07/owl#minQualifiedCardinality>	"1"
_:N8ec4b22a8c034d6582ed840e90207dd8	<http://www.w3.org/2002/07/owl#onClass>	<http://www.semanticweb.org/magma-core/ontologies/hqdm#physical_quantity>
_:N8ec4b22a8c034d6582ed840e90207dd8	<http://www.w3.org/2002/07/owl#onProperty>	<http://www.semanticweb.org/magma-core/ontologies/hqdm#lower_bound>
_:N9020bd62036c4e9080ce2e675c01baa9	<http://www.w3.org/1999/02/22-rdf-syntax-ns#type>	<http://www.w3.org/2002/07/owl#Restriction>
_:N9020bd62036c4e9080ce2e675c01baa9	<http://www.w3.org/2002/07/owl#minQualifiedCardinality>	"0"
_:N9020bd62036c4e9080ce2e675c01baa9	<http://www.w3.org/2002/07/owl#onClass>	<http://www.semanticweb.org/magma-core/ontologies/hqdm#possible_world>
_:N9020bd62036c4e9080ce2e675c01baa9	<http://www.w3.org/2002/07/owl#onProperty>	<http://www.semanticweb.org/magma-core/ontologies/hqdm#temporal_part_of_>
_:N914eaa6d522441e2b0bc66d342574099	<http://www.w3.org/1999/02/22-rdf-syntax-ns#type>	<http://www.w3.org/2002/07/owl#Restriction>
_:N914eaa6d522441e2b0bc66d342574099	<http://www.w3.org/2002/07/owl#maxQualifiedCardinality>	"1"
_:N914eaa6d522441e2b0bc66d342574099	<http://www.w3.org/2002/07/owl#onClass>	<http://www.semanticweb.org/magma-core/ontologies/hqdm#offer>
_:N914eaa6d522441e2b0bc66d342574099	<http://www.w3.org/2002/07/owl#onProperty>	<http://www.semanticweb.org/magma-core/ontologies/hqdm#consists_of_>
_:N9155ba8c03b944a6ad388d32dd9b9110	<http://www.w3.org/1999/02/22-rdf-syntax-ns#type>	<http://www.w3.org/2002/07/owl#Restriction>
_:N9155ba8c03b944a6ad388d32dd9b9110	<http://www.w3.org/2002/07/owl#minQualifiedCardinality>	"0"
_:N9155ba8c03b944a6ad388d32dd9b9110	<http://www.w3.org/2002/07/owl#onClass>	<http://www.semanticweb.org/magma-core/ontologies/hqdm#class_of_functional_system_component>
_:N9155ba8c03b944a6ad388d32dd9b9110	<http://www.w3.org/2002/07/owl#onProperty>	<http://www.semanticweb.org/magma-core/ontologies/hqdm#member_of>
_:N9205e667d65a45cb8d44e2f7e4fdf3df	<http://www.w3.org/1999/02/22-rdf-syntax-ns#first>	<http://www.semanticweb.org/magma-core/ontologies/hqdm#class_of_class>
_:N9205e667d65a45cb8d44e2f7e4fdf3df	<http://www.w3.org/1999/02/22-rdf-syntax-ns#rest>	_:Ne1f88f9bc35c4d979321a537e7ec692d
_:N92c93bbcfa8948daba74593ff8831301	<http://www.w3.org/1999/02/22-rdf-syntax-ns#type>	<http://www.w3.org/2002/07/owl#Restriction>
_:N92c93bbcfa8948daba74593ff8831301	<http://www.w3.org/2002/07/owl#maxQualifiedCardinality>	"1"
_:N92c93bbcfa8948daba74593ff8831301	<http://www.w3.org/2002/07/owl#onClass>	<http://www.semanticweb.org/magma-core/ontologies/hqdm#offer_for_goods>
_:N92c93bbcfa8948daba74593ff8831301	<http://www.w3.org/2002/07/owl#onProperty>	<http://www.semanticweb.org/magma-core/ontologies/hqdm#consists_of_>
_:N938f888a52ef46a3bbd6a356df12df8b	<http://www.w3.org/1999/02/22-rdf-syntax-ns#type>	<http://www.w3.org/2002/07/owl#Restriction>
_:N938f888a52ef46a3bbd6a356df12df8b	<http://www.w3.org/2002/07/owl#minQualifiedCardinality>	"0"
_:N938f888a52ef46a3bbd6a356df12df8b	<http://www.w3.org/2002/07/owl#onClass>	<http://www.semanticweb.org/magma-core/ontologies/hqdm#ordinary_functional_object>
_:N938f888a52ef46a3bbd6a356df12df8b	<http://www.w3.org/2002/07/owl#onProperty>	<http://www.semanticweb.org/magma-core/ontologies/hqdm#temporal_part_of>
_:N93c3cc27220945fcaf696fe365c3cba5	<http://www.w3.org/1999/02/22-rdf-syntax-ns#type>	<http://www.w3.org/2002/07/owl#Restriction>
_:N93c3cc27220945fcaf696fe365c3cba5	<http://www.w3.org/2002/07/owl#maxQualifiedCardinality>	"1"
_:N93c3cc27220945fcaf696fe365c3cba5	<http://www.w3.org/2002/07/owl#onClass>	<http://www.semanticweb.org/magma-core/ontologies/hqdm#kind_of_physical_quantity>
_:N93c3cc27220945fcaf696fe365c3cba5	<http://www.w3.org/2002/07/owl#onProperty>	<http://www.semanticweb.org/magma-core/ontologies/hqdm#domain>
_:N93cd46b06c954fe1a16568fdfc3c68a4	<http://www.w3.org/1999/02/22-rdf-syntax-ns#type>	<http://www.w3.org/2002/07/owl#Restriction>
_:N93cd46b06c954fe1a16568fdfc3c68a4	<http://www.w3.org/2002/07/owl#minQualifiedCardinality>	"0"
_:N93cd46b06c954fe1a16568fdfc3c68a4	<http://www.w3.org/2002/07/owl#onClass>	<http://www.semanticweb.org/magma-core/ontologies/hqdm#spatio_temporal_extent>
_:N93cd46b06c954fe1a16568fdfc3c68a4	<http://www.w3.org/2002/07/owl#onProperty>	<http://www.semanticweb.org/magma-core/ontologies/hqdm#temporal__part_of>
_:N93fd4465fd224efd91df970c53f545a7	<http://www.w3.org/1999/02/22-rdf-syntax-ns#type>	<http://www.w3.org/2002/07/owl#Restriction>
_:N93fd4465fd224efd91df970c53f545a7	<http://www.w3.org/2002/07/owl#maxQualifiedCardinality>	"1"
_:N93fd4465fd224efd91df970c53f545a7	<http://www.w3.org/2002/07/owl#onClass>	<http://www.semanticweb.org/magma-core/ontologies/hqdm#class>
_:N93fd4465fd224efd91df970c53f545a7	<http://www.w3.org/2002/07/owl#onProperty>	<http://www.semanticweb.org/magma-core/ontologies/hqdm#classifier>
_:N949d44cda5e74e7f90b910b96e8ee71b	<http://www.w3.org/1999/02/22-rdf-syntax-ns#type>	<http://www.w3.org/2002/07/owl#Restriction>
_:N949d44cda5e74e7f90b910b96e8ee71b	<http://www.w3.org/2002/07/owl#minQualifiedCardinality>	"0"
_:N949d44cda5e74e7f90b910b96e8ee71b	<http://www.w3.org/2002/07/owl#onClass>	<http://www.semanticweb.org/magma-core/ontologies/hqdm#class_of_state_of_organization_component>
_:N949d44cda5e74e7f90b910b96e8ee71b	<http://www.w3.org/2002/07/owl#onProperty>	<http://www.semanticweb.org/magma-core/ontologies/hqdm#member_of>
_:N94dc14a7d1614e1d86ead6d272974fcb	<http://www.w3.org/1999/02/22-rdf-syntax-ns#type>	<http://www.w3.org/2002/07/owl#Restriction>
_:N94dc14a7d1614e1d86ead6d272974fcb	<http://www.w3.org/2002/07/owl#minQualifiedCardinality>	"1"
_:N94dc14a7d1614e1d86ead6d272974fcb	<http://www.w3.org/2002/07/owl#onClass>	<http://www.semanticweb.org/magma-core/ontologies/hqdm#party>
_:N94dc14a7d1614e1d86ead6d272974fcb	<http://www.w3.org/2002/07/owl#onProperty>	<http://www.semanticweb.org/magma-core/ontologies/hqdm#offeror>
_:N95862d0edd3542e9b0b07e0953be3d86	<http://www.w3.org/1999/02/22-rdf-syntax-ns#type>	<http://www.w3.org/2002/07/owl#Restriction>
_:N95862d0edd3542e9b0b07e0953be3d86	<http://www.w3.org/2002/07/owl#maxQualifiedCardinality>	"1"
_:N95862d0edd3542e9b0b07e0953be3d86	<http://www.w3.org/2002/07/owl#onClass>	<http://www.semanticweb.org/magma-core/ontologies/hqdm#transfer_of_ownership_of_money>
_:N95862d0edd3542e9b0b07e0953be3d86	<http://www.w3.org/2002/07/owl#onProperty>	<http://www.semanticweb.org/magma-core/ontologies/hqdm#consists_of_>
_:N958848c4aa744078bc4b27c93770ccfe	<http://www.w3.org/1999/02/22-rdf-syntax-ns#type>	<http://www.w3.org/2002/07/owl#Restriction>
_:N958848c4aa744078bc4b27c93770ccfe	<http://www.w3.org/2002/07/owl#minQualifiedCardinality>	"0"
_:N958848c4aa744078bc4b27c93770ccfe	<http://www.w3.org/2002/07/owl#onClass>	<http://www.semanticweb.org/magma-core/ontologies/hqdm#class_of_physical_object>
_:N958848c4aa744078bc4b27c93770ccfe	<http://www.w3.org/2002/07/owl#onProperty>	<http://www.semanticweb.org/magma-core/ontologies/hqdm#member_of>
_:N962a7e177c1e434e9b6874fdc7b17cbf	<http://www.w3.org/1999/02/22-rdf-syntax-ns#type>	<http://www.w3.org/2002/07/owl#Restriction>
_:N962a7e177c1e434e9b6874fdc7b17cbf	<http://www.w3.org/2002/07/owl#minQualifiedCardinality>	"0"
_:N962a7e177c1e434e9b6874fdc7b17cbf	<http://www.w3.org/2002/07/owl#onClass>	<http://www.semanticweb.org/magma-core/ontologies/hqdm#class_of_contract_process>
_:N962a7e177c1e434e9b6874fdc7b17cbf	<http://www.w3.org/2002/07/owl#onProperty>	<http://www.semanticweb.org/magma-core/ontologies/hqdm#part_of_by_class>
_:N97374d54c1454ff5a3283b7580fb858c	<http://www.w3.org/1999/02/22-rdf-syntax-ns#type>	<http://www.w3.org/2002/07/owl#Restriction>
_:N97374d54c1454ff5a3283b7580fb858c	<http://www.w3.org/2002/07/owl#minQualifiedCardinality>	"0"
_:N97374d54c1454ff5a3283b7580fb858c	<http://www.w3.org/2002/07/owl#onClass>	<http://www.semanticweb.org/magma-core/ontologies/hqdm#exchange_of_goods_and_money>
_:N97374d54c1454ff5a3283b7580fb858c	<http://www.w3.org/2002/07/owl#onProperty>	<http://www.semanticweb.org/magma-core/ontologies/hqdm#part_of>
_:N983e18bc4252427a8490ef5f80e494ab	<http://www.w3.org/1999/02/22-rdf-syntax-ns#type>	<http://www.w3.org/2002/07/owl#Restriction>
_:N983e18bc4252427a8490ef5f80e494ab	<http://www.w3.org/2002/07/owl#minQualifiedCardinality>	"0"
_:N983e18bc4252427a8490ef5f80e494ab	<http://www.w3.org/2002/07/owl#onClass>	<http://www.semanticweb.org/magma-core/ontologies/hqdm#kind_of_individual>
_:N983e18bc4252427a8490ef5f80e494ab	<http://www.w3.org/2002/07/owl#onProperty>	<http://www.semanticweb.org/magma-core/ontologies/hqdm#member_of_kind>
_:N98acddbed519426a9ba487818d21ab04	<http://www.w3.org/1999/02/22-rdf-syntax-ns#type>	<http://www.w3.org/2002/07/owl#Restriction>
_:N98acddbed519426a9ba487818d21ab04	<http://www.w3.org/2002/07/owl#minQualifiedCardinality>	"0"
_:N98acddbed519426a9ba487818d21ab04	<http://www.w3.org/2002/07/owl#onClass>	<http://www.semanticweb.org/magma-core/ontologies/hqdm#class_of_period_of_time>
_:N98acddbed519426a9ba487818d21ab04	<http://www.w3.org/2002/07/owl#onProperty>	<http://www.semanticweb.org/magma-core/ontologies/hqdm#member_of>
_:N9904c8e2dcb8403187b5adb2324e7324	<http://www.w3.org/1999/02/22-rdf-syntax-ns#type>	<http://www.w3.org/2002/07/owl#Restriction>
_:N9904c8e2dcb8403187b5adb2324e7324	<http://www.w3.org/2002/07/owl#minQualifiedCardinality>	"1"
_:N9904c8e2dcb8403187b5adb2324e7324	<http://www.w3.org/2002/07/owl#onClass>	<http://www.semanticweb.org/magma-core/ontologies/hqdm#representation_by_pattern>
_:N9904c8e2dcb8403187b5adb2324e7324	<http://www.w3.org/2002/07/owl#onProperty>	<http://www.semanticweb.org/magma-core/ontologies/hqdm#member_of_>
_:N99c0f155e0734f45a24192d9dd6ded5d	<http://www.w3.org/1999/02/22-rdf-syntax-ns#type>	<http://www.w3.org/2002/07/owl#Restriction>
_:N99c0f155e0734f45a24192d9dd6ded5d	<http://www.w3.org/2002/07/owl#minQualifiedCardinality>	"1"
_:N99c0f155e0734f45a24192d9dd6ded5d	<http://www.w3.org/2002/07/owl#onClass>	<http://www.semanticweb.org/magma-core/ontologies/hqdm#sales_product>
_:N99c0f155e0734f45a24192d9dd6ded5d	<http://www.w3.org/2002/07/owl#onProperty>	<http://www.semanticweb.org/magma-core/ontologies/hqdm#class_of_offered>
_:N99f75d88c762417ea29a2388a2365288	<http://www.w3.org/1999/02/22-rdf-syntax-ns#type>	<http://www.w3.org/2002/07/owl#Restriction>
_:N99f75d88c762417ea29a2388a2365288	<http://www.w3.org/2002/07/owl#maxQualifiedCardinality>	"1"
_:N99f75d88c762417ea29a2388a2365288	<http://www.w3.org/2002/07/owl#onClass>	<http://www.semanticweb.org/magma-core/ontologies/hqdm#sale_of_goods>
_:N99f75d88c762417ea29a2388a2365288	<http://www.w3.org/2002/07/owl#onProperty>	<http://www.semanticweb.org/magma-core/ontologies/hqdm#part_of>
_:N9a6629daa2294f1b89f4490171079dfa	<http://www.w3.org/1999/02/22-rdf-syntax-ns#type>	<http://www.w3.org/2002/07/owl#Axiom>
_:N9a6629daa2294f1b89f4490171079dfa	<http://www.w3.org/2000/01/rdf-schema#comment>	"This should be mutually exclusive with a participant_in relationship with association."
_:N9a6629daa2294f1b89f4490171079dfa	<http://www.w3.org/2002/07/owl#annotatedProperty>	<http://www.w3.org/2000/01/rdf-schema#subClassOf>
_:N9a6629daa2294f1b89f4490171079dfa	<http://www.w3.org/2002/07/owl#annotatedSource>	<http://www.semanticweb.org/magma-core/ontologies/hqdm#participant>
_:N9a6629daa2294f1b89f4490171079dfa	<http://www.w3.org/2002/07/owl#annotatedTarget>	_:Nc4a328fb8bb8441cb444604f70e98a33
_:N9a692582e4fa435488a0fbd1cb3795e7	<http://www.w3.org/1999/02/22-rdf-syntax-ns#type>	<http://www.w3.org/2002/07/owl#Restriction>
_:N9a692582e4fa435488a0fbd1cb3795e7	<http://www.w3.org/2002/07/owl#minQualifiedCardinality>	"1"
_:N9a692582e4fa435488a0fbd1cb3795e7	<http://www.w3.org/2002/07/owl#onClass>	<http://www.semanticweb.org/magma-core/ontologies/hqdm#sale_of_goods>
_:N9a692582e4fa435488a0fbd1cb3795e7	<http://www.w3.org/2002/07/owl#onProperty>	<http://www.semanticweb.org/magma-core/ontologies/hqdm#part_of>
_:N9c357b2a84ed42a7abc8f1b4a64e2fbd	<http://www.w3.org/1999/02/22-rdf-syntax-ns#type>	<http://www.w3.org/2002/07/owl#Restriction>
_:N9c357b2a84ed42a7abc8f1b4a64e2fbd	<http://www.w3.org/2002/07/owl#minQualifiedCardinality>	"0"
_:N9c357b2a84ed42a7abc8f1b4a64e2fbd	<http://www.w3.org/2002/07/owl#onClass>	<http://www.semanticweb.org/magma-core/ontologies/hqdm#class_of_reaching_agreement>
_:N9c357b2a84ed42a7abc8f1b4a64e2fbd	<http://www.w3.org/2002/07/owl#onProperty>	<http://www.semanticweb.org/magma-core/ontologies/hqdm#part_of_by_class>
_:N9c54077d32ad46ed8215995a0533a0a3	<http://www.w3.org/1999/02/22-rdf-syntax-ns#type>	<http://www.w3.org/2002/07/owl#Restriction>
_:N9c54077d32ad46ed8215995a0533a0a3	<http://www.w3.org/2002/07/owl#minQualifiedCardinality>	"0"
_:N9c54077d32ad46ed8215995a0533a0a3	<http://www.w3.org/2002/07/owl#onClass>	<http://www.semanticweb.org/magma-core/ontologies/hqdm#class_of_state_of_physical_object>
_:N9c54077d32ad46ed8215995a0533a0a3	<http://www.w3.org/2002/07/owl#onProperty>	<http://www.semanticweb.org/magma-core/ontologies/hqdm#member_of>
_:N9db5d46eb10e44349eaecec36daba2e5	<http://www.w3.org/1999/02/22-rdf-syntax-ns#type>	<http://www.w3.org/2002/07/owl#Restriction>
_:N9db5d46eb10e44349eaecec36daba2e5	<http://www.w3.org/2002/07/owl#minQualifiedCardinality>	"0"
_:N9db5d46eb10e44349eaecec36daba2e5	<http://www.w3.org/2002/07/owl#onClass>	<http://www.semanticweb.org/magma-core/ontologies/hqdm#participant>
_:N9db5d46eb10e44349eaecec36daba2e5	<http://www.w3.org/2002/07/owl#onProperty>	<http://www.semanticweb.org/magma-core/ontologies/hqdm#consists_of_participant>
_:N9de088db03a948858f03b8c02a71953f	<http://www.w3.org/1999/02/22-rdf-syntax-ns#type>	<http://www.w3.org/2002/07/owl#Restriction>
_:N9de088db03a948858f03b8c02a71953f	<http://www.w3.org/2002/07/owl#minQualifiedCardinality>	"1"
_:N9de088db03a948858f03b8c02a71953f	<http://www.w3.org/2002/07/owl#onDataRange>	<http://www.w3.org/2002/07/owl#real>
_:N9de088db03a948858f03b8c02a71953f	<http://www.w3.org/2002/07/owl#onProperty>	<http://www.semanticweb.org/magma-core/ontologies/hqdm#real_value>
_:N9e039c8e0b3746e9974b5cba4f79757d	<http://www.w3.org/1999/02/22-rdf-syntax-ns#type>	<http://www.w3.org/2002/07/owl#Restriction>
_:N9e039c8e0b3746e9974b5cba4f79757d	<http://www.w3.org/2002/07/owl#minQualifiedCardinality>	"1"
_:N9e039c8e0b3746e9974b5cba4f79757d	<http://www.w3.org/2002/07/owl#onClass>	<http://www.semanticweb.org/magma-core/ontologies/hqdm#class_of_individual>
_:N9e039c8e0b3746e9974b5cba4f79757d	<http://www.w3.org/2002/07/owl#onProperty>	<http://www.semanticweb.org/magma-core/ontologies/hqdm#class_of_offered>
_:N9e9bf44fb08e4670b555edbede5f2095	<http://www.w3.org/1999/02/22-rdf-syntax-ns#type>	<http://www.w3.org/2002/07/owl#Restriction>
_:N9e9bf44fb08e4670b555edbede5f2095	<http://www.w3.org/2002/07/owl#maxQualifiedCardinality>	"1"
_:N9e9bf44fb08e4670b555edbede5f2095	<http://www.w3.org/2002/07/owl#onClass>	<http://www.semanticweb.org/magma-core/ontologies/hqdm#employment>
_:N9e9bf44fb08e4670b555edbede5f2095	<http://www.w3.org/2002/07/owl#onProperty>	<http://www.semanticweb.org/magma-core/ontologies/hqdm#participant_in>
_:N9ebc52be879441ff8ceeb41fc951e50a	<http://www.w3.org/1999/02/22-rdf-syntax-ns#first>	<http://www.semanticweb.org/magma-core/ontologies/hqdm#relationship>
_:N9ebc52be879441ff8ceeb41fc951e50a	<http://www.w3.org/1999/02/22-rdf-syntax-ns#rest>	<http://www.w3.org/1999/02/22-rdf-syntax-ns#nil>
_:N9ed68ca1728543cdb934b783bc9311d6	<http://www.w3.org/1999/02/22-rdf-syntax-ns#type>	<http://www.w3.org/2002/07/owl#Restriction>
_:N9ed68ca1728543cdb934b783bc9311d6	<http://www.w3.org/2002/07/owl#minQualifiedCardinality>	"0"
_:N9ed68ca1728543cdb934b783bc9311d6	<http://www.w3.org/2002/07/owl#onClass>	<http://www.semanticweb.org/magma-core/ontologies/hqdm#ordinary_biological_object>
_:N9ed68ca1728543cdb934b783bc9311d6	<http://www.w3.org/2002/07/owl#onProperty>	<http://www.semanticweb.org/magma-core/ontologies/hqdm#temporal_part_of>
_:N9ef9440db525400ba045520909ec1a02	<http://www.w3.org/1999/02/22-rdf-syntax-ns#type>	<http://www.w3.org/2002/07/owl#Restriction>
_:N9ef9440db525400ba045520909ec1a02	<http://www.w3.org/2002/07/owl#minQualifiedCardinality>	"1"
_:N9ef9440db525400ba045520909ec1a02	<http://www.w3.org/2002/07/owl#onClass>	<http://www.semanticweb.org/magma-core/ontologies/hqdm#kind_of_association>
_:N9ef9440db525400ba045520909ec1a02	<http://www.w3.org/2002/07/owl#onProperty>	<http://www.semanticweb.org/magma-core/ontologies/hqdm#member_of_kind>
_:N9fdf6ed28000439eb712bcd329df5ed9	<http://www.w3.org/1999/02/22-rdf-syntax-ns#type>	<http://www.w3.org/2002/07/owl#Restriction>
_:N9fdf6ed28000439eb712bcd329df5ed9	<http://www.w3.org/2002/07/owl#minQualifiedCardinality>	"1"
_:N9fdf6ed28000439eb712bcd329df5ed9	<http://www.w3.org/2002/07/owl#onClass>	<http://www.semanticweb.org/magma-core/ontologies/hqdm#sales_product>
_:N9fdf6ed28000439eb712bcd329df5ed9	<http://www.w3.org/2002/07/owl#onProperty>	<http://www.semanticweb.org/magma-core/ontologies/hqdm#sold_as>
_:Na0d5b260491e4c1a890b4a80f4e46f89	<http://www.w3.org/1999/02/22-rdf-syntax-ns#type>	<http://www.w3.org/2002/07/owl#Restriction>
_:Na0d5b260491e4c1a890b4a80f4e46f89	<http://www.w3.org/2002/07/owl#minQualifiedCardinality>	"1"
_:Na0d5b260491e4c1a890b4a80f4e46f89	<http://www.w3.org/2002/07/owl#onClass>	<http://www.semanticweb.org/magma-core/ontologies/hqdm#asset>
_:Na0d5b260491e4c1a890b4a80f4e46f89	<http://www.w3.org/2002/07/owl#onProperty>	<http://www.semanticweb.org/magma-core/ontologies/hqdm#references>
_:Na0df2176a79a43aca54d1767aa669bb7	<http://www.w3.org/1999/02/22-rdf-syntax-ns#type>	<http://www.w3.org/2002/07/owl#Restriction>
_:Na0df2176a79a43aca54d1767aa669bb7	<http://www.w3.org/2002/07/owl#minQualifiedCardinality>	"0"
_:Na0df2176a79a43aca54d1767aa669bb7	<http://www.w3.org/2002/07/owl#onClass>	<http://www.semanticweb.org/magma-core/ontologies/hqdm#biological_object>
_:Na0df2176a79a43aca54d1767aa669bb7	<http://www.w3.org/2002/07/owl#onProperty>	<http://www.semanticweb.org/magma-core/ontologies/hqdm#temporal_part_of>
_:Na12dfbdc545c4580b131cfb72632d947	<http://www.w3.org/1999/02/22-rdf-syntax-ns#type>	<http://www.w3.org/2002/07/owl#Restriction>
_:Na12dfbdc545c4580b131cfb72632d947	<http://www.w3.org/2002/07/owl#minQualifiedCardinality>	"0"
_:Na12dfbdc545c4580b131cfb72632d947	<http://www.w3.org/2002/07/owl#onClass>	<http://www.semanticweb.org/magma-core/ontologies/hqdm#class_of_state_of_system>
_:Na12dfbdc545c4580b131cfb72632d947	<http://www.w3.org/2002/07/owl#onProperty>	<http://www.semanticweb.org/magma-core/ontologies/hqdm#member_of>
_:Na2077ef202ba42c6a27ebc7dcd2b61cb	<http://www.w3.org/1999/02/22-rdf-syntax-ns#type>	<http://www.w3.org/2002/07/owl#Restriction>
_:Na2077ef202ba42c6a27ebc7dcd2b61cb	<http://www.w3.org/2002/07/owl#minQualifiedCardinality>	"0"
_:Na2077ef202ba42c6a27ebc7dcd2b61cb	<http://www.w3.org/2002/07/owl#onClass>	<http://www.semanticweb.org/magma-core/ontologies/hqdm#kind_of_person>
_:Na2077ef202ba42c6a27ebc7dcd2b61cb	<http://www.w3.org/2002/07/owl#onProperty>	<http://www.semanticweb.org/magma-core/ontologies/hqdm#member_of_kind>
_:Na3c3e40ef174478caef13eeddbe02ff5	<http://www.w3.org/1999/02/22-rdf-syntax-ns#first>	<http://www.semanticweb.org/magma-core/ontologies/hqdm#classification>
_:Na3c3e40ef174478caef13eeddbe02ff5	<http://www.w3.org/1999/02/22-rdf-syntax-ns#rest>	_:N6de32ce78c314ae3a1608d5c48b072b4
_:Na55b50837f47475cb83b99606e04b299	<http://www.w3.org/1999/02/22-rdf-syntax-ns#type>	<http://www.w3.org/2002/07/owl#Restriction>
_:Na55b50837f47475cb83b99606e04b299	<http://www.w3.org/2002/07/owl#maxQualifiedCardinality>	"1"
_:Na55b50837f47475cb83b99606e04b299	<http://www.w3.org/2002/07/owl#onDataRange>	<http://www.w3.org/2001/XMLSchema#float>
_:Na55b50837f47475cb83b99606e04b299	<http://www.w3.org/2002/07/owl#onProperty>	<http://www.semanticweb.org/magma-core/ontologies/hqdm#real_value>
_:Na69008e0c58f4126bcf18619f1cd06c4	<http://www.w3.org/1999/02/22-rdf-syntax-ns#type>	<http://www.w3.org/2002/07/owl#Restriction>
_:Na69008e0c58f4126bcf18619f1cd06c4	<http://www.w3.org/2002/07/owl#minQualifiedCardinality>	"0"
_:Na69008e0c58f4126bcf18619f1cd06c4	<http://www.w3.org/2002/07/owl#onClass>	<http://www.semanticweb.org/magma-core/ontologies/hqdm#class_of_functional_system>
_:Na69008e0c58f4126bcf18619f1cd06c4	<http://www.w3.org/2002/07/owl#onProperty>	<http://www.semanticweb.org/magma-core/ontologies/hqdm#member_of>
_:Na73534e50f314dfbb097777b2ab0c7cf	<http://www.w3.org/1999/02/22-rdf-syntax-ns#type>	<http://www.w3.org/2002/07/owl#Restriction>
_:Na73534e50f314dfbb097777b2ab0c7cf	<http://www.w3.org/2002/07/owl#minQualifiedCardinality>	"1"
_:Na73534e50f314dfbb097777b2ab0c7cf	<http://www.w3.org/2002/07/owl#onClass>	<http://www.semanticweb.org/magma-core/ontologies/hqdm#kind_of_functional_system_component>
_:Na73534e50f314dfbb097777b2ab0c7cf	<http://www.w3.org/2002/07/owl#onProperty>	<http://www.semanticweb.org/magma-core/ontologies/hqdm#has_component_by_class>
_:Na8958f0791344d3cb8b9911a0198341b	<http://www.w3.org/1999/02/22-rdf-syntax-ns#type>	<http://www.w3.org/2002/07/owl#Restriction>
_:Na8958f0791344d3cb8b9911a0198341b	<http://www.w3.org/2002/07/owl#minQualifiedCardinality>	"1"
_:Na8958f0791344d3cb8b9911a0198341b	<http://www.w3.org/2002/07/owl#onClass>	<http://www.semanticweb.org/magma-core/ontologies/hqdm#transfer_of_ownership_of_money>
_:Na8958f0791344d3cb8b9911a0198341b	<http://www.w3.org/2002/07/owl#onProperty>	<http://www.semanticweb.org/magma-core/ontologies/hqdm#consists_of_>
_:Naa3e5eab433f441db1cdd1174b7fbd98	<http://www.w3.org/1999/02/22-rdf-syntax-ns#type>	<http://www.w3.org/2002/07/owl#Restriction>
_:Naa3e5eab433f441db1cdd1174b7fbd98	<http://www.w3.org/2002/07/owl#minQualifiedCardinality>	"0"
_:Naa3e5eab433f441db1cdd1174b7fbd98	<http://www.w3.org/2002/07/owl#onClass>	<http://www.semanticweb.org/magma-core/ontologies/hqdm#organization_component>
_:Naa3e5eab433f441db1cdd1174b7fbd98	<http://www.w3.org/2002/07/owl#onProperty>	<http://www.semanticweb.org/magma-core/ontologies/hqdm#temporal_part_of>
_:Naae8e7846b814631ae6dae0fb6db4d43	<http://www.w3.org/1999/02/22-rdf-syntax-ns#type>	<http://www.w3.org/2002/07/owl#Restriction>
_:Naae8e7846b814631ae6dae0fb6db4d43	<http://www.w3.org/2002/07/owl#minQualifiedCardinality>	"0"
_:Naae8e7846b814631ae6dae0fb6db4d43	<http://www.w3.org/2002/07/owl#onClass>	<http://www.semanticweb.org/magma-core/ontologies/hqdm#class_of_state_of_socially_constructed_object>
_:Naae8e7846b814631ae6dae0fb6db4d43	<http://www.w3.org/2002/07/owl#onProperty>	<http://www.semanticweb.org/magma-core/ontologies/hqdm#member_of>
_:Nab72a39171a34df48631603b2619ca8e	<http://www.w3.org/1999/02/22-rdf-syntax-ns#type>	<http://www.w3.org/2002/07/owl#Restriction>
_:Nab72a39171a34df48631603b2619ca8e	<http://www.w3.org/2002/07/owl#minQualifiedCardinality>	"0"
_:Nab72a39171a34df48631603b2619ca8e	<http://www.w3.org/2002/07/owl#onClass>	<http://www.semanticweb.org/magma-core/ontologies/hqdm#class_of_sales_product_instance>
_:Nab72a39171a34df48631603b2619ca8e	<http://www.w3.org/2002/07/owl#onProperty>	<http://www.semanticweb.org/magma-core/ontologies/hqdm#member_of>
_:Nabd40f65c5cb4738bbe84d6627ea06e2	<http://www.w3.org/1999/02/22-rdf-syntax-ns#type>	<http://www.w3.org/2002/07/owl#Restriction>
_:Nabd40f65c5cb4738bbe84d6627ea06e2	<http://www.w3.org/2002/07/owl#minQualifiedCardinality>	"0"
_:Nabd40f65c5cb4738bbe84d6627ea06e2	<http://www.w3.org/2002/07/owl#onClass>	<http://www.semanticweb.org/magma-core/ontologies/hqdm#class_of_event>
_:Nabd40f65c5cb4738bbe84d6627ea06e2	<http://www.w3.org/2002/07/owl#onProperty>	<http://www.semanticweb.org/magma-core/ontologies/hqdm#causes_by_class>
_:Nac4a9064283c460b92e650bc8cc1b40b	<http://www.w3.org/1999/02/22-rdf-syntax-ns#type>	<http://www.w3.org/2002/07/owl#Restriction>
_:Nac4a9064283c460b92e650bc8cc1b40b	<http://www.w3.org/2002/07/owl#minQualifiedCardinality>	"1"
_:Nac4a9064283c460b92e650bc8cc1b40b	<http://www.w3.org/2002/07/owl#onClass>	<http://www.semanticweb.org/magma-core/ontologies/hqdm#transfer_of_ownership>
_:Nac4a9064283c460b92e650bc8cc1b40b	<http://www.w3.org/2002/07/owl#onProperty>	<http://www.semanticweb.org/magma-core/ontologies/hqdm#consists_of>
_:Nae04d7d59db74eb9b25a549b23690a5f	<http://www.w3.org/1999/02/22-rdf-syntax-ns#type>	<http://www.w3.org/2002/07/owl#Restriction>
_:Nae04d7d59db74eb9b25a549b23690a5f	<http://www.w3.org/2002/07/owl#maxQualifiedCardinality>	"1"
_:Nae04d7d59db74eb9b25a549b23690a5f	<http://www.w3.org/2002/07/owl#onClass>	<http://www.semanticweb.org/magma-core/ontologies/hqdm#spatio_temporal_extent>
_:Nae04d7d59db74eb9b25a549b23690a5f	<http://www.w3.org/2002/07/owl#onProperty>	<http://www.semanticweb.org/magma-core/ontologies/hqdm#hasPart>
_:Naeebd7132a904372a5def5071597451e	<http://www.w3.org/1999/02/22-rdf-syntax-ns#type>	<http://www.w3.org/2002/07/owl#Restriction>
_:Naeebd7132a904372a5def5071597451e	<http://www.w3.org/2002/07/owl#minQualifiedCardinality>	"2"
_:Naeebd7132a904372a5def5071597451e	<http://www.w3.org/2002/07/owl#onClass>	<http://www.semanticweb.org/magma-core/ontologies/hqdm#class>
_:Naeebd7132a904372a5def5071597451e	<http://www.w3.org/2002/07/owl#onProperty>	<http://www.semanticweb.org/magma-core/ontologies/hqdm#roles>
_:Nb035795253f74e0cac6c6f379568da0c	<http://www.w3.org/1999/02/22-rdf-syntax-ns#type>	<http://www.w3.org/2002/07/owl#Restriction>
_:Nb035795253f74e0cac6c6f379568da0c	<http://www.w3.org/2002/07/owl#minCardinality>	"0"
_:Nb035795253f74e0cac6c6f379568da0c	<http://www.w3.org/2002/07/owl#onProperty>	<http://www.semanticweb.org/magma-core/ontologies/hqdm#data_Comment>
_:Nb0889dcfcbbb4eefa4a4663cfa943bab	<http://www.w3.org/1999/02/22-rdf-syntax-ns#type>	<http://www.w3.org/2002/07/owl#Restriction>
_:Nb0889dcfcbbb4eefa4a4663cfa943bab	<http://www.w3.org/2002/07/owl#minQualifiedCardinality>	"0"
_:Nb0889dcfcbbb4eefa4a4663cfa943bab	<http://www.w3.org/2002/07/owl#onClass>	<http://www.semanticweb.org/magma-core/ontologies/hqdm#class_of_state_of_system_component>
_:Nb0889dcfcbbb4eefa4a4663cfa943bab	<http://www.w3.org/2002/07/owl#onProperty>	<http://www.semanticweb.org/magma-core/ontologies/hqdm#member_of>
_:Nb16cdcd99cd1488f835ed4c6658aa6e0	<http://www.w3.org/1999/02/22-rdf-syntax-ns#type>	<http://www.w3.org/2002/07/owl#Restriction>
_:Nb16cdcd99cd1488f835ed4c6658aa6e0	<http://www.w3.org/2002/07/owl#maxQualifiedCardinality>	"1"
_:Nb16cdcd99cd1488f835ed4c6658aa6e0	<http://www.w3.org/2002/07/owl#onClass>	<http://www.semanticweb.org/magma-core/ontologies/hqdm#reaching_agreement>
_:Nb16cdcd99cd1488f835ed4c6658aa6e0	<http://www.w3.org/2002/07/owl#onProperty>	<http://www.semanticweb.org/magma-core/ontologies/hqdm#consists_of>
_:Nb328361ca3e9472fa45e2f009636a769	<http://www.w3.org/1999/02/22-rdf-syntax-ns#type>	<http://www.w3.org/2002/07/owl#Restriction>
_:Nb328361ca3e9472fa45e2f009636a769	<http://www.w3.org/2002/07/owl#minQualifiedCardinality>	"0"
_:Nb328361ca3e9472fa45e2f009636a769	<http://www.w3.org/2002/07/owl#onClass>	<http://www.semanticweb.org/magma-core/ontologies/hqdm#class_of_state_of_functional_system>
_:Nb328361ca3e9472fa45e2f009636a769	<http://www.w3.org/2002/07/owl#onProperty>	<http://www.semanticweb.org/magma-core/ontologies/hqdm#member_of>
_:Nb3787d0cf0f946f9a0b30e23e01cbdfe	<http://www.w3.org/1999/02/22-rdf-syntax-ns#type>	<http://www.w3.org/2002/07/owl#Restriction>
_:Nb3787d0cf0f946f9a0b30e23e01cbdfe	<http://www.w3.org/2002/07/owl#maxQualifiedCardinality>	"1"
_:Nb3787d0cf0f946f9a0b30e23e01cbdfe	<http://www.w3.org/2002/07/owl#onClass>	<http://www.semanticweb.org/magma-core/ontologies/hqdm#physical_quantity>
_:Nb3787d0cf0f946f9a0b30e23e01cbdfe	<http://www.w3.org/2002/07/owl#onProperty>	<http://www.semanticweb.org/magma-core/ontologies/hqdm#represented>
_:Nb37f7126b5f1494a89151f059a1f643d	<http://www.w3.org/1999/02/22-rdf-syntax-ns#type>	<http://www.w3.org/2002/07/owl#Restriction>
_:Nb37f7126b5f1494a89151f059a1f643d	<http://www.w3.org/2002/07/owl#minQualifiedCardinality>	"0"
_:Nb37f7126b5f1494a89151f059a1f643d	<http://www.w3.org/2002/07/owl#onClass>	<http://www.semanticweb.org/magma-core/ontologies/hqdm#owner>
_:Nb37f7126b5f1494a89151f059a1f643d	<http://www.w3.org/2002/07/owl#onProperty>	<http://www.semanticweb.org/magma-core/ontologies/hqdm#temporal_part_of>
_:Nb42648fa4bf14e61960da169ef3c5057	<http://www.w3.org/1999/02/22-rdf-syntax-ns#type>	<http://www.w3.org/2002/07/owl#Restriction>
_:Nb42648fa4bf14e61960da169ef3c5057	<http://www.w3.org/2002/07/owl#minQualifiedCardinality>	"1"
_:Nb42648fa4bf14e61960da169ef3c5057	<http://www.w3.org/2002/07/owl#onClass>	<http://www.semanticweb.org/magma-core/ontologies/hqdm#class>
_:Nb42648fa4bf14e61960da169ef3c5057	<http://www.w3.org/2002/07/owl#onProperty>	<http://www.semanticweb.org/magma-core/ontologies/hqdm#subclass>
_:Nb4e8a74e1c13404bb5dac369e788c18c	<http://www.w3.org/1999/02/22-rdf-syntax-ns#type>	<http://www.w3.org/2002/07/owl#Restriction>
_:Nb4e8a74e1c13404bb5dac369e788c18c	<http://www.w3.org/2002/07/owl#minQualifiedCardinality>	"0"
_:Nb4e8a74e1c13404bb5dac369e788c18c	<http://www.w3.org/2002/07/owl#onClass>	<http://www.semanticweb.org/magma-core/ontologies/hqdm#kind_of_activity>
_:Nb4e8a74e1c13404bb5dac369e788c18c	<http://www.w3.org/2002/07/owl#onProperty>	<http://www.semanticweb.org/magma-core/ontologies/hqdm#part_of_by_class>
_:Nb574bfb8a1e246fd8e2ce9e1d8af57f5	<http://www.w3.org/1999/02/22-rdf-syntax-ns#type>	<http://www.w3.org/2002/07/owl#Restriction>
_:Nb574bfb8a1e246fd8e2ce9e1d8af57f5	<http://www.w3.org/2002/07/owl#maxQualifiedCardinality>	"1"
_:Nb574bfb8a1e246fd8e2ce9e1d8af57f5	<http://www.w3.org/2002/07/owl#onClass>	<http://www.semanticweb.org/magma-core/ontologies/hqdm#class>
_:Nb574bfb8a1e246fd8e2ce9e1d8af57f5	<http://www.w3.org/2002/07/owl#onProperty>	<http://www.semanticweb.org/magma-core/ontologies/hqdm#subclass>
_:Nb5a1838215e74571a6224643ddd5bc17	<http://www.w3.org/1999/02/22-rdf-syntax-ns#type>	<http://www.w3.org/2002/07/owl#Restriction>
_:Nb5a1838215e74571a6224643ddd5bc17	<http://www.w3.org/2002/07/owl#minQualifiedCardinality>	"1"
_:Nb5a1838215e74571a6224643ddd5bc17	<http://www.w3.org/2002/07/owl#onClass>	<http://www.semanticweb.org/magma-core/ontologies/hqdm#contract_execution>
_:Nb5a1838215e74571a6224643ddd5bc17	<http://www.w3.org/2002/07/owl#onProperty>	<http://www.semanticweb.org/magma-core/ontologies/hqdm#consists_of_>
_:Nb7ae69f6c64c40739af5ac7616e4d542	<http://www.w3.org/1999/02/22-rdf-syntax-ns#type>	<http://www.w3.org/2002/07/owl#Restriction>
_:Nb7ae69f6c64c40739af5ac7616e4d542	<http://www.w3.org/2002/07/owl#minQualifiedCardinality>	"0"
_:Nb7ae69f6c64c40739af5ac7616e4d542	<http://www.w3.org/2002/07/owl#onClass>	<http://www.semanticweb.org/magma-core/ontologies/hqdm#intentionally_constructed_object>
_:Nb7ae69f6c64c40739af5ac7616e4d542	<http://www.w3.org/2002/07/owl#onProperty>	<http://www.semanticweb.org/magma-core/ontologies/hqdm#temporal_part_of>
_:Nb7d22a66e75540b4b6aebbc96f383f6f	<http://www.w3.org/1999/02/22-rdf-syntax-ns#type>	<http://www.w3.org/2002/07/owl#Restriction>
_:Nb7d22a66e75540b4b6aebbc96f383f6f	<http://www.w3.org/2002/07/owl#minQualifiedCardinality>	"1"
_:Nb7d22a66e75540b4b6aebbc96f383f6f	<http://www.w3.org/2002/07/owl#onClass>	<http://www.semanticweb.org/magma-core/ontologies/hqdm#contract_process>
_:Nb7d22a66e75540b4b6aebbc96f383f6f	<http://www.w3.org/2002/07/owl#onProperty>	<http://www.semanticweb.org/magma-core/ontologies/hqdm#part_of>
_:Nb826b07486764e88897e63e54630d8f3	<http://www.w3.org/1999/02/22-rdf-syntax-ns#type>	<http://www.w3.org/2002/07/owl#Restriction>
_:Nb826b07486764e88897e63e54630d8f3	<http://www.w3.org/2002/07/owl#minQualifiedCardinality>	"0"
_:Nb826b07486764e88897e63e54630d8f3	<http://www.w3.org/2002/07/owl#onClass>	<http://www.semanticweb.org/magma-core/ontologies/hqdm#representation_by_sign>
_:Nb826b07486764e88897e63e54630d8f3	<http://www.w3.org/2002/07/owl#onProperty>	<http://www.semanticweb.org/magma-core/ontologies/hqdm#participant_in>
_:Nb866bb69266a434aa49cb8736ab2be86	<http://www.w3.org/1999/02/22-rdf-syntax-ns#type>	<http://www.w3.org/2002/07/owl#Restriction>
_:Nb866bb69266a434aa49cb8736ab2be86	<http://www.w3.org/2002/07/owl#minQualifiedCardinality>	"1"
_:Nb866bb69266a434aa49cb8736ab2be86	<http://www.w3.org/2002/07/owl#onClass>	<http://www.semanticweb.org/magma-core/ontologies/hqdm#organization>
_:Nb866bb69266a434aa49cb8736ab2be86	<http://www.w3.org/2002/07/owl#onProperty>	<http://www.semanticweb.org/magma-core/ontologies/hqdm#component_of>
_:Nb93b5fe601d04eb291a0de67866f17e8	<http://www.w3.org/1999/02/22-rdf-syntax-ns#type>	<http://www.w3.org/2002/07/owl#Restriction>
_:Nb93b5fe601d04eb291a0de67866f17e8	<http://www.w3.org/2002/07/owl#maxQualifiedCardinality>	"1"
_:Nb93b5fe601d04eb291a0de67866f17e8	<http://www.w3.org/2002/07/owl#onClass>	<http://www.semanticweb.org/magma-core/ontologies/hqdm#exchange_of_goods_and_money>
_:Nb93b5fe601d04eb291a0de67866f17e8	<http://www.w3.org/2002/07/owl#onProperty>	<http://www.semanticweb.org/magma-core/ontologies/hqdm#part_of>
_:Nba0e93442e4a4e87b29130a8df9821b0	<http://www.w3.org/1999/02/22-rdf-syntax-ns#type>	<http://www.w3.org/2002/07/owl#Restriction>
_:Nba0e93442e4a4e87b29130a8df9821b0	<http://www.w3.org/2002/07/owl#minQualifiedCardinality>	"1"
_:Nba0e93442e4a4e87b29130a8df9821b0	<http://www.w3.org/2002/07/owl#onClass>	<http://www.semanticweb.org/magma-core/ontologies/hqdm#transferor>
_:Nba0e93442e4a4e87b29130a8df9821b0	<http://www.w3.org/2002/07/owl#onProperty>	<http://www.semanticweb.org/magma-core/ontologies/hqdm#consists_of_participant>
_:Nbbf3d109036c44e492c87054fe74b9b9	<http://www.w3.org/1999/02/22-rdf-syntax-ns#type>	<http://www.w3.org/2002/07/owl#Restriction>
_:Nbbf3d109036c44e492c87054fe74b9b9	<http://www.w3.org/2002/07/owl#maxQualifiedCardinality>	"1"
_:Nbbf3d109036c44e492c87054fe74b9b9	<http://www.w3.org/2002/07/owl#onClass>	<http://www.semanticweb.org/magma-core/ontologies/hqdm#contract_process>
_:Nbbf3d109036c44e492c87054fe74b9b9	<http://www.w3.org/2002/07/owl#onProperty>	<http://www.semanticweb.org/magma-core/ontologies/hqdm#part_of>
_:Nbc41e79e47fd48a79371c681511858a9	<http://www.w3.org/1999/02/22-rdf-syntax-ns#type>	<http://www.w3.org/2002/07/owl#Restriction>
_:Nbc41e79e47fd48a79371c681511858a9	<http://www.w3.org/2002/07/owl#minQualifiedCardinality>	"0"
_:Nbc41e79e47fd48a79371c681511858a9	<http://www.w3.org/2002/07/owl#onClass>	<http://www.semanticweb.org/magma-core/ontologies/hqdm#kind_of_biological_object>
_:Nbc41e79e47fd48a79371c681511858a9	<http://www.w3.org/2002/07/owl#onProperty>	<http://www.semanticweb.org/magma-core/ontologies/hqdm#member_of_kind>
_:Nbc824756704b467f8c02110a5cb46c3a	<http://www.w3.org/1999/02/22-rdf-syntax-ns#type>	<http://www.w3.org/2002/07/owl#Restriction>
_:Nbc824756704b467f8c02110a5cb46c3a	<http://www.w3.org/2002/07/owl#maxQualifiedCardinality>	"1"
_:Nbc824756704b467f8c02110a5cb46c3a	<http://www.w3.org/2002/07/owl#onClass>	<http://www.semanticweb.org/magma-core/ontologies/hqdm#beginning_of_ownership>
_:Nbc824756704b467f8c02110a5cb46c3a	<http://www.w3.org/2002/07/owl#onProperty>	<http://www.semanticweb.org/magma-core/ontologies/hqdm#causes_beginning>
_:Nbe62de93442a4279bab49ce00363d845	<http://www.w3.org/1999/02/22-rdf-syntax-ns#type>	<http://www.w3.org/2002/07/owl#Restriction>
_:Nbe62de93442a4279bab49ce00363d845	<http://www.w3.org/2002/07/owl#maxQualifiedCardinality>	"1"
_:Nbe62de93442a4279bab49ce00363d845	<http://www.w3.org/2002/07/owl#onClass>	<http://www.semanticweb.org/magma-core/ontologies/hqdm#sales_product>
_:Nbe62de93442a4279bab49ce00363d845	<http://www.w3.org/2002/07/owl#onProperty>	<http://www.semanticweb.org/magma-core/ontologies/hqdm#class_of_offered>
_:Nbea4cd2f92fd44ee9e0cd216139b7372	<http://www.w3.org/1999/02/22-rdf-syntax-ns#type>	<http://www.w3.org/2002/07/owl#Restriction>
_:Nbea4cd2f92fd44ee9e0cd216139b7372	<http://www.w3.org/2002/07/owl#minQualifiedCardinality>	"0"
_:Nbea4cd2f92fd44ee9e0cd216139b7372	<http://www.w3.org/2002/07/owl#onClass>	<http://www.semanticweb.org/magma-core/ontologies/hqdm#biological_system_component>
_:Nbea4cd2f92fd44ee9e0cd216139b7372	<http://www.w3.org/2002/07/owl#onProperty>	<http://www.semanticweb.org/magma-core/ontologies/hqdm#temporal_part_of>
_:Nbef0fceff2654a67972dbb084e732fb5	<http://www.w3.org/1999/02/22-rdf-syntax-ns#type>	<http://www.w3.org/2002/07/owl#Restriction>
_:Nbef0fceff2654a67972dbb084e732fb5	<http://www.w3.org/2002/07/owl#minQualifiedCardinality>	"0"
_:Nbef0fceff2654a67972dbb084e732fb5	<http://www.w3.org/2002/07/owl#onClass>	<http://www.semanticweb.org/magma-core/ontologies/hqdm#class_of_class>
_:Nbef0fceff2654a67972dbb084e732fb5	<http://www.w3.org/2002/07/owl#onProperty>	<http://www.semanticweb.org/magma-core/ontologies/hqdm#member_of>
_:Nbf1211097f334837a74f5c9e0f8b793c	<http://www.w3.org/1999/02/22-rdf-syntax-ns#type>	<http://www.w3.org/2002/07/owl#Restriction>
_:Nbf1211097f334837a74f5c9e0f8b793c	<http://www.w3.org/2002/07/owl#minQualifiedCardinality>	"0"
_:Nbf1211097f334837a74f5c9e0f8b793c	<http://www.w3.org/2002/07/owl#onClass>	<http://www.semanticweb.org/magma-core/ontologies/hqdm#class>
_:Nbf1211097f334837a74f5c9e0f8b793c	<http://www.w3.org/2002/07/owl#onProperty>	<http://www.semanticweb.org/magma-core/ontologies/hqdm#determines_by_class>
_:Nbf599f7f5352498fbf79cd5e45dc5881	<http://www.w3.org/1999/02/22-rdf-syntax-ns#type>	<http://www.w3.org/2002/07/owl#Restriction>
_:Nbf599f7f5352498fbf79cd5e45dc5881	<http://www.w3.org/2002/07/owl#minQualifiedCardinality>	"1"
_:Nbf599f7f5352498fbf79cd5e45dc5881	<http://www.w3.org/2002/07/owl#onClass>	<http://www.semanticweb.org/magma-core/ontologies/hqdm#physical_quantity>
_:Nbf599f7f5352498fbf79cd5e45dc5881	<http://www.w3.org/2002/07/owl#onProperty>	<http://www.semanticweb.org/magma-core/ontologies/hqdm#represented>
_:Nbf95268748b949ffad16002303264647	<http://www.w3.org/1999/02/22-rdf-syntax-ns#type>	<http://www.w3.org/2002/07/owl#Restriction>
_:Nbf95268748b949ffad16002303264647	<http://www.w3.org/2002/07/owl#minQualifiedCardinality>	"0"
_:Nbf95268748b949ffad16002303264647	<http://www.w3.org/2002/07/owl#onClass>	<http://www.semanticweb.org/magma-core/ontologies/hqdm#class_of_relationship>
_:Nbf95268748b949ffad16002303264647	<http://www.w3.org/2002/07/owl#onProperty>	<http://www.semanticweb.org/magma-core/ontologies/hqdm#member_of>
_:Nc08f1c4ef63d43688ac92568afacbe48	<http://www.w3.org/1999/02/22-rdf-syntax-ns#type>	<http://www.w3.org/2002/07/owl#Restriction>
_:Nc08f1c4ef63d43688ac92568afacbe48	<http://www.w3.org/2002/07/owl#minQualifiedCardinality>	"0"
_:Nc08f1c4ef63d43688ac92568afacbe48	<http://www.w3.org/2002/07/owl#onClass>	<http://www.semanticweb.org/magma-core/ontologies/hqdm#system>
_:Nc08f1c4ef63d43688ac92568afacbe48	<http://www.w3.org/2002/07/owl#onProperty>	<http://www.semanticweb.org/magma-core/ontologies/hqdm#temporal_part_of>
_:Nc14ef4c57450417abccba38a3ee0cb0f	<http://www.w3.org/1999/02/22-rdf-syntax-ns#type>	<http://www.w3.org/2002/07/owl#Restriction>
_:Nc14ef4c57450417abccba38a3ee0cb0f	<http://www.w3.org/2002/07/owl#maxQualifiedCardinality>	"1"
_:Nc14ef4c57450417abccba38a3ee0cb0f	<http://www.w3.org/2002/07/owl#onClass>	<http://www.semanticweb.org/magma-core/ontologies/hqdm#ownership>
_:Nc14ef4c57450417abccba38a3ee0cb0f	<http://www.w3.org/2002/07/owl#onProperty>	<http://www.semanticweb.org/magma-core/ontologies/hqdm#participant_in>
_:Nc292565c6b89422b90b592ba5019b779	<http://www.w3.org/1999/02/22-rdf-syntax-ns#type>	<http://www.w3.org/2002/07/owl#Restriction>
_:Nc292565c6b89422b90b592ba5019b779	<http://www.w3.org/2002/07/owl#minQualifiedCardinality>	"0"
_:Nc292565c6b89422b90b592ba5019b779	<http://www.w3.org/2002/07/owl#onClass>	<http://www.semanticweb.org/magma-core/ontologies/hqdm#class_of_state_of_ordinary_physical_object>
_:Nc292565c6b89422b90b592ba5019b779	<http://www.w3.org/2002/07/owl#onProperty>	<http://www.semanticweb.org/magma-core/ontologies/hqdm#member_of>
_:Nc341b6993d0746c3ac68a0a7a481d81f	<http://www.w3.org/1999/02/22-rdf-syntax-ns#type>	<http://www.w3.org/2002/07/owl#Restriction>
_:Nc341b6993d0746c3ac68a0a7a481d81f	<http://www.w3.org/2002/07/owl#minQualifiedCardinality>	"0"
_:Nc341b6993d0746c3ac68a0a7a481d81f	<http://www.w3.org/2002/07/owl#onClass>	<http://www.semanticweb.org/magma-core/ontologies/hqdm#class_of_point_in_time>
_:Nc341b6993d0746c3ac68a0a7a481d81f	<http://www.w3.org/2002/07/owl#onProperty>	<http://www.semanticweb.org/magma-core/ontologies/hqdm#member_of>
_:Nc3804afd6f4042e2b7182c791b55b370	<http://www.w3.org/1999/02/22-rdf-syntax-ns#type>	<http://www.w3.org/2002/07/owl#Restriction>
_:Nc3804afd6f4042e2b7182c791b55b370	<http://www.w3.org/2002/07/owl#minQualifiedCardinality>	"0"
_:Nc3804afd6f4042e2b7182c791b55b370	<http://www.w3.org/2002/07/owl#onClass>	<http://www.semanticweb.org/magma-core/ontologies/hqdm#activity>
_:Nc3804afd6f4042e2b7182c791b55b370	<http://www.w3.org/2002/07/owl#onProperty>	<http://www.semanticweb.org/magma-core/ontologies/hqdm#consists_of>
_:Nc4a328fb8bb8441cb444604f70e98a33	<http://www.w3.org/1999/02/22-rdf-syntax-ns#type>	<http://www.w3.org/2002/07/owl#Restriction>
_:Nc4a328fb8bb8441cb444604f70e98a33	<http://www.w3.org/2002/07/owl#minQualifiedCardinality>	"0"
_:Nc4a328fb8bb8441cb444604f70e98a33	<http://www.w3.org/2002/07/owl#onClass>	<http://www.semanticweb.org/magma-core/ontologies/hqdm#activity>
_:Nc4a328fb8bb8441cb444604f70e98a33	<http://www.w3.org/2002/07/owl#onProperty>	<http://www.semanticweb.org/magma-core/ontologies/hqdm#participant_in>
_:Nc4efbf98b2c842c590204234d62905be	<http://www.w3.org/1999/02/22-rdf-syntax-ns#type>	<http://www.w3.org/2002/07/owl#Restriction>
_:Nc4efbf98b2c842c590204234d62905be	<http://www.w3.org/2002/07/owl#minQualifiedCardinality>	"0"
_:Nc4efbf98b2c842c590204234d62905be	<http://www.w3.org/2002/07/owl#onClass>	<http://www.semanticweb.org/magma-core/ontologies/hqdm#functional_system_component>
_:Nc4efbf98b2c842c590204234d62905be	<http://www.w3.org/2002/07/owl#onProperty>	<http://www.semanticweb.org/magma-core/ontologies/hqdm#temporal_part_of>
_:Nc628db2fbb4a49e4a5bb48532b9652bc	<http://www.w3.org/1999/02/22-rdf-syntax-ns#type>	<http://www.w3.org/2002/07/owl#Restriction>
_:Nc628db2fbb4a49e4a5bb48532b9652bc	<http://www.w3.org/2002/07/owl#minQualifiedCardinality>	"0"
_:Nc628db2fbb4a49e4a5bb48532b9652bc	<http://www.w3.org/2002/07/owl#onClass>	<http://www.semanticweb.org/magma-core/ontologies/hqdm#spatio_temporal_extent>
_:Nc628db2fbb4a49e4a5bb48532b9652bc	<http://www.w3.org/2002/07/owl#onProperty>	<http://www.semanticweb.org/magma-core/ontologies/hqdm#part_of>
_:Nc793cfc1b6734a7a8b203dfa9837f2f3	<http://www.w3.org/1999/02/22-rdf-syntax-ns#type>	<http://www.w3.org/2002/07/owl#Restriction>
_:Nc793cfc1b6734a7a8b203dfa9837f2f3	<http://www.w3.org/2002/07/owl#minQualifiedCardinality>	"1"
_:Nc793cfc1b6734a7a8b203dfa9837f2f3	<http://www.w3.org/2002/07/owl#onClass>	<http://www.semanticweb.org/magma-core/ontologies/hqdm#price>
_:Nc793cfc1b6734a7a8b203dfa9837f2f3	<http://www.w3.org/2002/07/owl#onProperty>	<http://www.semanticweb.org/magma-core/ontologies/hqdm#consideration_by_class>
_:Nc8fd366c89df4a759e5cd0cff03d9bcb	<http://www.w3.org/1999/02/22-rdf-syntax-ns#type>	<http://www.w3.org/2002/07/owl#Restriction>
_:Nc8fd366c89df4a759e5cd0cff03d9bcb	<http://www.w3.org/2002/07/owl#minQualifiedCardinality>	"0"
_:Nc8fd366c89df4a759e5cd0cff03d9bcb	<http://www.w3.org/2002/07/owl#onClass>	<http://www.semanticweb.org/magma-core/ontologies/hqdm#party>
_:Nc8fd366c89df4a759e5cd0cff03d9bcb	<http://www.w3.org/2002/07/owl#onProperty>	<http://www.semanticweb.org/magma-core/ontologies/hqdm#temporal_part_of>
_:Nc940ea3b00d24910adeef456a129d515	<http://www.w3.org/1999/02/22-rdf-syntax-ns#type>	<http://www.w3.org/2002/07/owl#Restriction>
_:Nc940ea3b00d24910adeef456a129d515	<http://www.w3.org/2002/07/owl#minQualifiedCardinality>	"0"
_:Nc940ea3b00d24910adeef456a129d515	<http://www.w3.org/2002/07/owl#onClass>	<http://www.semanticweb.org/magma-core/ontologies/hqdm#class_of_association>
_:Nc940ea3b00d24910adeef456a129d515	<http://www.w3.org/2002/07/owl#onProperty>	<http://www.semanticweb.org/magma-core/ontologies/hqdm#member_of>
_:Nc9e5d0b375974ba2ac8257a7b2523a54	<http://www.w3.org/1999/02/22-rdf-syntax-ns#type>	<http://www.w3.org/2002/07/owl#Restriction>
_:Nc9e5d0b375974ba2ac8257a7b2523a54	<http://www.w3.org/2002/07/owl#maxQualifiedCardinality>	"1"
_:Nc9e5d0b375974ba2ac8257a7b2523a54	<http://www.w3.org/2002/07/owl#onClass>	<http://www.semanticweb.org/magma-core/ontologies/hqdm#transferee>
_:Nc9e5d0b375974ba2ac8257a7b2523a54	<http://www.w3.org/2002/07/owl#onProperty>	<http://www.semanticweb.org/magma-core/ontologies/hqdm#consists_of_participant_>
_:Ncb74eab5dc78420c8c7753cb65c819d3	<http://www.w3.org/1999/02/22-rdf-syntax-ns#type>	<http://www.w3.org/2002/07/owl#Restriction>
_:Ncb74eab5dc78420c8c7753cb65c819d3	<http://www.w3.org/2002/07/owl#minQualifiedCardinality>	"1"
_:Ncb74eab5dc78420c8c7753cb65c819d3	<http://www.w3.org/2002/07/owl#onClass>	<http://www.semanticweb.org/magma-core/ontologies/hqdm#pattern>
_:Ncb74eab5dc78420c8c7753cb65c819d3	<http://www.w3.org/2002/07/owl#onProperty>	<http://www.semanticweb.org/magma-core/ontologies/hqdm#consists_of_by_class>
_:Ncb95bce32fa04694bfa6540836299aeb	<http://www.w3.org/1999/02/22-rdf-syntax-ns#type>	<http://www.w3.org/2002/07/owl#Restriction>
_:Ncb95bce32fa04694bfa6540836299aeb	<http://www.w3.org/2002/07/owl#minQualifiedCardinality>	"1"
_:Ncb95bce32fa04694bfa6540836299aeb	<http://www.w3.org/2002/07/owl#onClass>	<http://www.semanticweb.org/magma-core/ontologies/hqdm#biological_system>
_:Ncb95bce32fa04694bfa6540836299aeb	<http://www.w3.org/2002/07/owl#onProperty>	<http://www.semanticweb.org/magma-core/ontologies/hqdm#component_of>
_:Ncbbede1e6c244736b64421a6f76ff56f	<http://www.w3.org/1999/02/22-rdf-syntax-ns#type>	<http://www.w3.org/2002/07/owl#Restriction>
_:Ncbbede1e6c244736b64421a6f76ff56f	<http://www.w3.org/2002/07/owl#minQualifiedCardinality>	"0"
_:Ncbbede1e6c244736b64421a6f76ff56f	<http://www.w3.org/2002/07/owl#onClass>	<http://www.semanticweb.org/magma-core/ontologies/hqdm#kind_of_organization_component>
_:Ncbbede1e6c244736b64421a6f76ff56f	<http://www.w3.org/2002/07/owl#onProperty>	<http://www.semanticweb.org/magma-core/ontologies/hqdm#member_of_kind>
_:Ncca02678dc3e44f1b805ba01da2d6bf2	<http://www.w3.org/1999/02/22-rdf-syntax-ns#type>	<http://www.w3.org/2002/07/owl#Restriction>
_:Ncca02678dc3e44f1b805ba01da2d6bf2	<http://www.w3.org/2002/07/owl#minQualifiedCardinality>	"0"
_:Ncca02678dc3e44f1b805ba01da2d6bf2	<http://www.w3.org/2002/07/owl#onDataRange>	<http://www.w3.org/2001/XMLSchema#dateTime>
_:Ncca02678dc3e44f1b805ba01da2d6bf2	<http://www.w3.org/2002/07/owl#onProperty>	<http://www.semanticweb.org/magma-core/ontologies/hqdm#data_record_copy_created>
_:Nce0acee85024409c99f8cee0035bf86d	<http://www.w3.org/1999/02/22-rdf-syntax-ns#type>	<http://www.w3.org/2002/07/owl#Restriction>
_:Nce0acee85024409c99f8cee0035bf86d	<http://www.w3.org/2002/07/owl#minQualifiedCardinality>	"1"
_:Nce0acee85024409c99f8cee0035bf86d	<http://www.w3.org/2002/07/owl#onClass>	<http://www.semanticweb.org/magma-core/ontologies/hqdm#reaching_agreement>
_:Nce0acee85024409c99f8cee0035bf86d	<http://www.w3.org/2002/07/owl#onProperty>	<http://www.semanticweb.org/magma-core/ontologies/hqdm#consists_of>
_:Nce4431d9cdf045b9bd1e1d609647f9e1	<http://www.w3.org/1999/02/22-rdf-syntax-ns#type>	<http://www.w3.org/2002/07/owl#Restriction>
_:Nce4431d9cdf045b9bd1e1d609647f9e1	<http://www.w3.org/2002/07/owl#minQualifiedCardinality>	"0"
_:Nce4431d9cdf045b9bd1e1d609647f9e1	<http://www.w3.org/2002/07/owl#onClass>	<http://www.semanticweb.org/magma-core/ontologies/hqdm#physical_object>
_:Nce4431d9cdf045b9bd1e1d609647f9e1	<http://www.w3.org/2002/07/owl#onProperty>	<http://www.semanticweb.org/magma-core/ontologies/hqdm#temporal_part_of>
_:Ncea1b675a0a64571959cd8fcc8b1be48	<http://www.w3.org/1999/02/22-rdf-syntax-ns#type>	<http://www.w3.org/2002/07/owl#Restriction>
_:Ncea1b675a0a64571959cd8fcc8b1be48	<http://www.w3.org/2002/07/owl#allValuesFrom>	<http://www.semanticweb.org/magma-core/ontologies/hqdm#relationship>
_:Ncea1b675a0a64571959cd8fcc8b1be48	<http://www.w3.org/2002/07/owl#onProperty>	<http://www.semanticweb.org/magma-core/ontologies/hqdm#member_of>
_:Ncf1c88e5fe904ba5bf1c51240b44ae57	<http://www.w3.org/1999/02/22-rdf-syntax-ns#type>	<http://www.w3.org/2002/07/owl#Restriction>
_:Ncf1c88e5fe904ba5bf1c51240b44ae57	<http://www.w3.org/2002/07/owl#maxQualifiedCardinality>	"1"
_:Ncf1c88e5fe904ba5bf1c51240b44ae57	<http://www.w3.org/2002/07/owl#onClass>	<http://www.semanticweb.org/magma-core/ontologies/hqdm#exchange_of_goods_and_money>
_:Ncf1c88e5fe904ba5bf1c51240b44ae57	<http://www.w3.org/2002/07/owl#onProperty>	<http://www.semanticweb.org/magma-core/ontologies/hqdm#consists_of_>
_:Ncf3f25f971ff4a7a821d6890890a22a5	<http://www.w3.org/1999/02/22-rdf-syntax-ns#type>	<http://www.w3.org/2002/07/owl#Restriction>
_:Ncf3f25f971ff4a7a821d6890890a22a5	<http://www.w3.org/2002/07/owl#maxQualifiedCardinality>	"1"
_:Ncf3f25f971ff4a7a821d6890890a22a5	<http://www.w3.org/2002/07/owl#onClass>	<http://www.semanticweb.org/magma-core/ontologies/hqdm#exchange_of_goods_and_money>
_:Ncf3f25f971ff4a7a821d6890890a22a5	<http://www.w3.org/2002/07/owl#onProperty>	<http://www.semanticweb.org/magma-core/ontologies/hqdm#references>
_:Ncf935501a5f841e096d3095697e9afc3	<http://www.w3.org/1999/02/22-rdf-syntax-ns#type>	<http://www.w3.org/2002/07/owl#Restriction>
_:Ncf935501a5f841e096d3095697e9afc3	<http://www.w3.org/2002/07/owl#minQualifiedCardinality>	"1"
_:Ncf935501a5f841e096d3095697e9afc3	<http://www.w3.org/2002/07/owl#onClass>	<http://www.semanticweb.org/magma-core/ontologies/hqdm#sign>
_:Ncf935501a5f841e096d3095697e9afc3	<http://www.w3.org/2002/07/owl#onProperty>	<http://www.semanticweb.org/magma-core/ontologies/hqdm#consists_of>
_:Nd05e6fe790e94925bc227b8072c9dfc4	<http://www.w3.org/1999/02/22-rdf-syntax-ns#type>	<http://www.w3.org/2002/07/owl#Restriction>
_:Nd05e6fe790e94925bc227b8072c9dfc4	<http://www.w3.org/2002/07/owl#minQualifiedCardinality>	"0"
_:Nd05e6fe790e94925bc227b8072c9dfc4	<http://www.w3.org/2002/07/owl#onClass>	<http://www.semanticweb.org/magma-core/ontologies/hqdm#class_of_person_in_position>
_:Nd05e6fe790e94925bc227b8072c9dfc4	<http://www.w3.org/2002/07/owl#onProperty>	<http://www.semanticweb.org/magma-core/ontologies/hqdm#member_of>
_:Nd10ac4234675484380ad37cf0e6dd598	<http://www.w3.org/1999/02/22-rdf-syntax-ns#type>	<http://www.w3.org/2002/07/owl#Restriction>
_:Nd10ac4234675484380ad37cf0e6dd598	<http://www.w3.org/2002/07/owl#minQualifiedCardinality>	"1"
_:Nd10ac4234675484380ad37cf0e6dd598	<http://www.w3.org/2002/07/owl#onClass>	<http://www.semanticweb.org/magma-core/ontologies/hqdm#product_brand>
_:Nd10ac4234675484380ad37cf0e6dd598	<http://www.w3.org/2002/07/owl#onProperty>	<http://www.semanticweb.org/magma-core/ontologies/hqdm#sold_under>
_:Nd30671ceecf949f1838e7bc70f8d88ac	<http://www.w3.org/1999/02/22-rdf-syntax-ns#type>	<http://www.w3.org/2002/07/owl#Restriction>
_:Nd30671ceecf949f1838e7bc70f8d88ac	<http://www.w3.org/2002/07/owl#minQualifiedCardinality>	"0"
_:Nd30671ceecf949f1838e7bc70f8d88ac	<http://www.w3.org/2002/07/owl#onClass>	<http://www.semanticweb.org/magma-core/ontologies/hqdm#kind_of_activity>
_:Nd30671ceecf949f1838e7bc70f8d88ac	<http://www.w3.org/2002/07/owl#onProperty>	<http://www.semanticweb.org/magma-core/ontologies/hqdm#member_of_kind>
_:Nd336841791e64316b008a865a6e31de9	<http://www.w3.org/1999/02/22-rdf-syntax-ns#type>	<http://www.w3.org/2002/07/owl#Restriction>
_:Nd336841791e64316b008a865a6e31de9	<http://www.w3.org/2002/07/owl#minQualifiedCardinality>	"0"
_:Nd336841791e64316b008a865a6e31de9	<http://www.w3.org/2002/07/owl#onClass>	<http://www.semanticweb.org/magma-core/ontologies/hqdm#agreement_execution>
_:Nd336841791e64316b008a865a6e31de9	<http://www.w3.org/2002/07/owl#onProperty>	<http://www.semanticweb.org/magma-core/ontologies/hqdm#part_of_>
_:Nd33ad68175d84e598346f0bdbc35ebec	<http://www.w3.org/1999/02/22-rdf-syntax-ns#type>	<http://www.w3.org/2002/07/owl#Restriction>
_:Nd33ad68175d84e598346f0bdbc35ebec	<http://www.w3.org/2002/07/owl#minQualifiedCardinality>	"0"
_:Nd33ad68175d84e598346f0bdbc35ebec	<http://www.w3.org/2002/07/owl#onClass>	<http://www.semanticweb.org/magma-core/ontologies/hqdm#organization>
_:Nd33ad68175d84e598346f0bdbc35ebec	<http://www.w3.org/2002/07/owl#onProperty>	<http://www.semanticweb.org/magma-core/ontologies/hqdm#temporal_part_of>
_:Nd3643a80ab5847769136dfafe3b1f160	<http://www.w3.org/1999/02/22-rdf-syntax-ns#type>	<http://www.w3.org/2002/07/owl#Restriction>
_:Nd3643a80ab5847769136dfafe3b1f160	<http://www.w3.org/2002/07/owl#maxQualifiedCardinality>	"1"
_:Nd3643a80ab5847769136dfafe3b1f160	<http://www.w3.org/2002/07/owl#onClass>	<http://www.semanticweb.org/magma-core/ontologies/hqdm#ending_of_ownership>
_:Nd3643a80ab5847769136dfafe3b1f160	<http://www.w3.org/2002/07/owl#onProperty>	<http://www.semanticweb.org/magma-core/ontologies/hqdm#causes_ending>
_:Nd4b5b4aeb36e4f86a3bbec09f3036393	<http://www.w3.org/1999/02/22-rdf-syntax-ns#type>	<http://www.w3.org/2002/07/owl#Restriction>
_:Nd4b5b4aeb36e4f86a3bbec09f3036393	<http://www.w3.org/2002/07/owl#minQualifiedCardinality>	"0"
_:Nd4b5b4aeb36e4f86a3bbec09f3036393	<http://www.w3.org/2002/07/owl#onClass>	<http://www.semanticweb.org/magma-core/ontologies/hqdm#class_of_organization>
_:Nd4b5b4aeb36e4f86a3bbec09f3036393	<http://www.w3.org/2002/07/owl#onProperty>	<http://www.semanticweb.org/magma-core/ontologies/hqdm#member_of>
_:Nd510b76ab657456da7c3065466a39fe0	<http://www.w3.org/1999/02/22-rdf-syntax-ns#type>	<http://www.w3.org/2002/07/owl#Restriction>
_:Nd510b76ab657456da7c3065466a39fe0	<http://www.w3.org/2002/07/owl#minQualifiedCardinality>	"0"
_:Nd510b76ab657456da7c3065466a39fe0	<http://www.w3.org/2002/07/owl#onClass>	<http://www.semanticweb.org/magma-core/ontologies/hqdm#ending_of_ownership>
_:Nd510b76ab657456da7c3065466a39fe0	<http://www.w3.org/2002/07/owl#onProperty>	<http://www.semanticweb.org/magma-core/ontologies/hqdm#ending>
_:Nd63be651994c4e228b3e0064a811ff1d	<http://www.w3.org/1999/02/22-rdf-syntax-ns#type>	<http://www.w3.org/2002/07/owl#Class>
_:Nd63be651994c4e228b3e0064a811ff1d	<http://www.w3.org/2002/07/owl#unionOf>	_:N3db629832a884589a9ed1a0ce615d5a1
_:Nd6e5fbd9e28e4db4b82a62b6997b3503	<http://www.w3.org/1999/02/22-rdf-syntax-ns#type>	<http://www.w3.org/2002/07/owl#Restriction>
_:Nd6e5fbd9e28e4db4b82a62b6997b3503	<http://www.w3.org/2002/07/owl#minQualifiedCardinality>	"0"
_:Nd6e5fbd9e28e4db4b82a62b6997b3503	<http://www.w3.org/2002/07/owl#onClass>	<http://www.semanticweb.org/magma-core/ontologies/hqdm#activity>
_:Nd6e5fbd9e28e4db4b82a62b6997b3503	<http://www.w3.org/2002/07/owl#onProperty>	<http://www.semanticweb.org/magma-core/ontologies/hqdm#participant_in>
_:Nd7345cfe54864afe8612389b7a621903	<http://www.w3.org/1999/02/22-rdf-syntax-ns#type>	<http://www.w3.org/2002/07/owl#Restriction>
_:Nd7345cfe54864afe8612389b7a621903	<http://www.w3.org/2002/07/owl#minQualifiedCardinality>	"0"
_:Nd7345cfe54864afe8612389b7a621903	<http://www.w3.org/2002/07/owl#onClass>	<http://www.semanticweb.org/magma-core/ontologies/hqdm#class_of_reaching_agreement>
_:Nd7345cfe54864afe8612389b7a621903	<http://www.w3.org/2002/07/owl#onProperty>	<http://www.semanticweb.org/magma-core/ontologies/hqdm#member_of>
_:Nd83ea44f8e0041708cd5eb0a8cc33622	<http://www.w3.org/1999/02/22-rdf-syntax-ns#type>	<http://www.w3.org/2002/07/owl#Restriction>
_:Nd83ea44f8e0041708cd5eb0a8cc33622	<http://www.w3.org/2002/07/owl#minQualifiedCardinality>	"0"
_:Nd83ea44f8e0041708cd5eb0a8cc33622	<http://www.w3.org/2002/07/owl#onClass>	<http://www.semanticweb.org/magma-core/ontologies/hqdm#offer_and_acceptance_for_goods>
_:Nd83ea44f8e0041708cd5eb0a8cc33622	<http://www.w3.org/2002/07/owl#onProperty>	<http://www.semanticweb.org/magma-core/ontologies/hqdm#part_of>
_:Nd85cd2fd612944399688638d6c88a955	<http://www.w3.org/1999/02/22-rdf-syntax-ns#type>	<http://www.w3.org/2002/07/owl#Restriction>
_:Nd85cd2fd612944399688638d6c88a955	<http://www.w3.org/2002/07/owl#maxQualifiedCardinality>	"1"
_:Nd85cd2fd612944399688638d6c88a955	<http://www.w3.org/2002/07/owl#onClass>	<http://www.semanticweb.org/magma-core/ontologies/hqdm#kind_of_physical_quantity>
_:Nd85cd2fd612944399688638d6c88a955	<http://www.w3.org/2002/07/owl#onProperty>	<http://www.semanticweb.org/magma-core/ontologies/hqdm#member_of_kind>
_:Nd8688d4424384f95831cfa14043f469e	<http://www.w3.org/1999/02/22-rdf-syntax-ns#type>	<http://www.w3.org/2002/07/owl#Restriction>
_:Nd8688d4424384f95831cfa14043f469e	<http://www.w3.org/2002/07/owl#minQualifiedCardinality>	"0"
_:Nd8688d4424384f95831cfa14043f469e	<http://www.w3.org/2002/07/owl#onClass>	<http://www.semanticweb.org/magma-core/ontologies/hqdm#class_of_organization_component>
_:Nd8688d4424384f95831cfa14043f469e	<http://www.w3.org/2002/07/owl#onProperty>	<http://www.semanticweb.org/magma-core/ontologies/hqdm#member_of>
_:Nd89eef901b86478dbc3a350240f3acff	<http://www.w3.org/1999/02/22-rdf-syntax-ns#type>	<http://www.w3.org/2002/07/owl#Restriction>
_:Nd89eef901b86478dbc3a350240f3acff	<http://www.w3.org/2002/07/owl#minQualifiedCardinality>	"0"
_:Nd89eef901b86478dbc3a350240f3acff	<http://www.w3.org/2002/07/owl#onClass>	<http://www.semanticweb.org/magma-core/ontologies/hqdm#kind_of_party>
_:Nd89eef901b86478dbc3a350240f3acff	<http://www.w3.org/2002/07/owl#onProperty>	<http://www.semanticweb.org/magma-core/ontologies/hqdm#member_of_kind>
_:Nd9ce8fe899a549f095289c56cbde6e31	<http://www.w3.org/1999/02/22-rdf-syntax-ns#type>	<http://www.w3.org/2002/07/owl#Restriction>
_:Nd9ce8fe899a549f095289c56cbde6e31	<http://www.w3.org/2002/07/owl#minQualifiedCardinality>	"0"
_:Nd9ce8fe899a549f095289c56cbde6e31	<http://www.w3.org/2002/07/owl#onClass>	<http://www.semanticweb.org/magma-core/ontologies/hqdm#thing>
_:Nd9ce8fe899a549f095289c56cbde6e31	<http://www.w3.org/2002/07/owl#onProperty>	<http://www.semanticweb.org/magma-core/ontologies/hqdm#determines>
_:Nd9fec709a4cc4248b310e009e95e3dbe	<http://www.w3.org/1999/02/22-rdf-syntax-ns#type>	<http://www.w3.org/2002/07/owl#Restriction>
_:Nd9fec709a4cc4248b310e009e95e3dbe	<http://www.w3.org/2002/07/owl#minQualifiedCardinality>	"0"
_:Nd9fec709a4cc4248b310e009e95e3dbe	<http://www.w3.org/2002/07/owl#onClass>	<http://www.semanticweb.org/magma-core/ontologies/hqdm#association>
_:Nd9fec709a4cc4248b310e009e95e3dbe	<http://www.w3.org/2002/07/owl#onProperty>	<http://www.semanticweb.org/magma-core/ontologies/hqdm#participant_in>
_:Ndae161356b774f45a26cc8d0590ac66f	<http://www.w3.org/1999/02/22-rdf-syntax-ns#type>	<http://www.w3.org/2002/07/owl#Class>
_:Ndae161356b774f45a26cc8d0590ac66f	<http://www.w3.org/2002/07/owl#unionOf>	_:N9205e667d65a45cb8d44e2f7e4fdf3df
_:Ndb5a7c880f4a407b9a1917dfd5f858fe	<http://www.w3.org/1999/02/22-rdf-syntax-ns#type>	<http://www.w3.org/2002/07/owl#Restriction>
_:Ndb5a7c880f4a407b9a1917dfd5f858fe	<http://www.w3.org/2002/07/owl#minQualifiedCardinality>	"0"
_:Ndb5a7c880f4a407b9a1917dfd5f858fe	<http://www.w3.org/2002/07/owl#onClass>	<http://www.semanticweb.org/magma-core/ontologies/hqdm#system_component>
_:Ndb5a7c880f4a407b9a1917dfd5f858fe	<http://www.w3.org/2002/07/owl#onProperty>	<http://www.semanticweb.org/magma-core/ontologies/hqdm#temporal_part_of>
_:Ndc58d3e2ade1438d91f4194af48c3296	<http://www.w3.org/1999/02/22-rdf-syntax-ns#type>	<http://www.w3.org/2002/07/owl#Restriction>
_:Ndc58d3e2ade1438d91f4194af48c3296	<http://www.w3.org/2002/07/owl#maxQualifiedCardinality>	"1"
_:Ndc58d3e2ade1438d91f4194af48c3296	<http://www.w3.org/2002/07/owl#onClass>	<http://www.semanticweb.org/magma-core/ontologies/hqdm#sale_of_goods>
_:Ndc58d3e2ade1438d91f4194af48c3296	<http://www.w3.org/2002/07/owl#onProperty>	<http://www.semanticweb.org/magma-core/ontologies/hqdm#part_of>
_:Ndccb6dcdebf7447a888a5f3b6faec381	<http://www.w3.org/1999/02/22-rdf-syntax-ns#type>	<http://www.w3.org/2002/07/owl#Restriction>
_:Ndccb6dcdebf7447a888a5f3b6faec381	<http://www.w3.org/2002/07/owl#minQualifiedCardinality>	"1"
_:Ndccb6dcdebf7447a888a5f3b6faec381	<http://www.w3.org/2002/07/owl#onClass>	<http://www.semanticweb.org/magma-core/ontologies/hqdm#kind_of_physical_quantity>
_:Ndccb6dcdebf7447a888a5f3b6faec381	<http://www.w3.org/2002/07/owl#onProperty>	<http://www.semanticweb.org/magma-core/ontologies/hqdm#domain>
_:Ndce15f2fea6f4d858bd578d1c0a77a5a	<http://www.w3.org/1999/02/22-rdf-syntax-ns#type>	<http://www.w3.org/2002/07/owl#Restriction>
_:Ndce15f2fea6f4d858bd578d1c0a77a5a	<http://www.w3.org/2002/07/owl#maxQualifiedCardinality>	"1"
_:Ndce15f2fea6f4d858bd578d1c0a77a5a	<http://www.w3.org/2002/07/owl#onDataRange>	<http://www.w3.org/2001/XMLSchema#float>
_:Ndce15f2fea6f4d858bd578d1c0a77a5a	<http://www.w3.org/2002/07/owl#onProperty>	<http://www.semanticweb.org/magma-core/ontologies/hqdm#real_value>
_:Ndd4181e3668c40378dc02313a64ed3de	<http://www.w3.org/1999/02/22-rdf-syntax-ns#type>	<http://www.w3.org/2002/07/owl#Restriction>
_:Ndd4181e3668c40378dc02313a64ed3de	<http://www.w3.org/2002/07/owl#minQualifiedCardinality>	"0"
_:Ndd4181e3668c40378dc02313a64ed3de	<http://www.w3.org/2002/07/owl#onClass>	<http://www.semanticweb.org/magma-core/ontologies/hqdm#class_of_state_of_ordinary_functional_object>
_:Ndd4181e3668c40378dc02313a64ed3de	<http://www.w3.org/2002/07/owl#onProperty>	<http://www.semanticweb.org/magma-core/ontologies/hqdm#member_of>
_:Ndd69727b38c74c7d88eee9879cf5d273	<http://www.w3.org/1999/02/22-rdf-syntax-ns#type>	<http://www.w3.org/2002/07/owl#Restriction>
_:Ndd69727b38c74c7d88eee9879cf5d273	<http://www.w3.org/2002/07/owl#maxQualifiedCardinality>	"1"
_:Ndd69727b38c74c7d88eee9879cf5d273	<http://www.w3.org/2002/07/owl#onClass>	<http://www.semanticweb.org/magma-core/ontologies/hqdm#asset>
_:Ndd69727b38c74c7d88eee9879cf5d273	<http://www.w3.org/2002/07/owl#onProperty>	<http://www.semanticweb.org/magma-core/ontologies/hqdm#consists_of_participant_>
_:Ndd8227fcebfd405d800e058fbc37e766	<http://www.w3.org/1999/02/22-rdf-syntax-ns#type>	<http://www.w3.org/2002/07/owl#Restriction>
_:Ndd8227fcebfd405d800e058fbc37e766	<http://www.w3.org/2002/07/owl#minQualifiedCardinality>	"1"
_:Ndd8227fcebfd405d800e058fbc37e766	<http://www.w3.org/2002/07/owl#onClass>	<http://www.semanticweb.org/magma-core/ontologies/hqdm#physical_property>
_:Ndd8227fcebfd405d800e058fbc37e766	<http://www.w3.org/2002/07/owl#onProperty>	<http://www.semanticweb.org/magma-core/ontologies/hqdm#ranges_over>
_:Nddabd45706ee4464b499423028e3db83	<http://www.w3.org/1999/02/22-rdf-syntax-ns#type>	<http://www.w3.org/2002/07/owl#Restriction>
_:Nddabd45706ee4464b499423028e3db83	<http://www.w3.org/2002/07/owl#minQualifiedCardinality>	"0"
_:Nddabd45706ee4464b499423028e3db83	<http://www.w3.org/2002/07/owl#onClass>	<http://www.semanticweb.org/magma-core/ontologies/hqdm#kind_of_position>
_:Nddabd45706ee4464b499423028e3db83	<http://www.w3.org/2002/07/owl#onProperty>	<http://www.semanticweb.org/magma-core/ontologies/hqdm#member_of_kind>
_:Ndf1feff7d04e4666994c7dc8d28fcf10	<http://www.w3.org/1999/02/22-rdf-syntax-ns#type>	<http://www.w3.org/2002/07/owl#Restriction>
_:Ndf1feff7d04e4666994c7dc8d28fcf10	<http://www.w3.org/2002/07/owl#minQualifiedCardinality>	"0"
_:Ndf1feff7d04e4666994c7dc8d28fcf10	<http://www.w3.org/2002/07/owl#onClass>	<http://www.semanticweb.org/magma-core/ontologies/hqdm#kind_of_ordinary_functional_object>
_:Ndf1feff7d04e4666994c7dc8d28fcf10	<http://www.w3.org/2002/07/owl#onProperty>	<http://www.semanticweb.org/magma-core/ontologies/hqdm#member_of_kind>
_:Ne05db16631dc4d4c9b0ee5275b5c360c	<http://www.w3.org/1999/02/22-rdf-syntax-ns#type>	<http://www.w3.org/2002/07/owl#Restriction>
_:Ne05db16631dc4d4c9b0ee5275b5c360c	<http://www.w3.org/2002/07/owl#minQualifiedCardinality>	"1"
_:Ne05db16631dc4d4c9b0ee5275b5c360c	<http://www.w3.org/2002/07/owl#onClass>	<http://www.semanticweb.org/magma-core/ontologies/hqdm#exchange_of_goods_and_money>
_:Ne05db16631dc4d4c9b0ee5275b5c360c	<http://www.w3.org/2002/07/owl#onProperty>	<http://www.semanticweb.org/magma-core/ontologies/hqdm#consists_of_>
_:Ne0f3c6bce7a342c29ff5b259bd1b74c4	<http://www.w3.org/1999/02/22-rdf-syntax-ns#type>	<http://www.w3.org/2002/07/owl#Restriction>
_:Ne0f3c6bce7a342c29ff5b259bd1b74c4	<http://www.w3.org/2002/07/owl#minQualifiedCardinality>	"0"
_:Ne0f3c6bce7a342c29ff5b259bd1b74c4	<http://www.w3.org/2002/07/owl#onClass>	<http://www.semanticweb.org/magma-core/ontologies/hqdm#kind_of_activity>
_:Ne0f3c6bce7a342c29ff5b259bd1b74c4	<http://www.w3.org/2002/07/owl#onProperty>	<http://www.semanticweb.org/magma-core/ontologies/hqdm#part_of_by_class>
_:Ne108486252054831a705e5faa8659afa	<http://www.w3.org/1999/02/22-rdf-syntax-ns#type>	<http://www.w3.org/2002/07/owl#Restriction>
_:Ne108486252054831a705e5faa8659afa	<http://www.w3.org/2002/07/owl#minQualifiedCardinality>	"1"
_:Ne108486252054831a705e5faa8659afa	<http://www.w3.org/2002/07/owl#onClass>	<http://www.semanticweb.org/magma-core/ontologies/hqdm#thing>
_:Ne108486252054831a705e5faa8659afa	<http://www.w3.org/2002/07/owl#onProperty>	<http://www.semanticweb.org/magma-core/ontologies/hqdm#represents>
_:Ne1f88f9bc35c4d979321a537e7ec692d	<http://www.w3.org/1999/02/22-rdf-syntax-ns#first>	<http://www.semanticweb.org/magma-core/ontologies/hqdm#class_of_relationship>
_:Ne1f88f9bc35c4d979321a537e7ec692d	<http://www.w3.org/1999/02/22-rdf-syntax-ns#rest>	<http://www.w3.org/1999/02/22-rdf-syntax-ns#nil>
_:Ne215f399cb0742b1bfcbf81c27faae72	<http://www.w3.org/1999/02/22-rdf-syntax-ns#type>	<http://www.w3.org/2002/07/owl#Restriction>
_:Ne215f399cb0742b1bfcbf81c27faae72	<http://www.w3.org/2002/07/owl#minQualifiedCardinality>	"0"
_:Ne215f399cb0742b1bfcbf81c27faae72	<http://www.w3.org/2002/07/owl#onClass>	<http://www.semanticweb.org/magma-core/ontologies/hqdm#class_of_state_of_sign>
_:Ne215f399cb0742b1bfcbf81c27faae72	<http://www.w3.org/2002/07/owl#onProperty>	<http://www.semanticweb.org/magma-core/ontologies/hqdm#member_of>
_:Ne259aadd63df4b12a2262d53b25b43b6	<http://www.w3.org/1999/02/22-rdf-syntax-ns#type>	<http://www.w3.org/2002/07/owl#Restriction>
_:Ne259aadd63df4b12a2262d53b25b43b6	<http://www.w3.org/2002/07/owl#maxQualifiedCardinality>	"1"
_:Ne259aadd63df4b12a2262d53b25b43b6	<http://www.w3.org/2002/07/owl#onClass>	<http://www.semanticweb.org/magma-core/ontologies/hqdm#sales_product>
_:Ne259aadd63df4b12a2262d53b25b43b6	<http://www.w3.org/2002/07/owl#onProperty>	<http://www.semanticweb.org/magma-core/ontologies/hqdm#sold_as>
_:Ne3215b49748847a5a8e3999d0d4d9b5b	<http://www.w3.org/1999/02/22-rdf-syntax-ns#type>	<http://www.w3.org/2002/07/owl#Restriction>
_:Ne3215b49748847a5a8e3999d0d4d9b5b	<http://www.w3.org/2002/07/owl#minQualifiedCardinality>	"0"
_:Ne3215b49748847a5a8e3999d0d4d9b5b	<http://www.w3.org/2002/07/owl#onClass>	<http://www.semanticweb.org/magma-core/ontologies/hqdm#functional_object>
_:Ne3215b49748847a5a8e3999d0d4d9b5b	<http://www.w3.org/2002/07/owl#onProperty>	<http://www.semanticweb.org/magma-core/ontologies/hqdm#temporal_part_of>
_:Ne5d6c271ad0a4aa1807b9be2414b8220	<http://www.w3.org/1999/02/22-rdf-syntax-ns#type>	<http://www.w3.org/2002/07/owl#Class>
_:Ne5d6c271ad0a4aa1807b9be2414b8220	<http://www.w3.org/2002/07/owl#unionOf>	_:N3fa27cd58a774ed7ac4975d34f8b3a16
_:Ne6620c9b46044f388a7aca6f4446c6e3	<http://www.w3.org/2002/07/owl#inverseOf>	<http://www.semanticweb.org/magma-core/ontologies/hqdm#part_of>
_:Ne7a660426e814293a35791ab3de70976	<http://www.w3.org/1999/02/22-rdf-syntax-ns#type>	<http://www.w3.org/2002/07/owl#Restriction>
_:Ne7a660426e814293a35791ab3de70976	<http://www.w3.org/2002/07/owl#maxQualifiedCardinality>	"1"
_:Ne7a660426e814293a35791ab3de70976	<http://www.w3.org/2002/07/owl#onClass>	<http://www.semanticweb.org/magma-core/ontologies/hqdm#biological_system>
_:Ne7a660426e814293a35791ab3de70976	<http://www.w3.org/2002/07/owl#onProperty>	<http://www.semanticweb.org/magma-core/ontologies/hqdm#component_of>
_:Ne7ac73c23c1a4a5fa60390c4f5629794	<http://www.w3.org/1999/02/22-rdf-syntax-ns#type>	<http://www.w3.org/2002/07/owl#Restriction>
_:Ne7ac73c23c1a4a5fa60390c4f5629794	<http://www.w3.org/2002/07/owl#maxQualifiedCardinality>	"1"
_:Ne7ac73c23c1a4a5fa60390c4f5629794	<http://www.w3.org/2002/07/owl#onClass>	<http://www.semanticweb.org/magma-core/ontologies/hqdm#offer_for_goods>
_:Ne7ac73c23c1a4a5fa60390c4f5629794	<http://www.w3.org/2002/07/owl#onProperty>	<http://www.semanticweb.org/magma-core/ontologies/hqdm#references>
_:Ne88348650bb04407981b916d8816b900	<http://www.w3.org/1999/02/22-rdf-syntax-ns#type>	<http://www.w3.org/2002/07/owl#Restriction>
_:Ne88348650bb04407981b916d8816b900	<http://www.w3.org/2002/07/owl#minQualifiedCardinality>	"1"
_:Ne88348650bb04407981b916d8816b900	<http://www.w3.org/2002/07/owl#onClass>	<http://www.semanticweb.org/magma-core/ontologies/hqdm#period_of_time>
_:Ne88348650bb04407981b916d8816b900	<http://www.w3.org/2002/07/owl#onProperty>	<http://www.semanticweb.org/magma-core/ontologies/hqdm#period_offered>
_:Ne8a251fe8a254ac3b90fa3fd04d66094	<http://www.w3.org/1999/02/22-rdf-syntax-ns#type>	<http://www.w3.org/2002/07/owl#Restriction>
_:Ne8a251fe8a254ac3b90fa3fd04d66094	<http://www.w3.org/2002/07/owl#minQualifiedCardinality>	"0"
_:Ne8a251fe8a254ac3b90fa3fd04d66094	<http://www.w3.org/2002/07/owl#onClass>	<http://www.semanticweb.org/magma-core/ontologies/hqdm#individual>
_:Ne8a251fe8a254ac3b90fa3fd04d66094	<http://www.w3.org/2002/07/owl#onProperty>	<http://www.semanticweb.org/magma-core/ontologies/hqdm#temporal_part_of>
_:Ne902b34a028b487ca3285a641df7557f	<http://www.w3.org/1999/02/22-rdf-syntax-ns#first>	<http://www.semanticweb.org/magma-core/ontologies/hqdm#function_>
_:Ne902b34a028b487ca3285a641df7557f	<http://www.w3.org/1999/02/22-rdf-syntax-ns#rest>	_:N0836f99748c441fc9a58fac092fd8ec4
_:Ne90abdfa52b54774a3aebc59f36c2885	<http://www.w3.org/1999/02/22-rdf-syntax-ns#type>	<http://www.w3.org/2002/07/owl#Restriction>
_:Ne90abdfa52b54774a3aebc59f36c2885	<http://www.w3.org/2002/07/owl#maxQualifiedCardinality>	"1"
_:Ne90abdfa52b54774a3aebc59f36c2885	<http://www.w3.org/2002/07/owl#onClass>	<http://www.semanticweb.org/magma-core/ontologies/hqdm#offer_and_acceptance_for_goods>
_:Ne90abdfa52b54774a3aebc59f36c2885	<http://www.w3.org/2002/07/owl#onProperty>	<http://www.semanticweb.org/magma-core/ontologies/hqdm#part_of>
_:Ne976a40aad624aee8ae47d5881b9bbda	<http://www.w3.org/1999/02/22-rdf-syntax-ns#type>	<http://www.w3.org/2002/07/owl#Restriction>
_:Ne976a40aad624aee8ae47d5881b9bbda	<http://www.w3.org/2002/07/owl#minQualifiedCardinality>	"1"
_:Ne976a40aad624aee8ae47d5881b9bbda	<http://www.w3.org/2002/07/owl#onDataRange>	<http://www.w3.org/2001/XMLSchema#float>
_:Ne976a40aad624aee8ae47d5881b9bbda	<http://www.w3.org/2002/07/owl#onProperty>	<http://www.semanticweb.org/magma-core/ontologies/hqdm#real_value>
_:Nea528eab14d145ca9214598509eb9b61	<http://www.w3.org/1999/02/22-rdf-syntax-ns#type>	<http://www.w3.org/2002/07/owl#Restriction>
_:Nea528eab14d145ca9214598509eb9b61	<http://www.w3.org/2002/07/owl#minQualifiedCardinality>	"1"
_:Nea528eab14d145ca9214598509eb9b61	<http://www.w3.org/2002/07/owl#onClass>	<http://www.semanticweb.org/magma-core/ontologies/hqdm#role>
_:Nea528eab14d145ca9214598509eb9b61	<http://www.w3.org/2002/07/owl#onProperty>	<http://www.semanticweb.org/magma-core/ontologies/hqdm#member_of_kind>
_:Neae6605f413c40b4934de3bf6a650864	<http://www.w3.org/1999/02/22-rdf-syntax-ns#type>	<http://www.w3.org/2002/07/owl#Restriction>
_:Neae6605f413c40b4934de3bf6a650864	<http://www.w3.org/2002/07/owl#minQualifiedCardinality>	"1"
_:Neae6605f413c40b4934de3bf6a650864	<http://www.w3.org/2002/07/owl#onClass>	<http://www.semanticweb.org/magma-core/ontologies/hqdm#kind_of_physical_quantity>
_:Neae6605f413c40b4934de3bf6a650864	<http://www.w3.org/2002/07/owl#onProperty>	<http://www.semanticweb.org/magma-core/ontologies/hqdm#member_of_kind>
_:Nebdbce266282493f9edab992425102bb	<http://www.w3.org/1999/02/22-rdf-syntax-ns#type>	<http://www.w3.org/2002/07/owl#Restriction>
_:Nebdbce266282493f9edab992425102bb	<http://www.w3.org/2002/07/owl#maxQualifiedCardinality>	"1"
_:Nebdbce266282493f9edab992425102bb	<http://www.w3.org/2002/07/owl#onClass>	<http://www.semanticweb.org/magma-core/ontologies/hqdm#period_of_time>
_:Nebdbce266282493f9edab992425102bb	<http://www.w3.org/2002/07/owl#onProperty>	<http://www.semanticweb.org/magma-core/ontologies/hqdm#period_offered>
_:Nec93ed6cb43b4e7fb05696f4b2d62b31	<http://www.w3.org/1999/02/22-rdf-syntax-ns#type>	<http://www.w3.org/2002/07/owl#Restriction>
_:Nec93ed6cb43b4e7fb05696f4b2d62b31	<http://www.w3.org/2002/07/owl#minQualifiedCardinality>	"1"
_:Nec93ed6cb43b4e7fb05696f4b2d62b31	<http://www.w3.org/2002/07/owl#onClass>	<http://www.semanticweb.org/magma-core/ontologies/hqdm#sale_of_goods>
_:Nec93ed6cb43b4e7fb05696f4b2d62b31	<http://www.w3.org/2002/07/owl#onProperty>	<http://www.semanticweb.org/magma-core/ontologies/hqdm#part_of>
_:Necc2d526253f47e4b6a07593aa06a307	<http://www.w3.org/1999/02/22-rdf-syntax-ns#type>	<http://www.w3.org/2002/07/owl#Restriction>
_:Necc2d526253f47e4b6a07593aa06a307	<http://www.w3.org/2002/07/owl#minQualifiedCardinality>	"1"
_:Necc2d526253f47e4b6a07593aa06a307	<http://www.w3.org/2002/07/owl#onClass>	<http://www.semanticweb.org/magma-core/ontologies/hqdm#agree_contract>
_:Necc2d526253f47e4b6a07593aa06a307	<http://www.w3.org/2002/07/owl#onProperty>	<http://www.semanticweb.org/magma-core/ontologies/hqdm#part_of>
_:Nef316cdd7ba744ec827a190ad5a2c38d	<http://www.w3.org/1999/02/22-rdf-syntax-ns#type>	<http://www.w3.org/2002/07/owl#Restriction>
_:Nef316cdd7ba744ec827a190ad5a2c38d	<http://www.w3.org/2002/07/owl#maxQualifiedCardinality>	"1"
_:Nef316cdd7ba744ec827a190ad5a2c38d	<http://www.w3.org/2002/07/owl#onClass>	<http://www.semanticweb.org/magma-core/ontologies/hqdm#employment>
_:Nef316cdd7ba744ec827a190ad5a2c38d	<http://www.w3.org/2002/07/owl#onProperty>	<http://www.semanticweb.org/magma-core/ontologies/hqdm#participant_in>
_:Nef7417ecd5154d82bbe0fb5bb654a937	<http://www.w3.org/1999/02/22-rdf-syntax-ns#type>	<http://www.w3.org/2002/07/owl#Restriction>
_:Nef7417ecd5154d82bbe0fb5bb654a937	<http://www.w3.org/2002/07/owl#minQualifiedCardinality>	"1"
_:Nef7417ecd5154d82bbe0fb5bb654a937	<http://www.w3.org/2002/07/owl#onClass>	<http://www.semanticweb.org/magma-core/ontologies/hqdm#requirement_specification>
_:Nef7417ecd5154d82bbe0fb5bb654a937	<http://www.w3.org/2002/07/owl#onProperty>	<http://www.semanticweb.org/magma-core/ontologies/hqdm#meets_specification>
_:Nef7447cc41894219835ab9d5cab75ad0	<http://www.w3.org/2002/07/owl#inverseOf>	<http://www.semanticweb.org/magma-core/ontologies/hqdm#participant_in>
_:Nf09a29926fd346fbae9acf3f6bce5131	<http://www.w3.org/1999/02/22-rdf-syntax-ns#type>	<http://www.w3.org/2002/07/owl#Restriction>
_:Nf09a29926fd346fbae9acf3f6bce5131	<http://www.w3.org/2002/07/owl#minQualifiedCardinality>	"1"
_:Nf09a29926fd346fbae9acf3f6bce5131	<http://www.w3.org/2002/07/owl#onClass>	<http://www.semanticweb.org/magma-core/ontologies/hqdm#functional_system>
_:Nf09a29926fd346fbae9acf3f6bce5131	<http://www.w3.org/2002/07/owl#onProperty>	<http://www.semanticweb.org/magma-core/ontologies/hqdm#component_of>
_:Nf1a075e7377f4ffc9c38eba4d93ba384	<http://www.w3.org/1999/02/22-rdf-syntax-ns#type>	<http://www.w3.org/2002/07/owl#Restriction>
_:Nf1a075e7377f4ffc9c38eba4d93ba384	<http://www.w3.org/2002/07/owl#minQualifiedCardinality>	"1"
_:Nf1a075e7377f4ffc9c38eba4d93ba384	<http://www.w3.org/2002/07/owl#onClass>	<http://www.semanticweb.org/magma-core/ontologies/hqdm#exchange_of_goods_and_money>
_:Nf1a075e7377f4ffc9c38eba4d93ba384	<http://www.w3.org/2002/07/owl#onProperty>	<http://www.semanticweb.org/magma-core/ontologies/hqdm#references>
_:Nf2610cf245c84f228282ac678056e05b	<http://www.w3.org/1999/02/22-rdf-syntax-ns#type>	<http://www.w3.org/2002/07/owl#Restriction>
_:Nf2610cf245c84f228282ac678056e05b	<http://www.w3.org/2002/07/owl#minQualifiedCardinality>	"0"
_:Nf2610cf245c84f228282ac678056e05b	<http://www.w3.org/2002/07/owl#onClass>	<http://www.semanticweb.org/magma-core/ontologies/hqdm#class_of_spatio_temporal_extent>
_:Nf2610cf245c84f228282ac678056e05b	<http://www.w3.org/2002/07/owl#onProperty>	<http://www.semanticweb.org/magma-core/ontologies/hqdm#consists__of_by_class>
_:Nf2672841d8074c86a84ed3e4333d4001	<http://www.w3.org/1999/02/22-rdf-syntax-ns#type>	<http://www.w3.org/2002/07/owl#Restriction>
_:Nf2672841d8074c86a84ed3e4333d4001	<http://www.w3.org/2002/07/owl#maxQualifiedCardinality>	"1"
_:Nf2672841d8074c86a84ed3e4333d4001	<http://www.w3.org/2002/07/owl#onClass>	<http://www.semanticweb.org/magma-core/ontologies/hqdm#agree_contract>
_:Nf2672841d8074c86a84ed3e4333d4001	<http://www.w3.org/2002/07/owl#onProperty>	<http://www.semanticweb.org/magma-core/ontologies/hqdm#part_of>
_:Nf3b9b374a60c46b38641b0c185210e06	<http://www.w3.org/1999/02/22-rdf-syntax-ns#type>	<http://www.w3.org/2002/07/owl#Axiom>
_:Nf3b9b374a60c46b38641b0c185210e06	<http://www.w3.org/2000/01/rdf-schema#comment>	"This is a substitution for the (RT) consists_of_by_class > value() S[1:0] REAL in the EXPRESS HQDM"
_:Nf3b9b374a60c46b38641b0c185210e06	<http://www.w3.org/2002/07/owl#annotatedProperty>	<http://www.w3.org/2000/01/rdf-schema#subClassOf>
_:Nf3b9b374a60c46b38641b0c185210e06	<http://www.w3.org/2002/07/owl#annotatedSource>	<http://www.semanticweb.org/magma-core/ontologies/hqdm#identification_of_physical_quantity>
_:Nf3b9b374a60c46b38641b0c185210e06	<http://www.w3.org/2002/07/owl#annotatedTarget>	_:Ndce15f2fea6f4d858bd578d1c0a77a5a
_:Nf475bec5670b4cd8a94e249c789ec6ea	<http://www.w3.org/1999/02/22-rdf-syntax-ns#type>	<http://www.w3.org/2002/07/owl#Restriction>
_:Nf475bec5670b4cd8a94e249c789ec6ea	<http://www.w3.org/2002/07/owl#maxQualifiedCardinality>	"1"
_:Nf475bec5670b4cd8a94e249c789ec6ea	<http://www.w3.org/2002/07/owl#onClass>	<http://www.semanticweb.org/magma-core/ontologies/hqdm#functional_system>
_:Nf475bec5670b4cd8a94e249c789ec6ea	<http://www.w3.org/2002/07/owl#onProperty>	<http://www.semanticweb.org/magma-core/ontologies/hqdm#component_of>
_:Nf579195c2a9a4c9882e2f3349f14c083	<http://www.w3.org/1999/02/22-rdf-syntax-ns#type>	<http://www.w3.org/2002/07/owl#Restriction>
_:Nf579195c2a9a4c9882e2f3349f14c083	<http://www.w3.org/2002/07/owl#maxQualifiedCardinality>	"1"
_:Nf579195c2a9a4c9882e2f3349f14c083	<http://www.w3.org/2002/07/owl#onClass>	<http://www.semanticweb.org/magma-core/ontologies/hqdm#asset>
_:Nf579195c2a9a4c9882e2f3349f14c083	<http://www.w3.org/2002/07/owl#onProperty>	<http://www.semanticweb.org/magma-core/ontologies/hqdm#references>
_:Nf58d3b30b1344d599e7bd64fdc279261	<http://www.w3.org/1999/02/22-rdf-syntax-ns#type>	<http://www.w3.org/2002/07/owl#Restriction>
_:Nf58d3b30b1344d599e7bd64fdc279261	<http://www.w3.org/2002/07/owl#minQualifiedCardinality>	"0"
_:Nf58d3b30b1344d599e7bd64fdc279261	<http://www.w3.org/2002/07/owl#onClass>	<http://www.semanticweb.org/magma-core/ontologies/hqdm#kind_of_socially_constructed_object>
_:Nf58d3b30b1344d599e7bd64fdc279261	<http://www.w3.org/2002/07/owl#onProperty>	<http://www.semanticweb.org/magma-core/ontologies/hqdm#member_of_kind>
_:Nf5ca083f62684aec8454a6336da4e670	<http://www.w3.org/1999/02/22-rdf-syntax-ns#type>	<http://www.w3.org/2002/07/owl#Restriction>
_:Nf5ca083f62684aec8454a6336da4e670	<http://www.w3.org/2002/07/owl#minQualifiedCardinality>	"0"
_:Nf5ca083f62684aec8454a6336da4e670	<http://www.w3.org/2002/07/owl#onClass>	<http://www.semanticweb.org/magma-core/ontologies/hqdm#language_community>
_:Nf5ca083f62684aec8454a6336da4e670	<http://www.w3.org/2002/07/owl#onProperty>	<http://www.semanticweb.org/magma-core/ontologies/hqdm#temporal_part_of>
_:Nf61801013f6d46b0b8623f7357e6d69c	<http://www.w3.org/1999/02/22-rdf-syntax-ns#type>	<http://www.w3.org/2002/07/owl#Restriction>
_:Nf61801013f6d46b0b8623f7357e6d69c	<http://www.w3.org/2002/07/owl#maxQualifiedCardinality>	"1"
_:Nf61801013f6d46b0b8623f7357e6d69c	<http://www.w3.org/2002/07/owl#onClass>	<http://www.semanticweb.org/magma-core/ontologies/hqdm#class>
_:Nf61801013f6d46b0b8623f7357e6d69c	<http://www.w3.org/2002/07/owl#onProperty>	<http://www.semanticweb.org/magma-core/ontologies/hqdm#superclass>
_:Nf73ae46d3ac64a199ac89e6e7647850f	<http://www.w3.org/1999/02/22-rdf-syntax-ns#type>	<http://www.w3.org/2002/07/owl#Restriction>
_:Nf73ae46d3ac64a199ac89e6e7647850f	<http://www.w3.org/2002/07/owl#minQualifiedCardinality>	"0"
_:Nf73ae46d3ac64a199ac89e6e7647850f	<http://www.w3.org/2002/07/owl#onClass>	<http://www.semanticweb.org/magma-core/ontologies/hqdm#association>
_:Nf73ae46d3ac64a199ac89e6e7647850f	<http://www.w3.org/2002/07/owl#onProperty>	<http://www.semanticweb.org/magma-core/ontologies/hqdm#participant_in>
_:Nf7a7d67df02e40bca06fefa0d2192a3d	<http://www.w3.org/1999/02/22-rdf-syntax-ns#type>	<http://www.w3.org/2002/07/owl#Restriction>
_:Nf7a7d67df02e40bca06fefa0d2192a3d	<http://www.w3.org/2002/07/owl#maxQualifiedCardinality>	"1"
_:Nf7a7d67df02e40bca06fefa0d2192a3d	<http://www.w3.org/2002/07/owl#onClass>	<http://www.semanticweb.org/magma-core/ontologies/hqdm#role>
_:Nf7a7d67df02e40bca06fefa0d2192a3d	<http://www.w3.org/2002/07/owl#onProperty>	<http://www.semanticweb.org/magma-core/ontologies/hqdm#natural_role>
_:Nf84bb4ca564d4587a4eed7434a499aa7	<http://www.w3.org/1999/02/22-rdf-syntax-ns#type>	<http://www.w3.org/2002/07/owl#Restriction>
_:Nf84bb4ca564d4587a4eed7434a499aa7	<http://www.w3.org/2002/07/owl#minQualifiedCardinality>	"0"
_:Nf84bb4ca564d4587a4eed7434a499aa7	<http://www.w3.org/2002/07/owl#onClass>	<http://www.semanticweb.org/magma-core/ontologies/hqdm#class_of_ordinary_biological_object>
_:Nf84bb4ca564d4587a4eed7434a499aa7	<http://www.w3.org/2002/07/owl#onProperty>	<http://www.semanticweb.org/magma-core/ontologies/hqdm#member_of>
_:Nf9cc8556e3e145db972a9c6c3325ff11	<http://www.w3.org/1999/02/22-rdf-syntax-ns#type>	<http://www.w3.org/2002/07/owl#Restriction>
_:Nf9cc8556e3e145db972a9c6c3325ff11	<http://www.w3.org/2002/07/owl#minQualifiedCardinality>	"0"
_:Nf9cc8556e3e145db972a9c6c3325ff11	<http://www.w3.org/2002/07/owl#onClass>	<http://www.semanticweb.org/magma-core/ontologies/hqdm#participant>
_:Nf9cc8556e3e145db972a9c6c3325ff11	<http://www.w3.org/2002/07/owl#onProperty>	<http://www.semanticweb.org/magma-core/ontologies/hqdm#consists_of_participant>
_:Nfa09257e49954228bcc5e058783989f6	<http://www.w3.org/1999/02/22-rdf-syntax-ns#type>	<http://www.w3.org/2002/07/owl#Restriction>
_:Nfa09257e49954228bcc5e058783989f6	<http://www.w3.org/2002/07/owl#minQualifiedCardinality>	"1"
_:Nfa09257e49954228bcc5e058783989f6	<http://www.w3.org/2002/07/owl#onClass>	<http://www.semanticweb.org/magma-core/ontologies/hqdm#kind_of_physical_property>
_:Nfa09257e49954228bcc5e058783989f6	<http://www.w3.org/2002/07/owl#onProperty>	<http://www.semanticweb.org/magma-core/ontologies/hqdm#member_of_kind>
_:Nfb2d9ada7b7c4a3fa17aeadefbf9ccc8	<http://www.w3.org/1999/02/22-rdf-syntax-ns#type>	<http://www.w3.org/2002/07/owl#Restriction>
_:Nfb2d9ada7b7c4a3fa17aeadefbf9ccc8	<http://www.w3.org/2002/07/owl#minCardinality>	"1"
_:Nfb2d9ada7b7c4a3fa17aeadefbf9ccc8	<http://www.w3.org/2002/07/owl#onProperty>	<http://www.semanticweb.org/magma-core/ontologies/hqdm#data_uniqueID>
_:Nfe9f15faca7d47c69cf0e66a293a4d59	<http://www.w3.org/1999/02/22-rdf-syntax-ns#type>	<http://www.w3.org/2002/07/owl#Restriction>
_:Nfe9f15faca7d47c69cf0e66a293a4d59	<http://www.w3.org/2002/07/owl#minQualifiedCardinality>	"0"
_:Nfe9f15faca7d47c69cf0e66a293a4d59	<http://www.w3.org/2002/07/owl#onClass>	<http://www.semanticweb.org/magma-core/ontologies/hqdm#functional_system>
_:Nfe9f15faca7d47c69cf0e66a293a4d59	<http://www.w3.org/2002/07/owl#onProperty>	<http://www.semanticweb.org/magma-core/ontologies/hqdm#temporal_part_of>
_:Nfea98a3d111f49ae85750eade349b6fc	<http://www.w3.org/1999/02/22-rdf-syntax-ns#type>	<http://www.w3.org/2002/07/owl#Restriction>
_:Nfea98a3d111f49ae85750eade349b6fc	<http://www.w3.org/2002/07/owl#minQualifiedCardinality>	"1"
_:Nfea98a3d111f49ae85750eade349b6fc	<http://www.w3.org/2002/07/owl#onClass>	<http://www.semanticweb.org/magma-core/ontologies/hqdm#beginning_of_ownership>
_:Nfea98a3d111f49ae85750eade349b6fc	<http://www.w3.org/2002/07/owl#onProperty>	<http://www.semanticweb.org/magma-core/ontologies/hqdm#beginning>
_:Nff0c23d9cdcd40dda8f54f4eb029451f	<http://www.w3.org/1999/02/22-rdf-syntax-ns#type>	<http://www.w3.org/2002/07/owl#Restriction>
_:Nff0c23d9cdcd40dda8f54f4eb029451f	<http://www.w3.org/2002/07/owl#minQualifiedCardinality>	"0"
_:Nff0c23d9cdcd40dda8f54f4eb029451f	<http://www.w3.org/2002/07/owl#onClass>	<http://www.semanticweb.org/magma-core/ontologies/hqdm#class_of_functional_object>
_:Nff0c23d9cdcd40dda8f54f4eb029451f	<http://www.w3.org/2002/07/owl#onProperty>	<http://www.semanticweb.org/magma-core/ontologies/hqdm#member_of>
_:Nff3b430be294415aa1bbb753d8e675ca	<http://www.w3.org/1999/02/22-rdf-syntax-ns#type>	<http://www.w3.org/2002/07/owl#Restriction>
_:Nff3b430be294415aa1bbb753d8e675ca	<http://www.w3.org/2002/07/owl#maxQualifiedCardinality>	"1"
_:Nff3b430be294415aa1bbb753d8e675ca	<http://www.w3.org/2002/07/owl#onClass>	<http://www.semanticweb.org/magma-core/ontologies/hqdm#agree_contract>
_:Nff3b430be294415aa1bbb753d8e675ca	<http://www.w3.org/2002/07/owl#onProperty>	<http://www.semanticweb.org/magma-core/ontologies/hqdm#consists_of>
